name,description,productImageUrl,collection,sku,price,Mod de utilizare,Ingrediente,Precauţii,Informații despre producător,brand
"Scottish Fine Soaps, Sea Kelp Balsam pentru picioare, 75ml","Răsfață-ți picioarele obosite cu un balsam hidratant pentru îngrijire picioare. Infuzat cu mentol, eucalipt și extract de alge marine, acest tratament răcește, revitalizează și catifelează pielea uscată.",7888ab_9aeb358cf87243afb735a72b439b634c~mv2.jpg,Hidratare;Sea Kelp;Baie & Corp;Îngrijire Corp;Îngrijire Picioare;Scottish Fine Soaps,5016365100281,33,Masați o cantitate mică din acest balsam hrănitor pe picioare până la absorbția completă.,"Aqua (Water), Caprylic/Capric Triglyceride, Cetearyl Alcohol, Prunus Amygdalus Dulcis (Sweet Almond) Oil, Olea Europaea (Olive) Oil, Parfum (Fragrance), Phenoxyethanol, Glyceryl Stearate, Theobroma Cacoa (Cocoa) Seed Butter, PEG-20 Stearate, Carbomer, Eucalyptus Globulus Leaf Oil, Aminomethyl Propanol, Menthol, Ethylhexylglycerin, Glycerin, Cucumber Sativus Juice, Fucus Vesiculosus Extract, Laminaria Digitata Extract, Potassium Sorbate, Eucalyptus Leaf Oil, Linalool, Limonene, Hexamethylindanopyran, Benzyl Salicylate, Acetyl Cedrene, Hydroxycitronellal, Citronellol, Alpha-Pinene, Eugenol, Isoeugenol Acetate, Tetramethylacetyloctahydronaphthalenes, Alpha-Isomethyl Ionone, Geraniol, Amyl Cinnamal, Rose Ketones, Terpineol, Alpha-Terpinene, Terpinolene",Nu ţineţi la îndemâna copiilor. Împotriva testării pe animale. Evitaţi contactul cu ochii. În caz de contact clătiți abundent cu apă. Nu este comestibil.,"Informatii privind identificarea producatorului, inclusiv datele de contact ale acestuia. Denumirea companiei: Scottish Fine Soaps Adresa Sediului: North Main Street, Carronshore, Falkirk, FK28HT Adresa email: sales@scottishfinesoaps.com",Scottish Fine Soaps
"Scottish Fine Soaps, Sea Kelp Exfoliant pentru picioare, 75ml","Descoperă un exfoliant purifiant pentru îngrijire picioare îmbogățit cu mentă și alge marine. Piatra ponce îndepărtează delicat pielea moartă, lăsând picioarele fine, revitalizate și perfect catifelate.",bb49d0_aee683ec3b374cfca6c37a40176f8c28~mv2.jpg,Exfoliant pentru corp;Sea Kelp;Baie & Corp;Îngrijire Corp;Îngrijire Picioare;Scottish Fine Soaps,5016365100298,33,"Masați cu mișcări circulare pe picioarele umede, apoi clătiți cu apă caldă pentru a lăsa pielea fină și revigorată.","Aqua (Water), Glycerin, Pumice, Juglans Regia (Walnut) Shell Powder, Methyl Gluceth-20, Phenoxyethanol, Xanthan Gum, Carbomer, Mentha Piperta (Peppermint) Oil, Eucalyptus Globulus Leaf Oil, Citrus Limon (Lemon) Peel Oil, Ethylhexylglycerin, Cucumber Sativus Juice, Fucus Vesiculosus Extract, Laminaria Digitata Extract, Potassium Sorbate, Limonene, Eucalyptus Leaf Oil, Alpha-Pinene, Beta-Pinene, Alpha-Terpinene, Citral",Nu ţineţi la îndemâna copiilor. Împotriva testării pe animale. Evitaţi contactul cu ochii. În caz de contact clătiți abundent cu apă. Nu este comestibil.,"Informatii privind identificarea producatorului, inclusiv datele de contact ale acestuia. Denumirea companiei: Scottish Fine Soaps Adresa Sediului: North Main Street, Carronshore, Falkirk, FK28HT Adresa email: sales@scottishfinesoaps.com",Scottish Fine Soaps
"Scottish Fine Soaps, Sea Kelp Gel de dus, 300ml","Alege un gel de duș revigorant infuzat cu extracte hrănitoare de alge și kelp. Formulă cu exfoliere naturală ce lasă pielea curată, împrospătată și învăluită într-un parfum de briză marină.",bb49d0_817c718af6c44b49a92df43384e3b128~mv2.jpg,Baie;Gel de duș;Sea Kelp;Baie & Corp;Scottish Fine Soaps,5016365101448,78,"Spumați din abundență pe pielea umedă, apoi clătiți cu apă caldă, pentru a lăsa pielea curată și revigorată.","Aqua (Water), Sodium Laureth Sulfate, Sodium Chloride, Parfum (Fragrance), Lactic Acid, Cocamidopropyl Betaine, Sodium Benzoate, Tetrasodium Glutamate Diacetate, Glycerin, Potassium Sorbate, Propylene Glycol, PEG-120 Methyl Glucose Trioleate, Fucus Vesiculosus Extract, Laminaria Digitata Extract, Hexamethylindanopyran, Benzyl Salicylate, Acetyl Cedrene, Hydroxycitronellal, Linalool, Citronellol, CI 42090 (Blue No.1), CI 19140 (Yellow No 5)",Nu ţineţi la îndemâna copiilor. Împotriva testării pe animale. Evitaţi contactul cu ochii. În caz de contact clătiți abundent cu apă. Nu este comestibil.,"Informatii privind identificarea producatorului, inclusiv datele de contact ale acestuia. Denumirea companiei: Scottish Fine Soaps Adresa Sediului: North Main Street, Carronshore, Falkirk, FK28HT Adresa email: sales@scottishfinesoaps.com",Scottish Fine Soaps
"Scottish Fine Soaps, Au Lait Sapun lichid, 300ml",Curăță delicat cu un săpun lichid hidratant bazat pe ovăz scoțian și lapte de mușețel. Pantenolul protejează mâinile și asigură o hidratare optimă pentru o catifelare radiantă în fiecare zi.,bb49d0_5a0c2a8ae8934ff780dc666837967762~mv2.jpg,Săpun de mâini;Baie;Au Lait;Baie & Corp;Scottish Fine Soaps,5016365100410,78,"Aplicați o cantitate mică pe mâinile umede folosind pompița. Spumați, apoi clătiți pentru a vă lăsa mâinile curate și reîmprospătate.","Aqua (Water), Sodium Laureth Sulfate, Sodium Chloride, Parfum (Fragrance), Glycol Distearate, Cocamidopropyl Betaine, Cocamide MEA, Glycerin, Sodium Benzoate, Tetrasodium Glutamate Diacetate, Laureth-10, Panthenol (Vitamin B5), Potassium Sorbate, Avena Sativa (Oat) Seed Extract, Chamomilla Recutita (Matricaria) Flower Extract, Hexamethylindanopyran, Alpha-Isomethyl Ionone, Tetramethylacetyloctahydronaphthalenes, Coumarin",Nu ţineţi la îndemâna copiilor. Împotriva testării pe animale. Evitaţi contactul cu ochii. În caz de contact clătiți abundent cu apă. Nu este comestibil.,"Informatii privind identificarea producatorului, inclusiv datele de contact ale acestuia. Denumirea companiei: Scottish Fine Soaps Adresa Sediului: North Main Street, Carronshore, Falkirk, FK28HT Adresa email: sales@scottishfinesoaps.com",Scottish Fine Soaps
"Scottish Fine Soaps, Au Lait Gel de dus, 75ml","Relaxează-te cu un gel de duș cremos ce folosește calitățile purificatoare ale ovăzului și laptelui de mușețel. Acidul lactic exfoliază natural, lăsând pielea incredibil de moale și calmată.",bb49d0_e0ba1449bf8142e1a7d7d0e751474a11~mv2.jpg,Baie;Gel de duș;Au Lait;Baie & Corp;Scottish Fine Soaps,5016365100502,33,"Spumați din abundență pe pielea umedă, apoi clătiți cu apă caldă, pentru a lăsa pielea curată și revigorată.","Aqua (Water), Sodium Laureth Sulfate, Sodium Chloride, Lactic Acid, Parfum (Fragrance), Glycol Distearate, Cocamidopropyl Betaine, Cocamide MEA, Glycerin, Sodium Benzoate, Tetrasodium Glutamate Diacetate, Laureth-10, Potassium Sorbate, Avena Sativa (Oat) Seed Extract, Chamomilla Recutita (Matricaria) Flower Extract, Hexamethylindanopyran, Alpha-Isomethyl Ionone, Tetramethylacetyloctahydronaphthalenes, Coumarin",Nu ţineţi la îndemâna copiilor. Împotriva testării pe animale. Evitaţi contactul cu ochii. În caz de contact clătiți abundent cu apă. Nu este comestibil.,"Informatii privind identificarea producatorului, inclusiv datele de contact ale acestuia. Denumirea companiei: Scottish Fine Soaps Adresa Sediului: North Main Street, Carronshore, Falkirk, FK28HT Adresa email: sales@scottishfinesoaps.com",Scottish Fine Soaps
"Scottish Fine Soaps, Thistle & Black Pepper Sapun solid, 220g","Îngrijește-ți pielea cu un săpun solid bărbați triplu măcinat. Bogat în glicerină, acesta hidratează intens, catifelează și oferă un parfum masculin rafinat și persistent.",bb49d0_9058a2d1d16b4e30a1c3f6f139c4b6b1~mv2.jpg,Baie;Săpun;Thistle & Pepper;MEN;Baie & Corp;Scottish Fine Soaps,5016365100526,54,"Spumați pe pielea umedă pentru a o curăța delicat, apoi clătiți din abundență cu apă caldă.","Sodium Palmate, Sodium Palm Kernelate , Aqua (Water), Glycerin, Parfum (Fragrance), Titanium Dioxide, Tetrasodium Etidronate, Tetrasodium EDTA, Sodium Gluconate, Silybum Marianum (Milk Thistle) Extract, Tetramethylacetyloctahydroaphthalenes, Coumarin, Citronellol, Linalyl Acetate, Lavandula Oil/Extract",Nu ţineţi la îndemâna copiilor. Împotriva testării pe animale. Evitaţi contactul cu ochii. În caz de contact clătiți abundent cu apă. Nu este comestibil.,"Informatii privind identificarea producatorului, inclusiv datele de contact ale acestuia. Denumirea companiei: Scottish Fine Soaps Adresa Sediului: North Main Street, Carronshore, Falkirk, FK28HT Adresa email: sales@scottishfinesoaps.com",Scottish Fine Soaps
"Scottish Fine Soaps, Thistle & Black Pepper Apa de toaleta, 100ml","Descoperă o apă de toaletă bărbați 100ml cu un parfum masculin emblematic. Combină note vibrante de piper negru, condimente, whisky, mosc și ambră pentru o persistență elegantă.",bb49d0_e2f1bee7df9f45409f41678f61eb9634~mv2.jpg,Parfum & Deodorant;Thistle & Pepper;Fine Fragrance Collection;MEN;Baie & Corp;Scottish Fine Soaps,5016365100533,199,Apăsați pe pompiță pentru a pulveriza parfumul.,"Alcohol denatured, Aqua (Water), Parfum (Fragrance), Tetramethylacetyloctahydroaphthalenes, Coumarin, Citronellol, Linalyl Acetate, Lavandula Oil/Extract, Linalool, Citral, Pelargonium Graveolens Flower Oil, Camphor, Limonene, Beta-Caryophyllene, Rose Ketones, Geraniol, Terpineol",Nu ţineţi la îndemâna copiilor. Împotriva testării pe animale. Evitaţi contactul cu ochii. În caz de contact clătiți abundent cu apă. Nu este comestibil.,"Informatii privind identificarea producatorului, inclusiv datele de contact ale acestuia. Denumirea companiei: Scottish Fine Soaps Adresa Sediului: North Main Street, Carronshore, Falkirk, FK28HT Adresa email: sales@scottishfinesoaps.com",Scottish Fine Soaps
"Scottish Fine Soaps, Thistle & Black Pepper Apa de toaleta, 50ml","Alege o apă de toaletă bărbați 50ml cu un caracter masculin puternic. Aroma lemnoasă inconfundabilă, piperul negru și ambra îți impregnează pielea cu spiritul sălbatic al Scoției.",bb49d0_438918f8260040bc80a3dda702bc7573~mv2.jpg,Parfum & Deodorant;Thistle & Pepper;Fine Fragrance Collection;MEN;Baie & Corp;Scottish Fine Soaps,5016365100540,135,Apăsați pe pompiță pentru a pulveriza parfumul.,"Alcohol denatured, Aqua (Water), Parfum (Fragrance), Tetramethylacetyloctahydroaphthalenes, Coumarin, Citronellol, Linalyl Acetate, Lavandula Oil/Extract, Linalool, Citral, Pelargonium Graveolens Flower Oil, Camphor, Limonene, Beta-Caryophyllene, Rose Ketones, Geraniol, Terpineol",Nu ţineţi la îndemâna copiilor. Împotriva testării pe animale. Evitaţi contactul cu ochii. În caz de contact clătiți abundent cu apă. Nu este comestibil.,"Informatii privind identificarea producatorului, inclusiv datele de contact ale acestuia. Denumirea companiei: Scottish Fine Soaps Adresa Sediului: North Main Street, Carronshore, Falkirk, FK28HT Adresa email: sales@scottishfinesoaps.com",Scottish Fine Soaps
"Scottish Fine Soaps, Thistle & Black Pepper Gel de dus si sampon, 200ml","Curăță eficient părul și corpul cu un gel de duș și șampon bărbați revitalizant. Conține extract purificator de armurariu și pantenol hidratant, lăsând un parfum cald, lemnos și piperat.",bb49d0_491fdaacf97e41d2b94b088dd047711a~mv2.jpg,Ingrijire Par MEN;Baie;Gel de duș;Thistle & Pepper;MEN;Men Face & Body;Baie & Corp;Scottish Fine Soaps,5016365100571,68,"Spumați din abundență pe pielea și părul umed, apoi clătiți cu apă caldă.","Aqua (Water), Sodium Laureth Sulfate, Sodium Chloride, Cocoamidopropyl Betaine, Citric Acid, Sodium Benzoate, Tetrasodium Glutamate Diacetate, Parfum (Fragrance), Potassium Sorbate, Panthenol (Vitamin B5), Propylene Glycol, PEG-120 Methyl Glucose Trioleate, Glycerin, Silybum Marianum (Milk Thistle) Extract, Tetramethylacetyloctahydroaphthalenes, Coumarin, Citronellol, Linalyl Acetate, Lavandula Oil/Extract, CI 19140 (Yellow No.5), CI 14700 (Red No.4), CI 42090 (Blue No.1)",Nu ţineţi la îndemâna copiilor. Împotriva testării pe animale. Evitaţi contactul cu ochii. În caz de contact clătiți abundent cu apă. Nu este comestibil.,"Informatii privind identificarea producatorului, inclusiv datele de contact ale acestuia. Denumirea companiei: Scottish Fine Soaps Adresa Sediului: North Main Street, Carronshore, Falkirk, FK28HT Adresa email: sales@scottishfinesoaps.com",Scottish Fine Soaps
"Scottish Fine Soaps, Thistle & Black Pepper Sampon, 300ml","Fortifică firul de păr cu acest șampon bărbați formulat cu extract de hamei și magneziu. Curăță delicat scalpul, stimulează creșterea și strălucirea, oferind un parfum masculin fin.",bb49d0_c3e179b2f7424fe2a2df0bdd6f043f72~mv2.jpg,Ingrijire Par MEN;Baie;Thistle & Pepper;MEN;Baie & Corp;Scottish Fine Soaps,5016365100588,92,"Masați o cantitate generoasă de șampon pe părul umed, apoi clătiți din abundență.","Aqua (Water), Sodium Laureth Sulfate, Sodium Chloride, Glycerin, Parfum (Fragrance), Citric Acid, Cocamidopropyl Betaine, Sodium Benzoate, Magnesium PCA, Potassium Sorbate, Panthenol (Vitamin B5), Propylene Glycol, Tetrasodium Glutamate Diacetate, PEG-120 Methyl Glucose Trioleate, Avena Sativa (Oat) Seed Extract, Humulus Lupulus (Hops) Extract, Silybum Marianum (Milk Thistle) Extract, Tetramethylacetyloctahydroaphthalenes",Nu ţineţi la îndemâna copiilor. Împotriva testării pe animale. Evitaţi contactul cu ochii. În caz de contact clătiți abundent cu apă. Nu este comestibil.,"Informatii privind identificarea producatorului, inclusiv datele de contact ale acestuia. Denumirea companiei: Scottish Fine Soaps Adresa Sediului: North Main Street, Carronshore, Falkirk, FK28HT Adresa email: sales@scottishfinesoaps.com",Scottish Fine Soaps
"Scottish Fine Soaps, Thistle & Black Pepper Sare de baie, 500g","Detensionează-ți mușchii obosiți cu o sare de baie relaxantă pe bază de săruri Epsom. Magneziul adăugat revigorează corpul, oferind o experiență de baie calmată și parfumată.",7888ab_73b0031265e14beaa6547ff113562d02~mv2.jpg,Sare de baie;Baie;Thistle & Pepper;MEN;Baie & Corp;Scottish Fine Soaps,5016365100595,125,Presărați o cantitate generoasă sub jetul de apă caldă și agitați pentru a crea o experiență de baie relaxantă și hrănitoare.,"Magnesium Sulfate (Epsom Salts), Magnesium Carbonate Hydroxide, Parfum (Fragrance), Aqua (Water), Glycerin, Silybum Marianum (Milk Thistle) Extract, Sodium Benzoate, Potassium Sorbate",Nu ţineţi la îndemâna copiilor. Împotriva testării pe animale. Evitaţi contactul cu ochii. În caz de contact clătiți abundent cu apă. Nu este comestibil.,"Informatii privind identificarea producatorului, inclusiv datele de contact ale acestuia. Denumirea companiei: Scottish Fine Soaps Adresa Sediului: North Main Street, Carronshore, Falkirk, FK28HT Adresa email: sales@scottishfinesoaps.com",Scottish Fine Soaps
"Scottish Fine Soaps, Thistle & Black Pepper Set sapun de ras cu bol",Transformă-ți rutina cu un set săpun de ras clasic prezentat într-un bol ceramic. Spuma bogată cu extract de armurariu și șofrănel hidratează pielea și înmoaie barba pentru un bărbierit neted.,7888ab_0eefab62f9ab4c60b5ffeab1ee085dcd~mv2.png,Thistle & Pepper;Seturi;MEN;Baie & Corp;Seturi MEN;Bărbierit;Scottish Fine Soaps,5016365100601,168,"Formați o spumă bogată și cremoasă, ideal cu un pămătuf de ras de bună calitate, pentru a permite un bărbierit mai precis și mai fin.","Sodium Palmate, Potassium Stearate, Sodium Stearate, Aqua (Water), Sodium Palm Kernelate , Sodium Laurate, Potassium Laurate, Glycerin, Parfum (Fragrance), Palm Kernel Acid, Titanium Dioxide, Potassium Palm Kernelate, Cathamus Tinctorius (Safflower) Oil, Tetrasodium Etidronate, Sodium Gluconate, Tetrasodium EDTA, Tetrasodium Iminodisuccinate, Silybum Marianum (Milk Thistle) Extract, Tetramethylacetyloctahydroaphthalenes, Coumarin, Citronellol, Linalyl Acetate, Lavandula Oil/Extract",Nu ţineţi la îndemâna copiilor. Împotriva testării pe animale. Evitaţi contactul cu ochii. În caz de contact clătiți abundent cu apă. Nu este comestibil.,"Informatii privind identificarea producatorului, inclusiv datele de contact ale acestuia. Denumirea companiei: Scottish Fine Soaps Adresa Sediului: North Main Street, Carronshore, Falkirk, FK28HT Adresa email: sales@scottishfinesoaps.com",Scottish Fine Soaps
"Scottish Fine Soaps, Thistle & Black Pepper Rezerva sapun de ras, 100g",Asigură un bărbierit perfect cu o rezervă săpun de ras bărbați infuzată cu ulei de șofrănel. Formula sa spumantă protejează pielea sensibilă și înmoaie delicat firul de păr facial.,7888ab_f70bf75f81d74905b893844787099850~mv2.png,Thistle & Pepper;MEN;Baie & Corp;Bărbierit;Scottish Fine Soaps,5016365100618,68,"Formați o spumă bogată și cremoasă, ideal cu un pămătuf de ras de bună calitate, pentru a permite un bărbierit mai precis și mai fin.","Sodium Palmate, Potassium Stearate, Sodium Stearate, Aqua (Water), Sodium Palm Kernelate , Sodium Laurate, Potassium Laurate, Glycerin, Parfum (Fragrance), Palm Kernel Acid, Titanium Dioxide, Potassium Palm Kernelate, Cathamus Tinctorius (Safflower) Oil, Tetrasodium Etidronate, Sodium Gluconate, Tetrasodium EDTA, Tetrasodium Iminodisuccinate, Silybum Marianum (Milk Thistle) Extract, Tetramethylacetyloctahydroaphthalenes, Coumarin, Citronellol, Linalyl Acetate, Lavandula Oil/Extract",Nu ţineţi la îndemâna copiilor. Împotriva testării pe animale. Evitaţi contactul cu ochii. În caz de contact clătiți abundent cu apă. Nu este comestibil.,"Informatii privind identificarea producatorului, inclusiv datele de contact ale acestuia. Denumirea companiei: Scottish Fine Soaps Adresa Sediului: North Main Street, Carronshore, Falkirk, FK28HT Adresa email: sales@scottishfinesoaps.com",Scottish Fine Soaps
"Scottish Fine Soaps, Thistle & Black Pepper Gel de ras, 150ml","Previne iritațiile și roșeața cu un gel de ras bărbați nespumant. Aloe vera, vitamina E și armurariul scoțian calmează pielea, o hidratează profund și asigură un bărbierit extrem de confortabil.",bb49d0_6eec7b0a77a44a19b19c1978b7b2a73f~mv2.jpg,Thistle & Pepper;MEN;Baie & Corp;Bărbierit;Scottish Fine Soaps,5016365100625,68,Masați gelul pe pielea umedă și bărbieriți-vă. Clătiți din abundență și uscați pielea prin tamponare.,"Aqua (Water), Glycerin, Sodium Laureth Sulfate, Methyl Gluceth-20, Carbomer, Aloe Barbadensis (Aloe Vera) Leaf Juice, Cocoamidopropyl Betaine, Sodium Hydroxide, Parfum (Fragrance), Tocopheryl Acetate (Vitamin E), Sodium PCA, Magnesium Nitrate , Citric Acid, Potassium Sorbate, Silybum Marianum (Milk Thistle) Extract, Methylchloroisothiazolinone, Magnesium Chloride, Sodium Benzoate, Methylisothiazolinone, Tetramethylacetyloctahydroaphthalenes, CI 19140 (Yellow No.5), CI 17200 (Red No.33)",Nu ţineţi la îndemâna copiilor. Împotriva testării pe animale. Evitaţi contactul cu ochii. În caz de contact clătiți abundent cu apă. Nu este comestibil.,"Informatii privind identificarea producatorului, inclusiv datele de contact ale acestuia. Denumirea companiei: Scottish Fine Soaps Adresa Sediului: North Main Street, Carronshore, Falkirk, FK28HT Adresa email: sales@scottishfinesoaps.com",Scottish Fine Soaps
"Scottish Fine Soaps, Thistle & Black Pepper Sapun pentru fata si barba, 100g","Curăță tenul eficient cu un săpun curățare față și barbă îmbogățit cu ulei de jojoba. Înmoaie părul facial și lasă pielea purificată, cu un parfum masculin de piper negru și lemn de santal.",7888ab_70eddc66739c4c0fbbc9771dfeb54e69~mv2.png,Săpun;Thistle & Pepper;Ingrijire Față;Ingrijire Barbă;MEN;Men Face & Body;Baie & Corp;Scottish Fine Soaps,5016365100632,59,"Spumați cu apă caldă pe față și barbă, apoi clătiți. Bogat în uleiuri naturale, acest săpun este suficient de delicat pentru utilizarea zilnică.","Sodium Palmate, Sodium Palm Kernelate , Aqua (Water), Glycerin, Parfum (Fragrance), Titanium Dioxide, Cathamus Tinctorius (Safflower) Oil, Simmondsia Chinensis (Jojoba) Seed Oil, Tetrasodium Etidronate, Tetrasodium EDTA, Sodium Gluconate, Silybum Marianum (Milk Thistle) Extract, Tetramethylacetyloctahydroaphthalenes, Coumarin, Citronellol, Linalyl Acetate, Lavandula Oil/Extract",Nu ţineţi la îndemâna copiilor. Împotriva testării pe animale. Evitaţi contactul cu ochii. În caz de contact clătiți abundent cu apă. Nu este comestibil.,"Informatii privind identificarea producatorului, inclusiv datele de contact ale acestuia. Denumirea companiei: Scottish Fine Soaps Adresa Sediului: North Main Street, Carronshore, Falkirk, FK28HT Adresa email: sales@scottishfinesoaps.com",Scottish Fine Soaps
"Scottish Fine Soaps, Thistle & Black Pepper Sampon solid, 100g","Revitalizează-ți scalpul cu un șampon solid bărbați ce oferă o curățare profundă. Extractul de ovăz fortifică părul, în timp ce notele de ambră, citrice și piper negru te energizează.",7888ab_79455b616d7e44279d0ddf6f7f6bde40~mv2.png,Ingrijire Par MEN;Baie;Thistle & Pepper;MEN;Baie & Corp;Scottish Fine Soaps,5016365100670,39,"Spumați cu apă caldă și aplicați din abundență pe părul umed. Masați ușor părul și scalpul pentru curățare, apoi clătiți din abundență.","Sodium Palmate, Sodium Palm Kernelate , Aqua (Water), Glycerin, Parfum (Fragrance), Cathamus Tinctorius (Safflower) Oil, Sodium PCA, Magnesium PCA, Tetrasodium Etidronate, Tetrasodium EDTA, Sodium Gluconate, Avena Sativa (Oat) Seed Extract, Silybum Marianum (Milk Thistle) Extract, Tetramethylacetyloctahydroaphthalenes, Coumarin, Citronellol, Linalyl Acetate, Lavandula Oil/Extract",Nu ţineţi la îndemâna copiilor. Împotriva testării pe animale. Evitaţi contactul cu ochii. În caz de contact clătiți abundent cu apă. Nu este comestibil.,"Informatii privind identificarea producatorului, inclusiv datele de contact ale acestuia. Denumirea companiei: Scottish Fine Soaps Adresa Sediului: North Main Street, Carronshore, Falkirk, FK28HT Adresa email: sales@scottishfinesoaps.com",Scottish Fine Soaps
"Scottish Fine Soaps, Thistle & Black Pepper Crema de maini, 100ml","Hrănește-ți pielea cu o cremă de mâini bărbați ideală pentru mâinile intens solicitate. Untul de shea (10%), untul de cacao și extractul de armurariu lasă mâinile protejate și catifelate.",7888ab_4da8ad1095ec4e8c8f71286703c7567b~mv2.jpg,Thistle & Pepper;Cremă de mâini;MEN;Baie & Corp;Scottish Fine Soaps,5016365100687,45,"Masați pe mâinile curate până la absorbția completă, repetând la nevoie.","Aqua (Water), Butyrospermum Parkii (Shea) Butter, Prunus Amygdalus Dulcis (Sweet Almond) Oil, Cetearyl Alcohol, Olea Europaea (Olive) Fruit Oil, Parfum (Fragrance), Phenoxyethanol, Ethylhexylglycerin, Theobroma Cacao (Cocoa) Seed Butter, Glyceryl Stearate, PEG-20 Stearate, Carbomer, Aminomethyl Propanol, Glycerin, Silybum Marianum (Milk Thistle) Extract, Tetramethylacetyloctahydroaphthalenes, Coumarin, Citronellol, Linalyl Acetate, Lavandula Oil/Extract, Linalool, Citral, Pelargonium Graveolens Flower Oil",Nu ţineţi la îndemâna copiilor. Împotriva testării pe animale. Evitaţi contactul cu ochii. În caz de contact clătiți abundent cu apă. Nu este comestibil.,"Informatii privind identificarea producatorului, inclusiv datele de contact ale acestuia. Denumirea companiei: Scottish Fine Soaps Adresa Sediului: North Main Street, Carronshore, Falkirk, FK28HT Adresa email: sales@scottishfinesoaps.com",Scottish Fine Soaps
"Scottish Fine Soaps, Thistle & Black Pepper Crema hidratanta, 100ml","Menține fermitatea tenului cu o cremă hidratantă față bărbați. Formulată cu acid hialuronic și ulei de migdale, oferă protecție zilnică și un parfum subtil de piper și armurariu.",7888ab_b41cc3fbf649423fa4ed46e97aeda15f~mv2.jpg,Cremă hidratantă;Hidratare;Thistle & Pepper;Ingrijire Față;MEN;Men Face & Body;Baie & Corp;Îngrijire Corp;Scottish Fine Soaps,5016365100694,85,Aplicați zilnic după spălare. Masați pe față și gât pentru a lăsa pielea cu o senzație de întinerire și hrănire.,"Aqua (Water), Prunus Amygdalus Dulcis (Sweet Almond) Oil, Cetearyl Alcohol, Phenoxyethanol, Glyceryl Stearate, Glycerin, PEG-20 Stearate, Parfum (Fragrance), Hydrolyzed Hyaluronic Acid, Ethylhexylglycerin, Carbomer, Aminomethyl Propanol, Silybum Marianum (Milk Thistle) Extract, Tetramethylacetyloctahydroaphthalenes, Coumarin, Citronellol, Linalyl Acetate, Lavandula Oil/Extract",Nu ţineţi la îndemâna copiilor. Împotriva testării pe animale. Evitaţi contactul cu ochii. În caz de contact clătiți abundent cu apă. Nu este comestibil.,"Informatii privind identificarea producatorului, inclusiv datele de contact ale acestuia. Denumirea companiei: Scottish Fine Soaps Adresa Sediului: North Main Street, Carronshore, Falkirk, FK28HT Adresa email: sales@scottishfinesoaps.com",Scottish Fine Soaps
"Scottish Fine Soaps, Oakmoss Sapun solid pentru maini si corp, 220g","Curăță delicat epiderma cu un săpun solid mâini și corp triplu măcinat. Extractul de pin, scorușul și glicerina hrănesc pielea, lăsând un parfum natural cu note de mușchi de stejar și ambră.",bb49d0_3a6805b02e634f739457fcd8a4042e8b~mv2.jpg,Oakmoss;Baie;Săpun;Baie & Corp;Scottish Fine Soaps,5016365100786,49,"Spumați pe pielea umedă pentru a o curăța delicat, apoi clătiți din abundență cu apă caldă.","Sodium Oleate, Sodium Stearate, Sodium Cocoate, Aqua (Water), Glycerin, Parfum (Fragrance), Butyrospermum Parkii (Shea) Butter, Sodium Chloride, Tetrasodium Iminodisuccinate, Sodium Gluconate, Sorbus Aucuparia (Rowan) Fruit Extract, Pinus Sylvestris (Scots Pine) Bark Extract, Pogostemon Cablin Oil, Linalyl Acetate, Linalool, Lavandula Oil/Extract, Eucalyptus Globulus Oil, Beta-Caryophyllene, Pinene, Pelargonium Graveolens Flower Oil, Terpineol, Citronellol, Limonene, Geraniol, Camphor",Nu ţineţi la îndemâna copiilor. Împotriva testării pe animale. Evitaţi contactul cu ochii. În caz de contact clătiți abundent cu apă. Nu este comestibil.,"Informatii privind identificarea producatorului, inclusiv datele de contact ale acestuia. Denumirea companiei: Scottish Fine Soaps Adresa Sediului: North Main Street, Carronshore, Falkirk, FK28HT Adresa email: sales@scottishfinesoaps.com",Scottish Fine Soaps
"Scottish Fine Soaps, Oakmoss Gel de dus, 200ml","Obține o piele fină cu un gel de duș curățare profundă infuzat cu acid lactic. Antioxidanții din pin scoțian și scoruș repară epiderma, lăsând arome relaxante de cedru și ambră.",7888ab_1337d78d2142440480704d7dab731e02~mv2.jpg,Oakmoss;Baie;Gel de duș;Baie & Corp;Scottish Fine Soaps,5016365100816,64,"Spumați din abundență pe pielea umedă, apoi clătiți cu apă caldă, pentru a lăsa pielea curată și revigorată.","Aqua (Water), Sodium Laureth Sulfate, Sodium Chloride, Parfum (Fragrance), Lactic Acid, Cocamidopropyl Betaine, Coceth-7, PPG-1-PEG-9 Lauryl Glycol Ether, Glycerin, Sodium Benzoate, Tetrasodium Glutamate Diacetate, Potassium Sorbate, PEG-120 Methyl Glucose Trioleate, Propylene Glycol, PEG-40 Hydrogenated Castor Oil, Sorbus Aucuparia (Rowan) Fruit Extract, Pinus Sylvestris (Scots Pine) Bark Extract, Pogostemon Cablin Oil, Linalyl Acetate, Linalool, Lavandula Oil/Extract, Eucalyptus Globulus Oil, Beta-Caryophyllene, Pinene, Pelargonium Graveolens Flower Oil, Terpineol, Citronellol, Limonene, Geraniol",Nu ţineţi la îndemâna copiilor. Împotriva testării pe animale. Evitaţi contactul cu ochii. În caz de contact clătiți abundent cu apă. Nu este comestibil.,"Informatii privind identificarea producatorului, inclusiv datele de contact ale acestuia. Denumirea companiei: Scottish Fine Soaps Adresa Sediului: North Main Street, Carronshore, Falkirk, FK28HT Adresa email: sales@scottishfinesoaps.com",Scottish Fine Soaps
"Scottish Fine Soaps, Oakmoss Crema de corp, 200ml","Menține bariera pielii puternică cu o cremă de corp hidratantă îmbogățită cu unt de shea și acid hialuronic. Antioxidanții naturali catifelează și lasă un miros pământiu, rafinat.",bb49d0_64235f2bc420441f9ab5fc55a5cf24f5~mv2.jpg,Hidratare;Oakmoss;Cremă de corp;Baie & Corp;Îngrijire Corp;Scottish Fine Soaps,5016365100823,64,Masați pe piele până la absorbția completă.,"Aqua (Water), Prunus Amygdalus Dulcis (Sweet Almond) Oil, Butyrospermum Parkii (Shea) Butter, Cetearyl Alcohol, Stearic Acid, Glycerin, Phenoxyethanol, Glyceryl Stearate, Parfum (Fragrance), Simmondsia Chinensis (Jojoba) Seed Oil, PEG-20 Stearate, Aminomethyl Propanol, Disodium EDTA, Ethylhexylglycerin, Hydrolyzed Hyaluronic Acid, Carbomer, Pinus Sylvestris (Scots Pine) Bark Extract, Sorbus Aucuparia (Rowan) Fruit Extract, Pogostemon Cablin Oil, Linalyl Acetate, Linalool, Lavandula Oil/Extract, Eucalyptus Globulus Oil, Beta-Caryophyllene, Pinene, Pelargonium Graveolens Flower Oil, Terpineol, Citronellol, Geraniol, Limonene, Geranyl Acetate, Camphor, Eugenol, Evernia Prunastri Extract, Citral, Terpinolene",Nu ţineţi la îndemâna copiilor. Împotriva testării pe animale. Evitaţi contactul cu ochii. În caz de contact clătiți abundent cu apă. Nu este comestibil.,"Informatii privind identificarea producatorului, inclusiv datele de contact ale acestuia. Denumirea companiei: Scottish Fine Soaps Adresa Sediului: North Main Street, Carronshore, Falkirk, FK28HT Adresa email: sales@scottishfinesoaps.com",Scottish Fine Soaps
"Scottish Fine Soaps, Oakmoss Rezerva sapun lichid, 1.2L","Alege o rezervă săpun lichid economic extrem de eficientă pentru mâini. Pantenolul hidratant și extractul de pin scoțian repară pielea, asigurând o curățare blândă la fiecare utilizare.",bb49d0_89d28001d04c44ea87f6d38139c74752~mv2.jpg,Săpun de mâini;Oakmoss;Baie;Baie & Corp;Scottish Fine Soaps,5016365100915,135,"Scoateți pompița recipientului dumneavoastră de Săpun Lichid de 300 ml și așezați-o pe o suprafață curată și ușor de șters. Turnați cu grijă lichidul din rezervă în sticla existentă, având grijă să nu umpleți excesiv, deoarece produsul se va ridica atunci când pompița este pusă la loc. Înșurubați strâns pompița. Această rezervă ar trebui să reumple recipientul dumneavoastră de 300 ml de 4 ori.","Aqua (Water), Sodium Laureth Sulfate, Sodium Chloride, Parfum (Fragrance), Citric Acid, Cocamidopropyl Betaine, Coceth-7, PPG-1-PEG-9 Lauryl Glycol Ether, Glycerin, Sodium Benzoate, Tetrasodium Glutamate Diacetate, Panthenol (Vitamin B5), Potassium Sorbate, PEG-120 Methyl Glucose Trioleate, Propylene Glycol, PEG-40 Hydrogenated Castor Oil, Sorbus Aucuparia (Rowan) Fruit Extract, Pinus Sylvestris (Scots Pine) Bark Extract, Pogostemon Cablin Oil, Linalyl Acetate, Linalool, Lavandula Oil/Extract, Eucalyptus Globulus Oil, Beta-Caryophyllene, Pinene, Pelargonium Graveolens Flower Oil, Terpineol, Citronellol, Limonene, Geraniol",Nu ţineţi la îndemâna copiilor. Împotriva testării pe animale. Evitaţi contactul cu ochii. În caz de contact clătiți abundent cu apă. Nu este comestibil.,"Informatii privind identificarea producatorului, inclusiv datele de contact ale acestuia. Denumirea companiei: Scottish Fine Soaps Adresa Sediului: North Main Street, Carronshore, Falkirk, FK28HT Adresa email: sales@scottishfinesoaps.com",Scottish Fine Soaps
"Scottish Fine Soaps, Wild Heather Sapun solid, 220g","Revigorează-ți corpul cu un săpun solid parfumat infuzat cu extract de iarbă neagră. Formula cu glicerină curăță profund, hidratează tenul și lasă o mireasmă pură de iarnă scoțiană.",bb49d0_90e1a85f2f9b4b99aec62f6f2091bf4c~mv2.jpg,Baie;Săpun;Wild Heather;Baie & Corp;Scottish Fine Soaps,5016365100946,49,"Spumați pe pielea umedă pentru a o curăța delicat, apoi clătiți din abundență cu apă caldă.","Sodium Palmate, Sodium Palm Kernelate , Aqua (Water), Parfum (Fragrance), Glycerin, Butyrospermum Parkii (Shea) Butter, Tetrasodium Etidronate, Tetrasodium EDTA, Sodium Gluconate, Calluna Vulgaris (Heather) Extract , Geraniol, Tetramethylacetyloctahydronaphthalenes, Hexamethylindanopyran, Juniperus Virginiana Oil, Pogostemon Cablin Oil, Limonene, Citronellol, Citrus Aurantium Peel Oil, Linalool, Linalyl Acetate, Pinene, Alpha-Isomethyl Ionone, Trimethylcyclopentenylmethylisopentenol",Nu ţineţi la îndemâna copiilor. Împotriva testării pe animale. Evitaţi contactul cu ochii. În caz de contact clătiți abundent cu apă. Nu este comestibil.,"Informatii privind identificarea producatorului, inclusiv datele de contact ale acestuia. Denumirea companiei: Scottish Fine Soaps Adresa Sediului: North Main Street, Carronshore, Falkirk, FK28HT Adresa email: sales@scottishfinesoaps.com",Scottish Fine Soaps
"Scottish Fine Soaps, Wild Heather Gel de dus, 200ml",Bucură-te de o curățare blândă cu un gel de duș floral formulat cu acid lactic cu efect exfoliant. Extractul sălbatic de iarbă neagră purifică și revitalizează intens pielea corpului.,7888ab_9fb2f80513824e60bd19722fd3134d5a~mv2.jpg,Baie;Gel de duș;Wild Heather;Baie & Corp;Scottish Fine Soaps,5016365100977,64,"Spumați din abundență pe pielea umedă, apoi clătiți cu apă caldă, pentru a lăsa pielea curată și revigorată.","Aqua (Water), Sodium Laureth Sulfate, Sodium Chloride, Parfum (Fragrance), Lactic Acid, Cocoamidopropyl Betaine, Sodium Benzoate, Tetrasodium Glutamate Diacetate, Potassium Sorbate, Glycerin, Propylene Glycol, PEG-120 Methyl Glucose Trioleate, Calluna Vulgaris (Heather) Extract , Geraniol, Tetramethylacetyloctahydronaphthalenes, Hexamethylindanopyran, Juniperus Virginiana Oil, Limonene, Pogostemon Cablin Oil, Citronellol, Citrus Aurantium Peel",Nu ţineţi la îndemâna copiilor. Împotriva testării pe animale. Evitaţi contactul cu ochii. În caz de contact clătiți abundent cu apă. Nu este comestibil.,"Informatii privind identificarea producatorului, inclusiv datele de contact ale acestuia. Denumirea companiei: Scottish Fine Soaps Adresa Sediului: North Main Street, Carronshore, Falkirk, FK28HT Adresa email: sales@scottishfinesoaps.com",Scottish Fine Soaps
"Scottish Fine Soaps, Wild Heather Crema de corp, 200ml","Hrănește-ți intens pielea cu o cremă de corp nutritivă bogată în jojoba, acid hialuronic și unt de shea. Lasă o aromă florală delicată de piper roz, iarbă neagră și vanilie caldă.",7888ab_68eb97c1f24547beb6238221ca07f3a2~mv2.jpg,Hidratare;Wild Heather;Cremă de corp;Baie & Corp;Îngrijire Corp;Scottish Fine Soaps,5016365100984,64,Masați pe piele până la absorbția completă.,"Aqua (Water), Prunus Amygdalus Dulcis (Sweet Almond) Oil, Butyrospermum Parkii (Shea) Butter, Cetearyl Alcohol, Stearic Acid, Glycerin, Phenoxyethanol, Glyceryl Stearate, Parfum (Fragrance), Simmondsia Chinensis (Jojoba) Seed Oil, Brassica Napus (Rapeseed) Seed Oil, PEG-20 Stearate, Aminomethyl Propanol, Disodium EDTA, Ethylhexylglycerin, Hydrolyzed Hyaluronic Acid, Carbomer, Calluna Vulgaris (Heather) Extract , Geraniol, Tetramethylacetyloctahydronaphthalenes, Hexamethylindanopyran, Juniperus Virginiana Oil, Limonene, Pogostemon Cablin Oil, Citronellol, Citrus Aurantium Peel, Linalool, Cinnamyl Alcohol, Pinene, Trimethylcyclopentenylmethylisopentenol, Alpha-Isomethyl Ionone",Nu ţineţi la îndemâna copiilor. Împotriva testării pe animale. Evitaţi contactul cu ochii. În caz de contact clătiți abundent cu apă. Nu este comestibil.,"Informatii privind identificarea producatorului, inclusiv datele de contact ale acestuia. Denumirea companiei: Scottish Fine Soaps Adresa Sediului: North Main Street, Carronshore, Falkirk, FK28HT Adresa email: sales@scottishfinesoaps.com",Scottish Fine Soaps
"Scottish Fine Soaps, Wild Heather Spumant de baie, 500ml",Răsfață-te cu un spumant de baie relaxant ce calmează trupul și sufletul. Formula cu vitamina E hrănitoare și iarbă neagră scoțiană revitalizează epiderma și elimină tensiunea zilnică.,7888ab_6572ebb91b4b48b48be994ebd122c1b9~mv2.jpg,Spumant;Baie;Wild Heather;Baie & Corp;Scottish Fine Soaps,5016365100991,95,Turnați o cantitate generoasă sub jetul de apă caldă pentru a crea o experiență de baie luxoasă.,"Aqua (Water), Sodium Laureth Sulfate, Sodium Chloride, Parfum (Fragrance), Lactic Acid, Cocamidopropyl Betaine, Sodium Benzoate, Tetrasodium Glutamate Diacetate, Tocopheryl Acetate (Vitamin E), Panthenol (Vitamin B5), Potassium Sorbate, Glycerin, Propylene Glycol, PEG-120 Methyl Glucose Trioleate, Calluna Vulgaris (Heather) Extract , Geraniol, Tetramethylacetyloctahydronaphthalenes, Hexamethylindanopyran, Juniperus Virginiana Oil, Limonene, Pogostemon Cablin Oil, Citronellol, Citrus Aurantium Peel",Nu ţineţi la îndemâna copiilor. Împotriva testării pe animale. Evitaţi contactul cu ochii. În caz de contact clătiți abundent cu apă. Nu este comestibil.,"Informatii privind identificarea producatorului, inclusiv datele de contact ale acestuia. Denumirea companiei: Scottish Fine Soaps Adresa Sediului: North Main Street, Carronshore, Falkirk, FK28HT Adresa email: sales@scottishfinesoaps.com",Scottish Fine Soaps
"Scottish Fine Soaps, Wild Heather Set cadou Pamper Essentials","Oferă un răsfăț complet cu acest set cadou îngrijire corp bogat în antioxidanți naturali. Gelul de duș, crema, spumantul și săpunul solid hidratează și protejează pielea eficient.",7888ab_fb93171e56c248ba8e3bd1ef4c311632~mv2.jpg,Seturi Cadou;Seturi Baie&Corp;GIFTS;Seturi WOMEN;Seturi;Wild Heather;Baie & Corp;Scottish Fine Soaps,5016365101028,155,"Gel de duș - Spumați din abundență pe pielea umedă, apoi clătiți cu apă caldă, pentru a lăsa pielea curată și revigorată. Cremă de corp - Masați pe piele până la absorbția completă. Spumant de baie - Turnați sub jetul de apă de baie, faceți baie și relaxați-vă. Săpun solid - Spumați cu apă caldă pe pielea umedă, apoi clătiți.","BODY WASH: Aqua (Water), Sodium Laureth Sulfate, Sodium Chloride, Parfum (Fragrance), Lactic Acid, Cocoamidopropyl Betaine, Sodium Benzoate, Tetrasodium Glutamate Diacetate, Potassium Sorbate, Glycerin, Propylene Glycol, PEG-120 Methyl Glucose Trioleate, Calluna Vulgaris (Heather) Extract , Geraniol, Tetramethylacetyloctahydronaphthalenes, Hexamethylindanopyran, Juniperus Virginiana Oil, Limonene, Pogostemon Cablin Oil, Citronellol, Citrus Aurantium Peel BODY CREAM: Aqua (Water), Prunus Amygdalus Dulcis (Sweet Almond) Oil, Butyrospermum Parkii (Shea) Butter, Cetearyl Alcohol, Stearic Acid, Glycerin, Phenoxyethanol, Glyceryl Stearate, Parfum (Fragrance), Simmondsia Chinensis (Jojoba) Seed Oil, Brassica Napus (Rapeseed) Seed Oil, PEG-20 Stearate, Aminomethyl Propanol, Disodium EDTA, Ethylhexylglycerin, Hydrolyzed Hyaluronic Acid, Carbomer, Calluna Vulgaris (Heather) Extract , Geraniol, Tetramethylacetyloctahydronaphthalenes, Hexamethylindanopyran, Juniperus Virginiana Oil, Limonene, Pogostemon Cablin Oil, Citronellol, Citrus Aurantium Peel, Linalool, Cinnamyl Alcohol, Pinene, Trimethylcyclopentenylmethylisopentenol, Alpha-Isomethyl Ionone BATH &amp; SHOWER GEL: Aqua (Water), Sodium Laureth Sulfate, Sodium Chloride, Parfum (Fragrance), Lactic Acid, Cocamidopropyl Betaine, Sodium Benzoate, Tetrasodium Glutamate Diacetate, Tocopheryl Acetate (Vitamin E), Panthenol (Vitamin B5), Potassium Sorbate, Glycerin, Propylene Glycol, PEG-120 Methyl Glucose Trioleate, Calluna Vulgaris (Heather) Extract , Geraniol, Tetramethylacetyloctahydronaphthalenes, Hexamethylindanopyran, Juniperus Virginiana Oil, Limonene, Pogostemon Cablin Oil, Citronellol, Citrus Aurantium Peel SOAP: Sodium Palmate, Sodium Palm Kernelate , Aqua (Water), Parfum (Fragrance), Glycerin, Butyrospermum Parkii (Shea) Butter, Tetrasodium Etidronate, Tetrasodium EDTA, Sodium Gluconate, Calluna Vulgaris (Heather) Extract , Geraniol, Tetramethylacetyloctahydronaphthalenes, Hexamethylindanopyran, Juniperus Virginiana Oil, Pogostemon Cablin Oil, Limonene, Citronellol, Citrus Aurantium Peel Oil, Linalool, Linalyl Acetate, Pinene, Alpha-Isomethyl Ionone, Trimethylcyclopentenylmethylisopentenol",Nu ţineţi la îndemâna copiilor. Împotriva testării pe animale. Evitaţi contactul cu ochii. În caz de contact clătiți abundent cu apă. Nu este comestibil.,"Informatii privind identificarea producatorului, inclusiv datele de contact ale acestuia. Denumirea companiei: Scottish Fine Soaps Adresa Sediului: North Main Street, Carronshore, Falkirk, FK28HT Adresa email: sales@scottishfinesoaps.com",Scottish Fine Soaps
"Scottish Fine Soaps, Wild Heather Set cadou Nourishing Skin Duo","Calmează și repară pielea uscată cu un set cadou hidratare intensă. Crema de corp cu acid hialuronic și crema de mâini cu unt de shea protejează eficient, lăsând un parfum floral subtil.",bb49d0_50c97b98f7934ab9aa2b6e35957bf34a~mv2.jpg,Seturi Cadou;GIFTS;Seturi WOMEN;Seturi;Wild Heather;Baie & Corp;Scottish Fine Soaps,5016365101035,86,Cremă de corp - Masați pe piele până la absorbția completă. Cremă de mâini - Aplicați această cremă hrănitoare pe mâinile curate până la absorbția completă.,"BODY CREAM: Aqua (Water), Prunus Amygdalus Dulcis (Sweet Almond) Oil, Butyrospermum Parkii (Shea) Butter, Cetearyl Alcohol, Stearic Acid, Glycerin, Phenoxyethanol, Glyceryl Stearate, Parfum (Fragrance), Simmondsia Chinensis (Jojoba) Seed Oil, Brassica Napus (Rapeseed) Seed Oil, PEG-20 Stearate, Aminomethyl Propanol, Disodium EDTA, Ethylhexylglycerin, Hydrolyzed Hyaluronic Acid, Carbomer, Calluna Vulgaris (Heather) Extract , Geraniol, Tetramethylacetyloctahydronaphthalenes, Hexamethylindanopyran, Juniperus Virginiana Oil, Limonene, Pogostemon Cablin Oil, Citronellol, Citrus Aurantium Peel, Linalool, Cinnamyl Alcohol, Pinene, Trimethylcyclopentenylmethylisopentenol, Alpha-Isomethyl Ionone HAND CREAM: Aqua (Water), Butyrospermum Parkii (Shea) Butter, Prunus Amygdalus Dulcis (Sweet Almond) Oil, Cetearyl Alcohol, Olea Europaea (Olive) Fruit Oil, Phenoxyethanol, Parfum (Fragrance), Ethylhexylglycerin, Theobroma Cacao (Cocoa) Seed Butter, Glyceryl Stearate, PEG-20 Stearate, Carbomer, Aminomethyl Propanol, Brassica Napus (Rapeseed) Seed Oil, Glycerin, Calluna Vulgaris (Heather) Extract , Geraniol, Tetramethylacetyloctahydronaphthalenes, Hexamethylindanopyran, Juniperus Virginiana Oil, Limonene, Pogostemon Cablin Oil, Citronellol, Citrus Aurantium Peel, Linalool, Cinnamyl Alcohol, Pinene, Trimethylcyclopentenylmethylisopentenol, Alpha-Isomethyl Ionone",Nu ţineţi la îndemâna copiilor. Împotriva testării pe animale. Evitaţi contactul cu ochii. În caz de contact clătiți abundent cu apă. Nu este comestibil.,"Informatii privind identificarea producatorului, inclusiv datele de contact ale acestuia. Denumirea companiei: Scottish Fine Soaps Adresa Sediului: North Main Street, Carronshore, Falkirk, FK28HT Adresa email: sales@scottishfinesoaps.com",Scottish Fine Soaps
"Scottish Fine Soaps, Wild Heather Set de ingrijire pentru maini, 2x300ml","Îngrijește-ți mâinile zilnic cu un set îngrijire mâini infuzat cu alantoină și vitamina E. Săpunul lichid și loțiunea hidratează intens, prevenind uscarea și crăparea pielii fine.",bb49d0_670ec400e0b94c859d395ad1a28077cb~mv2.jpg,Seturi Cadou;GIFTS;Cremă de mâini;Seturi;Wild Heather;Baie & Corp;Scottish Fine Soaps,5016365101042,174,"Săpun lichid - Aplicați o cantitate mică pe mâinile umede folosind pompița. Spumați, apoi clătiți pentru a vă lăsa mâinile curate și reîmprospătate. Loțiune pentru mâini și corp - Masați o cantitate mică pe toată pielea până la absorbția completă, lăsând-o catifelată, netedă și cu un miros minunat.","HAND WASH: Aqua (Water), Sodium Laureth Sulfate, Sodium Chloride, Parfum (Fragrance), Cocoamidopropyl Betaine, Citric Acid, Sodium Benzoate, Tetrasodium Glutamate Diacetate, Panthenol (Vitamin B5), Potassium Sorbate, Glycerin, Propylene Glycol, PEG-120 Methyl Glucose Trioleate, Calluna Vulgaris (Heather) Extract , Geraniol, Tetramethylacetyloctahydronaphthalenes, Hexamethylindanopyran, Juniperus Virginiana Oil, Limonene, Pogostemon Cablin Oil, Citronellol, Citrus Aurantium Peel HAND &amp; BODY LOTION: Aqua (Water), Persea Gratissima (Avocado) Oil, Glycerin, Cathamus Tinctorius (Safflower) Oil, Stearic Acid, Cetearyl Alcohol, Phenoxyethanol, Parfum (Fragrance), Glyceryl Stearate, PEG-20 Stearate, Aminomethyl Propanol, Brassica Napus (Rapeseed) Seed Oil, Disodium EDTA, Tocopheryl Acetate, Ethylhexylglycerin, Allantoin, Carbomer, Calluna Vulgaris (Heather) Extract , Geraniol, Tetramethylacetyloctahydronaphthalenes, Hexamethylindanopyran, Juniperus Virginiana Oil, Limonene, Pogostemon Cablin Oil, Citronellol, Citrus Aurantium Peel, Linalool, Cinnamyl Alcohol, Pinene, Trimethylcyclopentenylmethylisopentenol, Alpha-Isomethyl Ionone",Nu ţineţi la îndemâna copiilor. Împotriva testării pe animale. Evitaţi contactul cu ochii. În caz de contact clătiți abundent cu apă. Nu este comestibil.,"Informatii privind identificarea producatorului, inclusiv datele de contact ale acestuia. Denumirea companiei: Scottish Fine Soaps Adresa Sediului: North Main Street, Carronshore, Falkirk, FK28HT Adresa email: sales@scottishfinesoaps.com",Scottish Fine Soaps
"Scottish Fine Soaps, Wild Heather Rezerva sapun lichid, 1.2L","Alege sustenabilitatea cu o rezervă săpun lichid floral bogată în pantenol. Curăță delicat și regenerează mâinile uscate, lăsând un parfum vibrant de iarbă neagră purpurie.",bb49d0_391dad709df8490abf46e2d0a6d9e192~mv2.jpg,Săpun de mâini;Baie;Wild Heather;Baie & Corp;Scottish Fine Soaps,5016365101059,135,"Scoateți pompița recipientului dumneavoastră de Săpun Lichid de 300 ml și așezați-o pe o suprafață curată și ușor de șters. Turnați cu grijă lichidul din rezervă în sticla existentă, având grijă să nu umpleți excesiv, deoarece produsul se va ridica atunci când pompița este pusă la loc. Înșurubați strâns pompița. Această rezervă ar trebui să reumple recipientul dumneavoastră de 300 ml de 4 ori.","Aqua (Water), Sodium Laureth Sulfate, Sodium Chloride, Parfum (Fragrance), Cocoamidopropyl Betaine, Citric Acid, Sodium Benzoate, Tetrasodium Glutamate Diacetate, Panthenol (Vitamin B5), Potassium Sorbate, Glycerin, Propylene Glycol, PEG-120 Methyl Glucose Trioleate, Calluna Vulgaris (Heather) Extract , Geraniol, Tetramethylacetyloctahydronaphthalenes, Hexamethylindanopyran, Juniperus Virginiana Oil, Limonene, Pogostemon Cablin Oil, Citronellol, Citrus Aurantium Peel",Nu ţineţi la îndemâna copiilor. Împotriva testării pe animale. Evitaţi contactul cu ochii. În caz de contact clătiți abundent cu apă. Nu este comestibil.,"Informatii privind identificarea producatorului, inclusiv datele de contact ale acestuia. Denumirea companiei: Scottish Fine Soaps Adresa Sediului: North Main Street, Carronshore, Falkirk, FK28HT Adresa email: sales@scottishfinesoaps.com",Scottish Fine Soaps
"Super Facialist, Rosehip Hydrate Ulei facial, 30ml","Regenerează pielea cu un ulei facial hidratant intens nutritiv. Cocktailul de avocado, morcov, zmeură și alge brune hidratează profund tenul uscat, pentru un aspect vizibil revitalizat.",bb49d0_178d05bb488d49a5ad9ac6a41d48f976~mv2.jpg,Hidratare;Îngrijire Față;Ten sensibil;Rosehip Hydrate;SKINCARE;Super Facialist,5060191556088,93,"Aplică 2-3 picături pe tenul curat, masând ușor până la absorbție. Poate fi utilizat seara ca pre-curățare sau dimineața/seara ca strat suplimentar sub crema hidratantă.","Ulei din semințe de Helianthus Annuus (Floarea-soarelui), Ulei de Persea Gratissima (Avocado), Ulei din migdale dulci (Prunus Amygdalus Dulcis), Caprylic/Capric Triglyceride, Ulei din semințe de Rosa Eglentaria, Ulei din semințe de Rubus Idaeus (Zmeură), Ulei din semințe de Cucumis Sativus (Castravete), Acetat de Tocopheryl, Ulei de Pelargonium Graveolens, Ulei de Lavandula Hybrida, Ulei din flori de Calendula Officinalis, Geraniol, Linalool, Ulei de Eugenia Caryophyllus (Cuișoare), Citronellol, Eugenol, Extract de Laminaria Ochroleuca, Ulei din frunze de Pogostemon Cablin, Ulei din plante de Mentha Arvensis (Mentă), Extract de flori de Rosa Damascena, Limonen, Extract din flori de Acacia Dealbata, Citral, Beta-Caroten, Extract din rădăcină de Daucus Carota Sativa (Morcov), Ulei din semințe de Daucus Carota Sativa (Morcov), Extract din frunze de Viola Odorata, Palmitat de Ascorbil.",Nu ţineţi la îndemâna copiilor. Împotriva testării pe animale. Evitaţi contactul cu ochii. În caz de contact clătiți abundent cu apă. Nu este comestibil.,"Informatii privind identificarea producatorului, inclusiv datele de contact ale acestuia. Denumirea companiei: Brand Architekts Adresa Sediului: N8 Waldegrave Road, Teddington, London, TW11 8GT, UK Adresa email: info@brandarchitekts.com",Super Facialist
"Super Facialist, Rosehip Hydrate Balsam curatare, 100ml",Îndepărtează machiajul eficient cu un balsam demachiant ten potrivit pentru pielea sensibilă. Squalanul și acidul hialuronic protejează bariera naturală și oferă o curățare mătăsoasă.,7888ab_a82e2594a9e54900b7e3fb6fe86c5fe2~mv2.png,Hidratare;Îngrijire Față;Rosehip Hydrate;Curățare;SKINCARE;Super Facialist,5060929656578,109,"Topiți o cantitate mică de balsam între palmele curate și uscate. Masați ușor pe față, gât și decolteu cu mișcări circulare delicate. Adăugați apă pentru a emulsiona până obțineți o textură ușoară, lăptoasă. Îndepărtați prin ștergere ușoară cu un prosop cald și umed.","Ulei de Prunus Amygdalus Dulcis (migdale dulci), ulei din semințe de Orbignya Oleifera, PEG-20 gliceril triizostearat, ceară din semințe de Helianthus Annuus (floarea-soarelui), ulei din boabe de Avena Sativa (ovăz), acetat de tocoferil, ulei din fructe de Rosa Canina, fenoxietanol, squalan, ulei/extract de lavandă, ulei de pelargonium graveolens, ulei de flori de pelargonium graveolens, geraniol, ulei de eugenia caryophyllus, linalool, acetat de linalil, citronelol, ulei din semințe de ricinus communis (ricin), eugenol, ulei de ricin hidrogenat, beta-cariofilen, acid hialuronic, camfor, acetat de geranil, ulei din frunze de Pogostemon Cablin, ulei/extract din flori de trandafir, ulei din plante Mentha Arvensis, terpineol, ulei de Pogostemon Cablin, pinen, limonen, citral, extract din flori de Acacia Dealbata, mentol, terpinolen, extract din frunze de Viola Odorata, acid citric.",Nu ţineţi la îndemâna copiilor. Împotriva testării pe animale. Evitaţi contactul cu ochii. În caz de contact clătiți abundent cu apă. Nu este comestibil.,"Informatii privind identificarea producatorului, inclusiv datele de contact ale acestuia. Denumirea companiei: Brand Architekts Adresa Sediului: N8 Waldegrave Road, Teddington, London, TW11 8GT, UK Adresa email: info@brandarchitekts.com",Super Facialist
"Super Facialist, Anti Blemish Gel curatare, 150ml","Purifică profund porii cu un gel curățare anti-imperfecțiuni pe bază de acid salicilic și niacinamidă. Estompează petele, reechilibrează sebumul și lasă tenul luminos și curat.",bb49d0_224b101e2a874943afc6d6bc6d78a783~mv2.png,Imperfecțiuni;Îngrijire Față;Ten acneic și mixt;Curățare;SKINCARE;Anti Blemish;Super Facialist,5060191556156,59,"Aplică o cantitate mică pe tenul umezit, dimineața și seara. Masează prin mișcări circulare pentru a crea o spumă delicată, apoi clătește cu apă din abundență.","Aqua (Water), Sodium cocoamphoacetate, Coco-glucoside, Glycerin, Niacinamide, Sodium chloride, Acrylates/C10-30 alkyl acrylate crosspolymer, Citrus aurantium dulcis (Sweet orange) peel oil, Citrus aurantium amara (Bitter orange) oil, Cananga odorata (Ylang ylang) flower oil, Parfum (Fragrance), Salicylic acid, Citric acid, Triethylene glycol, Benzyl alcohol, Propylene glycol, Sambucus nigra (Elderflower) flower extract, Magnesium nitrate, Magnesium chloride, Potassium sorbate, Sodium benzoate, Methylchloroisothiazolinone, Methylisothiazolinone, Dipropylene glycol, Benzyl salicylate, Hexyl cinnamal.",Nu ţineţi la îndemâna copiilor. Împotriva testării pe animale. Evitaţi contactul cu ochii. În caz de contact clătiți abundent cu apă. Nu este comestibil.,"Informatii privind identificarea producatorului, inclusiv datele de contact ale acestuia. Denumirea companiei: Brand Architekts Adresa Sediului: N8 Waldegrave Road, Teddington, London, TW11 8GT, UK Adresa email: info@brandarchitekts.com",Super Facialist
"Super Facialist, Vegan Collagen Gel curatare, 150ml","Combate semnele îmbătrânirii la spălare cu un gel de curățare ten vegan. Colagenul extras din acacia hidratează instant, elimină impuritățile și redă fermitatea și luminozitatea feței.",bb49d0_ec0a3af4f2854f80b59bb02d06c58154~mv2.jpg,Îngrijire Față;Vegan Collagen;Curățare;Antirid;SKINCARE;Super Facialist;Fermitate,5060929653980,63,"Aplică o cantitate potrivită pe tenul umed, dimineața și seara. Masează blând pentru a curăța impuritățile, apoi clătește cu apă din abundență.","Aqua (Water), Sodium Laureth Sulfate, Glycerin, Cocamidopropyl Betaine, Acrylates Copolymer, Sodium Chloride, PEG-40 Hydrogenated Castor Oil, Benzyl Alcohol, Sodium Hydroxide, Citric Acid, Limonene, Pullulan, Citrus Aurantium Dulcis (Orange) Peel Oil, Lactose, Dehydroacetic Acid, Microcrystalline Cellulose, Citrus Aurantium Amara (Bitter Orange) Flower Oil, Calcium PCA, Disodium EDTA, Mangifera Indica (Mango) Seed Oil, Linalool, Citrus Limon (Lemon) Peel Oil, Lavandula Hybrida Oil, Butylene Glycol, Methylpropanediol, Litsea Cubeba Fruit Oil, Tocopheryl Acetate, Canarium Luzonicum Gum Nonvolatiles, Helianthus Annuus (Sunflower) Seed Oil, Hibiscus Sabdariffa Flower Extract, Cananga Odorata Flower Oil, Saccharomyces/Copper Ferment, Phenoxyethanol, Potassium Sorbate, Sodium Benzoate, Hyaluronic Acid, Silanetriol, CI 77007 (Ultramarines).",Nu ţineţi la îndemâna copiilor. Împotriva testării pe animale. Evitaţi contactul cu ochii. În caz de contact clătiți abundent cu apă. Nu este comestibil.,"Informatii privind identificarea producatorului, inclusiv datele de contact ale acestuia. Denumirea companiei: Brand Architekts Adresa Sediului: N8 Waldegrave Road, Teddington, London, TW11 8GT, UK Adresa email: info@brandarchitekts.com",Super Facialist
"Super Facialist, Vegan Collagen Crema de zi, 50ml","Estompează ridurile fine cu o cremă de zi anti-aging cu colagen vegan și peptide. Efectul de umplere, acidul hialuronic și extractul de alge redau fermitatea și suplețea tenului matur.",bb49d0_3d8257ded2f54f95b322dfaf7a47ddad~mv2.jpg,Cremă de zi;Îngrijire Față;Vegan Collagen;Antirid;SKINCARE;Super Facialist;Cremă de Față;Fermitate,5060929654000,113,"Dimineața, aplică o cantitate uniformă pe fața proaspăt curățată, după aplicarea serului. Masează cu mișcări delicate, ascendente, până la absorbția completă.","Aqua (Water), Ethylhexyl Methoxycinnamate, Cyclopentasiloxane, Octocrylene, C12-15 Alkyl Benzoate, Glycerin, Butyl Methoxydibenzoylmethane, Polyacrylate-13, Pentaerythrityl Distearate, Phenoxyethanol, Butyrospermum Parkii (Shea) Butter, Polyisobutene, Sodium Stearoyl Glutamate, Limonene, Potassium Sorbate, Citrus Aurantium Dulcis (Orange) Peel Oil, Butylene Glycol, Benzoic Acid, Calcium PCA, Polysorbate 20, Dehydroacetic Acid, Sorbitan Isostearate, Citrus Aurantium Amara (Bitter Orange) Flower Oil, Disodium EDTA, Sodium Hyaluronate, Linalool, Citrus Limon (Lemon) Peel Oil, Glyceryl Acrylate/Acrylic Acid Copolymer, Lavandula Hybrida Oil, Hibiscus Sabdariffa Flower Extract, Litsea Cubeba Fruit Oil, Citral, BHT, Canarium Luzonicum Gum Nonvolatiles, Geraniol, Methylpropanediol, Cananga Odorata Flower Oil, Saccharomyces/Copper Ferment, Farnesol, Tetrapeptide-21, Sodium Benzoate, Hyaluronic Acid, Silanetriol, Citric Acid.",Nu ţineţi la îndemâna copiilor. Împotriva testării pe animale. Evitaţi contactul cu ochii. În caz de contact clătiți abundent cu apă. Nu este comestibil.,"Informatii privind identificarea producatorului, inclusiv datele de contact ale acestuia. Denumirea companiei: Brand Architekts Adresa Sediului: N8 Waldegrave Road, Teddington, London, TW11 8GT, UK Adresa email: info@brandarchitekts.com",Super Facialist
"Super Facialist, Vegan Collagen Crema noapte, 50ml","Stimulează elastina cu o cremă de noapte regenerantă și tehnologie SleepSmart. Biopolimerii marini și colagenul vegetal reduc vizibil ridurile, hidratând profund tenul în timpul somnului.",bb49d0_bc1d763f5a1f42a792b451fcf35c1b27~mv2.jpg,Cremă de noapte;Îngrijire Față;Vegan Collagen;Antirid;SKINCARE;Super Facialist;Cremă de Față;Fermitate,5060929654024,117,"Seara, după curățare și aplicarea serului, aplică un strat uniform pe față și gât, masând blând până la pătrunderea completă în piele.","Aqua (Water), Cetearyl Ethylhexanoate, Glycerin, Cetearyl Alcohol, Caprylic/Capric Triglyceride, Prunus Amygdalus Dulcis (Sweet Almond) Oil, Cyclopentasiloxane, Nylon-12, Polyacrylate-13, Phenoxyethanol, Cetearyl Glucoside, Polyisobutene, Limonene, Citrus Aurantium Dulcis (Orange) Peel Oil, Butylene Glycol, Benzoic Acid, Calcium PCA, Disodium EDTA, Polysorbate 20, Dehydroacetic Acid, Citrus Aurantium Amara (Bitter Orange) Flower Oil, Sorbitan Isostearate, Sodium Hyaluronate, Linalool, Citrus Limon (Lemon) Peel Oil, Lavandula Hybrida Oil, Litsea Cubeba Fruit Oil, Citral, Hibiscus Sabdariffa Flower Extract, Canarium Luzonicum Gum Nonvolatiles, Geraniol, Methylpropanediol, Cananga Odorata Flower Oil, Saccharomyces/Copper Ferment, Farnesol, Tetrapeptide-21, Potassium Sorbate, Sodium Benzoate, Hyaluronic Acid, Silanetriol, Citric Acid.",Nu ţineţi la îndemâna copiilor. Împotriva testării pe animale. Evitaţi contactul cu ochii. În caz de contact clătiți abundent cu apă. Nu este comestibil.,"Informatii privind identificarea producatorului, inclusiv datele de contact ale acestuia. Denumirea companiei: Brand Architekts Adresa Sediului: N8 Waldegrave Road, Teddington, London, TW11 8GT, UK Adresa email: info@brandarchitekts.com",Super Facialist
"Super Facialist, Vegan Collagen Ser facial, 30ml",Redă luminozitatea și elasticitatea cu un ser facial fermitate intens concentrat. Efectul vizibil de umplere (plumping) este asigurat de complexul bio-marin și colagenul vegan din acacia.,bb49d0_94c40d3f213d4a7c9564ac4ac346e2b2~mv2.jpg,Seruri & Măști;Îngrijire Față;Vegan Collagen;Antirid;SKINCARE;Super Facialist;Fermitate,5060929654048,99,"Aplică 2-3 picături pe tenul curat și uscat, dimineața și seara. Tapotează ușor pe față și gât până la absorbție, înainte de a folosi crema.","Aqua (Water), Cyclopentasiloxane, Polysilicone-11, Dimethicone, Dipropylene Glycol, Polyacrylate-13, Glycerin, Polyisobutene, Phenoxyethanol, Limonene, Potassium Sorbate, Sodium Benzoate, Citrus Aurantium Dulcis (Orange) Peel Oil, Butylene Glycol, Polysorbate 20, Sorbitan Isostearate, Calcium PCA, Disodium EDTA, Sodium Hyaluronate, Ethylhexylglycerin, Citrus Aurantium Amara (Bitter Orange) Flower Oil, Biosaccharide Gum-1, Linalool, Citrus Limon (Lemon) Peel Oil, Lavandula Hybrida Oil, Litsea Cubeba Fruit Oil, Citral, Hibiscus Sabdariffa Flower Extract, Canarium Luzonicum Gum Nonvolatiles, Geraniol, Methylpropanediol, Cananga Odorata Flower Oil, Saccharomyces/Copper Ferment, Farnesol, Tetrapeptide-21, Hyaluronic Acid, Silanetriol, Citric Acid.",Nu ţineţi la îndemâna copiilor. Împotriva testării pe animale. Evitaţi contactul cu ochii. În caz de contact clătiți abundent cu apă. Nu este comestibil.,"Informatii privind identificarea producatorului, inclusiv datele de contact ale acestuia. Denumirea companiei: Brand Architekts Adresa Sediului: N8 Waldegrave Road, Teddington, London, TW11 8GT, UK Adresa email: info@brandarchitekts.com",Super Facialist
"Super Facialist, Vitamin C Ulei curatare, 200ml","Demachiază fără efort cu un ulei de curățare cu vitamina c ce se transformă în lapte. Formulat cu ulei de struguri și măsline, lasă pielea extrem de catifelată, curată și radiantă.",7888ab_ea165d48d282460087bf658ae19205ba~mv2.jpg,Vitamin C;Îngrijire Față;Curățare;Strălucire și depigmentare;SKINCARE;Super Facialist,5060191557917,69,"Seara, aplică 1-2 pompe pe tenul uscat și masează blând pentru a dizolva machiajul și SPF-ul. Emulsionează cu puțină apă, clătește, apoi continuă cu un gel de curățare.","Ulei din semințe de Helianthus annuus (Floarea-soarelui), Ulei din fructe de Olea europaea (Măsline), Ulei din semințe de Vitis vinifera (Struguri), Laureth-4, PEG-7 cocoat gliceril, Ulei din semințe de Rubus idaeus (Zmeură), Parfum (Fragrance), Ulei din coajă de Citrus aurantium dulcis (Portocală dulce), Ulei din semințe de Passiflora edulis (Fructul pasiunii), Ulei din semințe de Rosa eglentaria (Măceș), Tetraizopalmitat de ascorbil, Ulei din semințe de Cucumis sativus (Castravete), Acetat de tocoferil, Citral, Butylphenyl methylpropional, Limonen.",Nu ţineţi la îndemâna copiilor. Împotriva testării pe animale. Evitaţi contactul cu ochii. În caz de contact clătiți abundent cu apă. Nu este comestibil.,"Informatii privind identificarea producatorului, inclusiv datele de contact ale acestuia. Denumirea companiei: Brand Architekts Adresa Sediului: N8 Waldegrave Road, Teddington, London, TW11 8GT, UK Adresa email: info@brandarchitekts.com",Super Facialist
"Super Facialist, Vitamin C Gel curatare, 125ml","Energizează-ți tenul cu un gel curățare luminozitate cu acțiune micro-exfoliantă. Îndepărtează celulele moarte și revitalizează pielea datorită Vitaminei C, pentru un aspect mai sănătos.",bb49d0_69a6eb68290945fcb7489d64df2a842d~mv2.jpg,Vitamin C;Îngrijire Față;Curățare;Strălucire și depigmentare;SKINCARE;Super Facialist,5060191557924,65,"Aplică seara pe tenul umezit, masând delicat cu mișcări circulare pentru a exfolia blând celulele moarte. Clătește din abundență cu apă.","Apă (Water), Sodium Cocoamphoacetate, Acetat de celuloză, Glicerină, Coco-Glucosid, Betaină, Clorură de sodiu, Maltodextrină, Parfum (Fragrance), Fenoxietanol, Acrilați/C10-30 Alchil Acrilat Crosspolimer, Acetat de Tocoferil, Limonen, Acid benzoic, Acid ferulic, Propilen glicol, Acid dehidroacetic, Alcool, Extract din flori de Punica Granatum (Rodie), Fosfat de ascorbil de sodiu, Citral, Ethylhexylglycerin, Butylphenyl Methylpropional, Hidroxid de sodiu, Extract de Glycyrrhiza Glabra (Lemn dulce), Trometamină.",Nu ţineţi la îndemâna copiilor. Împotriva testării pe animale. Evitaţi contactul cu ochii. În caz de contact clătiți abundent cu apă. Nu este comestibil.,"Informatii privind identificarea producatorului, inclusiv datele de contact ale acestuia. Denumirea companiei: Brand Architekts Adresa Sediului: N8 Waldegrave Road, Teddington, London, TW11 8GT, UK Adresa email: info@brandarchitekts.com",Super Facialist
"Super Facialist, Vitamin C Crema zi, 75ml","Hidratează și protejează tenul cu o cremă de zi vitamina c și filtre UVA/UVB. Acidul ferulic și acidul hialuronic oferă o strălucire puternică, apărând pielea de factorii poluanți externi.",bb49d0_a6e026e0c82c4c5780e72feb12a7b6c1~mv2.jpg,Cremă de zi;Vitamin C;Îngrijire Față;Strălucire și depigmentare;SKINCARE;Super Facialist;Cremă de Față,5060388881795,107,"Dimineața, după curățare și aplicarea serului, aplică o cantitate generoasă pe față și gât. Masează ușor până se absoarbe complet.","Apă (Water), Metoxicinamate de etilhexil, Palmitat de etilhexil, Octocrilen, Metoxidibenzonmetan butil, Alcool cetilic, Glicerină, Stearat de gliceril, Suc din frunze de Aloe barbadensis (Aloe vera), Unt de Butyrospermum parkii (Shea), Distearate de pentaeritritil, Fenoxietanol, Maltodextrină, Poliacrilat de sodiu, Parfum (Fragrance), Ulei din coajă de Citrus aurantium dulcis (Portocală dulce), Glutamat de stearoil sodic, Sorbat de potasiu, Acid benzoic, Disodium EDTA, Acid ferulic, Hialuronat de sodiu, Acetat de tocoferil, Propilen glicol, Acid dehidroacetic, Alcool, Extract din flori de Punica granatum (Rodie), Fosfat de ascorbil de sodiu, Extract de Glycyrrhiza glabra (Lemn dulce), BHT, Trometamină, Acid citric, Citral, Hidroxicitronelal, Hidroxyisohexyl 3-ciclohexen carboxaldehidă, Butylphenyl methylpropional, Limonen, Linalool.",Nu ţineţi la îndemâna copiilor. Împotriva testării pe animale. Evitaţi contactul cu ochii. În caz de contact clătiți abundent cu apă. Nu este comestibil.,"Informatii privind identificarea producatorului, inclusiv datele de contact ale acestuia. Denumirea companiei: Brand Architekts Adresa Sediului: N8 Waldegrave Road, Teddington, London, TW11 8GT, UK Adresa email: info@brandarchitekts.com",Super Facialist
"Super Facialist, Vitamin C Crema de ochi, 15ml","Combate cearcănele instant cu o cremă contur ochi vitamina c și peptide anti-oboseală. Stimulează microcirculația, estompează umbrele întunecate și redă fermitatea pielii sensibile.",7888ab_557913c1a7a44100bef68e6c37b9b61f~mv2.jpg,Vitamin C;Îngrijire Față;Strălucire și depigmentare;SKINCARE;Super Facialist,5060191557955,83,Aplică o cantitate mică pe zona conturului ochilor. Tapotează delicat cu inelarul până la absorbție. Folosește seara sau dimineața (înainte de crema de zi) pentru a reduce cearcănele.,"Apă (Water), Alcool cetearyl, Ulei din semințe de Passiflora edulis (Fructul pasiunii), Glicerină, Stearat de etilhexil, SE stearat de gliceril, Distearate de pentaeritritil, Maltodextrină, Pullulan, Alcool fenetilic, Silica, Cofeină, Suc din frunze de Aloe barbadensis (Aloe vera), Caprilyl glicol, Poliacrilat de sodiu, Glutamat de stearoil sodic, Dioxid de titan (CI 77891), Acetat de tocoferil, Propilen glicol, Acid citric, Steareth-20, Alcool, Extract din flori de Punica granatum (Rodie), Fosfat de ascorbil de sodiu, Extract de Glycyrrhiza glabra (Lemn dulce), Digluconat de clorhexidină, N-Hidroxisuccinamidă, Sorbat de potasiu, Trometamină, Chrysin, Oligopeptidă palmitoilică, Tetrapeptidă-7 palmitoilică, Citrat de sodiu, Biotină.",Nu ţineţi la îndemâna copiilor. Împotriva testării pe animale. Evitaţi contactul cu ochii. În caz de contact clătiți abundent cu apă. Nu este comestibil.,"Informatii privind identificarea producatorului, inclusiv datele de contact ale acestuia. Denumirea companiei: Brand Architekts Adresa Sediului: N8 Waldegrave Road, Teddington, London, TW11 8GT, UK Adresa email: info@brandarchitekts.com",Super Facialist
"Super Facialist, Vitamin C Ser luminozitate, 50ml","Baza ideală de machiaj: un ser facial luminozitate cu SPF 50+, vitamina C și acid hialuronic. Textura non-grasă hidratează, protejează și catifelează tenul zilnic, fără urme albe.",bb49d0_54c57113434543df8075b68f3f1ee8bc~mv2.jpg,Seruri & Măști;Vitamin C;Îngrijire Față;Strălucire și depigmentare;SKINCARE;Super Facialist,5060929656691,105,"Seara, după curățare, aplică uniform pe față și gât. Masează cu mișcări ascendente pentru a facilita absorbția și regenerarea celulară pe timpul nopții.","Apă, benzoat de alchil C12-15, octocrilen, salicilat de etilhexil, bis-etilhexiloxifenol metoxifenil triazină, butil metoxidibenzoilmetan, acid fenilbenzimidazol sulfonic, dimeticonă, propandiol, aminometil propanol, etilhexil triazonă, celuloză, Fosfat de ascorbil sodic, Fenoxietanol, Caprilil glicol, Copolimer VP/Eicosen, Stearoil glutamat de sodiu, Acrilati/C10-30 Alchil acrilat copolimer încrucișat, Guma xantan, EDTA disodic, Acid ferulic, Hialuronat de sodiu, Pulbere de suc din frunze de Aloe Barbadensis",Nu ţineţi la îndemâna copiilor. Împotriva testării pe animale. Evitaţi contactul cu ochii. În caz de contact clătiți abundent cu apă. Nu este comestibil.,"Informatii privind identificarea producatorului, inclusiv datele de contact ale acestuia. Denumirea companiei: Brand Architekts Adresa Sediului: N8 Waldegrave Road, Teddington, London, TW11 8GT, UK Adresa email: info@brandarchitekts.com",Super Facialist
"Super Facialist, Vitamin C Crema noapte, 50ml","Vizează liniile fine cu o cremă de noapte cu vitamina c și retinol. Optimizează regenerarea celulară cu tehnologia SleepSmart, lăsând un ten neted, revitalizat și ferm la trezire.",bb49d0_3dd1dc48a07c43fa8ae8df09c3e14364~mv2.jpg,Cremă de noapte;Vitamin C;Îngrijire Față;Strălucire și depigmentare;SKINCARE;Super Facialist;Cremă de Față,5060929655083,119,"Dimineața și seara, aplică o cantitate potrivită pe o dischetă demachiantă sau direct pe ten. Masează blând și șterge sau clătește cu apă călduță.","Apă (Water), Etilhexaonat de cetearyl, Glicerină, Alcool cetearyl, Ulei din Prunus Amygdalus Dulcis (Migdale dulci), Trigliceridă caprilic/capric, Ciclopentasiloxan, Poliacrilat-13, Fenoxietanol, Glucozidă cetearyl, Parfum (Fragrance), Ulei din semințe de Helianthus Annuus (Floarea-soarelui), Poliizobutenă, Extract din frunze de Camellia Sinensis, Propilen glicol, Palmitat de retinil, Acid benzoic, Disodium EDTA, Polisorbat 20, Acid dehidroacetic, Isostearat de sorbitan, Hialuronat de sodiu, Extract din fructe de Prunus Armeniaca (Caise), Limonen, Hidroxid de sodiu, Hexyl Cinnamal, Extract din semințe de Lupinus Albus, Tocoferol, Alpha-Isomethyl Ionone, Sorbat de potasiu, Benzoat de sodiu, Hidroxicitronelal.",Nu ţineţi la îndemâna copiilor. Împotriva testării pe animale. Evitaţi contactul cu ochii. În caz de contact clătiți abundent cu apă. Nu este comestibil.,"Informatii privind identificarea producatorului, inclusiv datele de contact ale acestuia. Denumirea companiei: Brand Architekts Adresa Sediului: N8 Waldegrave Road, Teddington, London, TW11 8GT, UK Adresa email: info@brandarchitekts.com",Super Facialist
"Super Facialist, Hexapeptide Lapte demachiant, 200ml","Revitalizează pielea matură cu un lapte demachiant antirid intens hrănitor. Vitamina E, uleiul de migdale și ingredientele active curăță delicat și oferă o hidratare anti-îmbătrânire.",7888ab_26372408478f4e96bdec33d8a48223c5~mv2.png,Îngrijire Față;Curățare;Hexapeptide;Antirid;SKINCARE;Super Facialist,5060528324861,99,"Aplică 2-3 pompe pe tenul curat, dimineața sau seara. Masează ușor pe față și gât cu mișcări de lifting, înainte de crema hidratantă.","Apă (Water), Glicerină, Trigliceridă caprilic/capric, Stearat de etilhexil, Ulei de Prunus Amygdalus Dulcis (Migdale dulci), Distearat de pentaeritritil, Stearat de gliceril, Hexapeptidă-9, Fenoxietanol, Parfum (Fragrance), Glutamat de stearoil sodic, Ulei din semințe de Camelina Sativa, Carbomer, Ethylhexylglycerin, Acetat de tocoferil, Disodium EDTA, Extract din frunze de Myrothamnus Flabellifolia, Hidroxid de sodiu, Butilen glicol, Hexyl Cinnamal, Linalool, Limonen, Glucozidă decil, Glutamină, Alcool fenetilic, Alcool denat., Extract din fructe de Terminalia Ferdinandiana, Acid citric, Extract din flori/frunze/tulpini de Cistus Incanus, Extract din frunze/tulpini de Gynostemma Pentaphyllum, Benzoat de sodiu, Sorbat de potasiu.",Nu ţineţi la îndemâna copiilor. Împotriva testării pe animale. Evitaţi contactul cu ochii. În caz de contact clătiți abundent cu apă. Nu este comestibil.,"Informatii privind identificarea producatorului, inclusiv datele de contact ale acestuia. Denumirea companiei: Brand Architekts Adresa Sediului: N8 Waldegrave Road, Teddington, London, TW11 8GT, UK Adresa email: info@brandarchitekts.com",Super Facialist
"Super Facialist, Hexapeptide Ser fermitate, 30ml","Acționează vizibil asupra ridurilor cu un ser anti-aging fermitate cu Hexapeptide-9. Extractul de prune Kakadu, bogat în Vitamina C, îmbunătățește elasticitatea și nuanța neuniformă a tenului.",bb49d0_732e7782f92747cc8cec08283a4539b4~mv2.jpg,Seruri & Măști;Îngrijire Față;Hexapeptide;Antirid;SKINCARE;Super Facialist;Fermitate,5060528324885,119,"În fiecare seară, aplică un strat uniform pe tenul proaspăt curățat. Masează delicat pe față și gât pentru a lăsa ingredientele să acționeze în timp ce dormi.","Apă (Water), Amidon de tapioca, Dimeticonă, Glicerină, Dipropilen glicol, Glucozidă lauryl, Dipolyhydroxystearate Poligliceryl-2, Hexapeptidă-9, Fenoxietanol, Acrilați/C10-30 Alchil Acrilat Crosspolimer, Butilen glicol, Dimeticonă Crosspolimer, Parfum (Fragrance), Benzoat de sodiu, Sorbat de potasiu, Ulei din semințe de Camelina Sativa, Disodium EDTA, Ethylhexylglycerin, Acetat de tocoferil, Hidroxid de sodiu, Extract din frunze de Myrothamnus Flabellifolia, Glucozidă decil, Glutamină, Alcool fenetilic, Acid citric, Alcool denat., Extract din fructe de Terminalia Ferdinandiana, Extract din flori/frunze/tulpini de Cistus Incanus, Extract din frunze/tulpini de Gynostemma Pentaphyllum, Linalool, Citronellol, Hexyl Cinnamal, Limonen.",Nu ţineţi la îndemâna copiilor. Împotriva testării pe animale. Evitaţi contactul cu ochii. În caz de contact clătiți abundent cu apă. Nu este comestibil.,"Informatii privind identificarea producatorului, inclusiv datele de contact ale acestuia. Denumirea companiei: Brand Architekts Adresa Sediului: N8 Waldegrave Road, Teddington, London, TW11 8GT, UK Adresa email: info@brandarchitekts.com",Super Facialist
"Super Facialist, Men Crema de zi SPF10, 75ml","Protejează-ți tenul de poluare cu o cremă de zi bărbați spf10 puternic hidratantă. Niacinamida și acidul hialuronic îmbunătățesc tonusul pielii, asigurând un aspect ferm pe parcursul zilei.",bb49d0_e16fb9ce6526432eba35af2a73f503e2~mv2.jpg,Cremă de zi;Men;Ingrijire Față;Protectie solară (SPF);SKINCARE;MEN;Men Face & Body;Super Facialist,5060528316910,109,Folosește dimineața după curățare pentru a menține pielea hidratată și hrănită pe tot parcursul zilei.,"Aqua (Apă), Ethylhexyl Methoxycinnamate, Cyclopentasiloxane, Octocrilen, Glicerină, Butyl Methoxydibenzoylmethane, C12-15 Alchil Benzoat, Alcool cetearilic, Ethylhexyl Salicylate, Poliacrilat-13, Niacinamidă, Pentaerythrityl Distearate, Butyrospermum Parkii (Unt de shea), Fenoxietanol, Poliizobutenă, Parfum (Fragrance), Marrubium Vulgare Extract, Glutamat stearoil de sodiu, Alantoină, Butilen glicol, Acid benzoic, Apă din fructe de Opuntia Ficus-Indica, Polisorbat 20, Isostearat de sorbitan, Acid dehidroacetic, Disodium EDTA, Hialuronat de sodiu, Gliceryl Acrylate/Acrylic Acid Copolymer, Benzil salicilat, Limonen, Acid citric, BHT, Linalool, Cumarină, Geraniol, Tetrapeptid-21, Benzoat de sodiu, Sorbat de potasiu.",Nu ţineţi la îndemâna copiilor. Împotriva testării pe animale. Evitaţi contactul cu ochii. În caz de contact clătiți abundent cu apă. Nu este comestibil.,"Informatii privind identificarea producatorului, inclusiv datele de contact ale acestuia. Denumirea companiei: Brand Architekts Adresa Sediului: N8 Waldegrave Road, Teddington, London, TW11 8GT, UK Adresa email: info@brandarchitekts.com",Super Facialist
"Scottish Fine Soaps, Silver Buckthorn Lotiune Hidratanta, 300ml","Hrănește-ți pielea cu o loțiune corp hidratantă cu extract de cătină albă organică. Inspirată de puritatea țărmurilor scoțiene, lasă epiderma fină, revitalizată și intens hidratată.",bb49d0_2f3d09610e6e4e17aa6e613921e1c71d~mv2.jpg,Hidratare;Silver Buckthorn;Baie & Corp;Îngrijire Corp;Scottish Fine Soaps,5016365102339,78,"Masați o cantitate mică din această loțiune hidratantă pe piele până la absorbția completă, pentru a lăsa mâinile întinerite și hrănite.","Aqua (Water), Paraffinum Liquidum (Mineral Oil), Glycerin, Prunus Amygdalus Dulcis Oil, Cetearyl Alcohol, Stearic Acid, Phenoxyethanol, Glyceryl Stearate, Parfum (Fragrance), PEG-20 Stearate, Aminomethyl Propanol, Disodium EDTA, Ethylhexylglycerin, Carbomer, Hippophae Rhamnoides (Sea Buckthorn) Fruit Extract, Beta-Caryophyllene, Camphor, Citral, Citronellol, Citrus Aurantium Peel Oil, Citrus Limon Peel Oil, Coumarin, Limonene, Linalool, Linalyl Acetate, Pinene, Pogostemon Cablin Oil, Tetramethyl Acetyloctahydronaphthalenes.",Nu ţineţi la îndemâna copiilor. Împotriva testării pe animale. Evitaţi contactul cu ochii. În caz de contact clătiți abundent cu apă. Nu este comestibil.,"Informatii privind identificarea producatorului, inclusiv datele de contact ale acestuia. Denumirea companiei: Scottish Fine Soaps Adresa Sediului: North Main Street, Carronshore, Falkirk, FK28HT Adresa email: sales@scottishfinesoaps.com",Scottish Fine Soaps
"Scottish Fine Soaps, Driftwood & Tide Gel de Dus si Maini, 300ml","Curăță delicat pielea cu un gel de duș și mâini revigorant Driftwood &amp; Tide. Trezește simțurile evocând aerul marin proaspăt, lăsând corpul curat și parfumat cu note de briză de coastă.",bb49d0_fedc2f7134484a5fa7f01202021baee8~mv2.jpg,Săpun de mâini;Baie;Gel de duș;Baie & Corp;Scottish Fine Soaps,5016365102490,78,"Aplicați generos pe pielea umedă până se formează spumă, apoi clătiți cu apă caldă, pentru a lăsa pielea curată și revigorată.","Aqua (Water), Sodium Laureth Sulfate, Sodium Chloride, Parfum (Fragrance), Magnesium PCA, Glycerin, Panthenol (Vitamin B5), Cocamidopropyl Betaine, Citric Acid, Sodium Benzoate, Tetrasodium Glutamate Diacetate, Potassium Sorbate, Propylene Glycol, PEG-120 Methyl Glucose Trioleate, Coffea Arabica (Coffee) Seed Exract, Paullinia Cupana Seed Extract, Alpha-Isomethyl Ionone, Amyl Salicylate, Benzyl Salicylate, Citronellol, Citrus Aurantium Peel Oil, Coumarin, Hexamethylindanopyran, Limonene, Linalool, Linalyl Acetate, Pogostemon Cablin Oil, Tetramethyl Acetyloctahydronaphthalenes, Caramel, CI 42090 (Blue No.1), CI 17200 (Red No.33)",Nu ţineţi la îndemâna copiilor. Împotriva testării pe animale. Evitaţi contactul cu ochii. În caz de contact clătiți abundent cu apă. Nu este comestibil.,"Informatii privind identificarea producatorului, inclusiv datele de contact ale acestuia. Denumirea companiei: Scottish Fine Soaps Adresa Sediului: North Main Street, Carronshore, Falkirk, FK28HT Adresa email: sales@scottishfinesoaps.com",Scottish Fine Soaps
"Scottish Fine Soaps, Santal & Patchouli Gel de Dus si Maini, 300ml","Oferă-ți un moment de relaxare cu un săpun lichid și gel de duș cu parfum pământiu. Aroma caldă de Santal și Patchouli revitalizează pielea, o curăță și o reîmprospătează profund.",bb49d0_7dc2ca8c5e344eaf8a42da96e1c1dc73~mv2.jpg,Săpun de mâini;Baie;Gel de duș;Baie & Corp;Scottish Fine Soaps,5016365102506,78,"Aplicați generos pe pielea umedă până se formează spumă, apoi clătiți cu apă caldă, pentru a lăsa pielea curată și revigorată.","Aqua (Water), Sodium Laureth Sulfate, Sodium Chloride, Parfum (Fragrance), Magnesium PCA, Glycerin, Panthenol (Vitamin B5), Cocamidopropyl Betaine, Citric Acid, Sodium Benzoate, Tetrasodium Glutamate Diacetate, Potassium Sorbate, Propylene Glycol, PEG-120 Methyl Glucose Trioleate, Coffea Arabica (Coffee) Seed Exract, Paullinia Cupana Seed Extract, Hexamethylindanopyran, Tetramethyl Acetyloctahydronaphthalenes, CI 42090 (Blue No.1), CI 17200 (Red No.33), CI 14700 (Red No.4), CI 19140 (Yellow No.5)",Nu ţineţi la îndemâna copiilor. Împotriva testării pe animale. Evitaţi contactul cu ochii. În caz de contact clătiți abundent cu apă. Nu este comestibil.,"Informatii privind identificarea producatorului, inclusiv datele de contact ale acestuia. Denumirea companiei: Scottish Fine Soaps Adresa Sediului: North Main Street, Carronshore, Falkirk, FK28HT Adresa email: sales@scottishfinesoaps.com",Scottish Fine Soaps
"Scottish Fine Soaps, Leather & Cedar Gel de Dus si Maini, 300ml","Energizează-te zilnic cu un gel de duș bărbați lemnos ce evocă profunzimea lemnului de cedru. Curăță corpul, revitalizează pielea și lasă un parfum masculin, fumuriu și sofisticat.",bb49d0_0b10c674463a48c68c05984c876beaa8~mv2.jpg,Săpun de mâini;Baie;Gel de duș;Baie & Corp;Scottish Fine Soaps,5016365102513,78,"Aplicați generos pe pielea umedă până se formează spumă, apoi clătiți cu apă caldă, pentru a lăsa pielea curată și revigorată.","Aqua (Water), Sodium Laureth Sulfate, Sodium Chloride, Parfum (Fragrance), Magnesium PCA, Glycerin, Panthenol (Vitamin B5), Cocamidopropyl Betaine, Citric Acid, Sodium Benzoate, Tetrasodium Glutamate Diacetate, Potassium Sorbate, Propylene Glycol, PEG-120 Methyl Glucose Trioleate, Coffea Arabica (Coffee) Seed Exract, Paullinia Cupana Seed Extract, Acetyl Cedrene, Alpha-Isomethyl Ionone, Benzyl Salicylate, Cinnamal, Citrus Aurantium Bergamia Peel Oil, Citrus Aurantium Peel Oil, Coumarin, Hexamethylindanopyran, Juniperus Virginiana Oil, Limonene, Linalool, Linalyl Acetate, Pogostemon Cablin Oil, Tetramethyl Acetyloctahydronaphthalenes, Vanillin, CI 14700 (Red No.4), CI 15985 (Yellow No.6), CI 17200 (Red No.33), CI 42090 (Blue No.1)",Nu ţineţi la îndemâna copiilor. Împotriva testării pe animale. Evitaţi contactul cu ochii. În caz de contact clătiți abundent cu apă. Nu este comestibil.,"Informatii privind identificarea producatorului, inclusiv datele de contact ale acestuia. Denumirea companiei: Scottish Fine Soaps Adresa Sediului: North Main Street, Carronshore, Falkirk, FK28HT Adresa email: sales@scottishfinesoaps.com",Scottish Fine Soaps
"Scottish Fine Soaps, Cypress & Bergamot Gel de Dus si Maini, 300ml","Împrospătează-ți mâinile și corpul cu un săpun lichid parfumat Cypress &amp; Bergamot. Formula sa energizantă curăță eficient, lăsând pielea revitalizată și subtil învăluită în note aerate.",bb49d0_c8631a074b5d4d3283d6386dadec4ee0~mv2.jpg,Săpun de mâini;Baie;Gel de duș;Baie & Corp;Scottish Fine Soaps,5016365102520,78,"Aplicați generos pe pielea umedă până se formează spumă, apoi clătiți cu apă caldă, pentru a lăsa pielea curată și revigorată.","Aqua (Water), Sodium Laureth Sulfate, Sodium Chloride, Parfum (Fragrance), Magnesium PCA, Glycerin, Panthenol (Vitamin B5), Cocamidopropyl Betaine, Citric Acid, Sodium Benzoate, Tetrasodium Glutamate Diacetate, Potassium Sorbate, Propylene Glycol, PEG-120 Methyl Glucose Trioleate, Coffea Arabica (Coffee) Seed Exract, Paullinia Cupana Seed Extract, Amyl Salicylate, Alpha-Isomethyl Ionone, Cedrus Atlantica Oil/Extract, Citronellol, Citrus Aurantium Peel Oil, Citrus Limon Peel Oil, Coumarin, Hexamethylindanopyran, Juniperus Virginiana Oil, Limonene, Linalool, Linalyl Acetate, Pogostemon Cablin Oil, Tetramethyl Acetyloctahydronaphthalenes, CI 17200 (Red No.33), CI 42090 (Blue No.1), CI 15985 (Yellow No.6), CI 14700 (Red No.4), CI 19140 (Yellow No.5)",Nu ţineţi la îndemâna copiilor. Împotriva testării pe animale. Evitaţi contactul cu ochii. În caz de contact clătiți abundent cu apă. Nu este comestibil.,"Informatii privind identificarea producatorului, inclusiv datele de contact ale acestuia. Denumirea companiei: Scottish Fine Soaps Adresa Sediului: North Main Street, Carronshore, Falkirk, FK28HT Adresa email: sales@scottishfinesoaps.com",Scottish Fine Soaps
"Scottish Fine Soaps, Wild Iris & Amber Gel de Dus si Maini, 300ml","Redă catifelarea pielii tale cu un gel de duș floral ambră îmbogățit cu acizi AHA și PHA. Asigură o reînnoire delicată a epidermei, lăsând corpul neted și subtil parfumat.",bb49d0_a6350eef81b84fb3828812a3d1b45641~mv2.jpg,Săpun de mâini;Baie;Gel de duș;Baie & Corp;Scottish Fine Soaps,5016365102537,78,"Aplicați generos pe pielea umedă până se formează spumă, apoi clătiți cu apă caldă, pentru a lăsa pielea curată și revigorată.","Aqua (Water), Sodium Laureth Sulfate, Sodium Chloride, Parfum (Fragrance), Gluconolactone, Tartaric Acid, Caustic Soda, Panthenol (Vitamin B5), Glycolic Acid, Cocamidopropyl Betaine, Sodium Benzoate, Tetrasodium Glutamate Diacetate, Potassium Sorbate, Propylene Glycol, PEG-120 Methyl Glucose Trioleate, Alpha-Isomethyl Ionone, Citrus Aurantium Peel Oil, Citrus Limon Peel Oil, Coumarin, Geraniol, Hexamethylindanopyran, Juniperus Virginiana Oil, Limonene, Linalyl Acetate, Pogostemon Cablin Oil, Tetramethyl Acetyloctahydronaphthalenes, Trimethylcyclopentenyl Methylisopentenol, Vanillin, CI 17200 (Red No.33)",Nu ţineţi la îndemâna copiilor. Împotriva testării pe animale. Evitaţi contactul cu ochii. În caz de contact clătiți abundent cu apă. Nu este comestibil.,"Informatii privind identificarea producatorului, inclusiv datele de contact ale acestuia. Denumirea companiei: Scottish Fine Soaps Adresa Sediului: North Main Street, Carronshore, Falkirk, FK28HT Adresa email: sales@scottishfinesoaps.com",Scottish Fine Soaps
"Scottish Fine Soaps, Dragonfruit & Hibiscus Gel de Dus si Maini, 300ml","Exfoliază blând cu un gel de duș fructat exotic cu Dragonfruit, AHA și PHA. Spălarea netezește și reînnoiește textura pielii, oferind un parfum revigorant, extrem de delicat.",bb49d0_da08035778f14dcf87d3354c91669016~mv2.jpg,Săpun de mâini;Baie;Gel de duș;Baie & Corp;Scottish Fine Soaps,5016365102544,78,"Aplicați generos pe pielea umedă până se formează spumă, apoi clătiți cu apă caldă, pentru a lăsa pielea curată și revigorată.","Aqua (Water), Sodium Laureth Sulfate, Sodium Chloride, Parfum (Fragrance), Gluconolactone, Tartaric Acid, Caustic Soda, Panthenol (Vitamin B5), Glycolic Acid, Cocamidopropyl Betaine, Sodium Benzoate, Tetrasodium Glutamate Diacetate, Potassium Sorbate, Propylene Glycol, PEG-120 Methyl Glucose Trioleate, Tetramethyl Acetyloctahydronaphthalenes, CI 19140 (Red No.33), CI 42090 (Blue No.1)",Nu ţineţi la îndemâna copiilor. Împotriva testării pe animale. Evitaţi contactul cu ochii. În caz de contact clătiți abundent cu apă. Nu este comestibil.,"Informatii privind identificarea producatorului, inclusiv datele de contact ale acestuia. Denumirea companiei: Scottish Fine Soaps Adresa Sediului: North Main Street, Carronshore, Falkirk, FK28HT Adresa email: sales@scottishfinesoaps.com",Scottish Fine Soaps
"Scottish Fine Soaps, Lime Zest & Vanilla Gel de Dus si Maini, 300ml","Energizează-ți pielea dimineața cu un săpun lichid revigorant cu lime și vanilie. Conține AHA și PHA pentru a catifela, reînnoi și lăsa epiderma frumos parfumată și netedă.",bb49d0_197bc4d09f9d43188f5250799209e942~mv2.jpg,Săpun de mâini;Baie;Gel de duș;Baie & Corp;Scottish Fine Soaps,5016365102551,78,"Aplicați generos pe pielea umedă până se formează spumă, apoi clătiți cu apă caldă, pentru a lăsa pielea curată și revigorată.","Aqua (Water), Sodium Laureth Sulfate, Sodium Chloride, Parfum (Fragrance), Gluconolactone, Tartaric Acid, Caustic Soda, Panthenol (Vitamin B5), Glycolic Acid, Cocamidopropyl Betaine, Sodium Benzoate, Tetrasodium Glutamate Diacetate, Potassium Sorbate, Propylene Glycol, PEG-120 Methyl Glucose Trioleate, Benzyl Salicylate, Coumarin, Hexyl Cinnamal, Hydroxycitronellal, Linalool, Tetramethyl Acetyloctahydronaphthalenes, CI 19140 (Yellow No.5), CI 42090 (Blue No.1)",Nu ţineţi la îndemâna copiilor. Împotriva testării pe animale. Evitaţi contactul cu ochii. În caz de contact clătiți abundent cu apă. Nu este comestibil.,"Informatii privind identificarea producatorului, inclusiv datele de contact ale acestuia. Denumirea companiei: Scottish Fine Soaps Adresa Sediului: North Main Street, Carronshore, Falkirk, FK28HT Adresa email: sales@scottishfinesoaps.com",Scottish Fine Soaps
"Scottish Fine Soaps, White Peach & Jasmine Gel de Dus si Maini, 300ml","Calmează și curăță corpul cu un gel de duș hidratant cu acid AHA și PHA. Reînnoiește textura pielii și te bucură cu un parfum fructat floral, ușor și proaspăt.",bb49d0_8e7ed6cdae6145859b30babdf04dcb30~mv2.jpg,Săpun de mâini;Baie;Gel de duș;Baie & Corp;Scottish Fine Soaps,5016365102568,78,"Aplicați generos pe pielea umedă până se formează spumă, apoi clătiți cu apă caldă, pentru a lăsa pielea curată și revigorată.","Aqua (Water), Sodium Laureth Sulfate, Sodium Chloride, Parfum (Fragrance), Gluconolactone, Tartaric Acid, Caustic Soda, Panthenol (Vitamin B5), Glycolic Acid, Cocamidopropyl Betaine, Sodium Benzoate, Tetrasodium Glutamate Diacetate, Potassium Sorbate, Propylene Glycol, PEG-120 Methyl Glucose Trioleate, Alpha-Isomethyl Ionone, Benzyl Salicylate, Citrus Aurantium Peel Oil, Coumarin, Hexyl Cinnamal, Limonene, Linalool, Linalyl Acetate, CI 14700 (Red No.4)",Nu ţineţi la îndemâna copiilor. Împotriva testării pe animale. Evitaţi contactul cu ochii. În caz de contact clătiți abundent cu apă. Nu este comestibil.,"Informatii privind identificarea producatorului, inclusiv datele de contact ale acestuia. Denumirea companiei: Scottish Fine Soaps Adresa Sediului: North Main Street, Carronshore, Falkirk, FK28HT Adresa email: sales@scottishfinesoaps.com",Scottish Fine Soaps
"Scottish Fine Soaps, Calluna Botanicals Crema de Maini, 75ml",Păstrează pielea fină cu o cremă de mâini hrănitoare bogată în uleiuri naturale și 10% unt de shea. Elimină substanțele chimice inutile și oferă un parfum premium de trandafir și vanilie.,7888ab_ea745f1e68a74fc88d3efa8105fc41de~mv2.png,Calluna Botanicals;Cremă de mâini;Baie & Corp;Îngrijire Corp;Scottish Fine Soaps,5016365032742,41,Aplicati pe pielea curata si masati pana la absorbtia completa,"Aqua (Water), Butyrospermum Parkii (Shea) Butter, Prunus Amygdalus Dulcis (Sweet Almond) Oil, Cetearyl Alcohol, Parfum (Fragrance), Olea Europaea (Olive) Fruit Oil, Isopropyl Palmitate, Phenoxyethanol, Glycerin, Glyceryl Stearate, PEG-20 Stearate, Theobroma Cacao (Cocoa) Seed Butter, Ethylhexylglycerin",Nu ţineţi la îndemâna copiilor. Împotriva testării pe animale. Evitaţi contactul cu ochii. În caz de contact clătiți abundent cu apă. Nu este comestibil.,"Informatii privind identificarea producatorului, inclusiv datele de contact ale acestuia. Denumirea companiei: Scottish Fine Soaps Adresa Sediului: North Main Street, Carronshore, Falkirk, FK28HT Adresa email: sales@scottishfinesoaps.com",Scottish Fine Soaps
"Scottish Fine Soaps, Calluna Botanicals Crema de Corp, 300ml","Hidratează-ți profund pielea cu o loțiune de corp parfumată cu jojoba și unt de shea. O emulsie bogată, naturală, ce hrănește și captivează simțurile cu note fine de trandafir și bergamotă.",7888ab_8e309bdf4e6b4e1ea0c76308a53e5017~mv2.png,Hidratare;Calluna Botanicals;Cremă de corp;Baie & Corp;Îngrijire Corp;Scottish Fine Soaps,5016365032728,60,Aplicati o cantitate mica pe pielea curata si masati pana la absorbtia completa,"Aqua (Water), Glycerin, Prunus Amygdalus Dulcis (Sweet Almond) Oil, Butyrospermum Parkii (Shea) Butter, Cetearyl Alcohol, Stearic Acid, Isopropyl Palmitate, Parfum (Fragrance), Phenoxyethanol, Glyceryl Stearate, Simmondsia Chinensis (Jojoba) Seed Oil, PEG-20 Stearate, Brassica Napus Seed (Rapeseed) Oil, Calluna Vulgaris (Heather) Extract, Ethylhexylglycerin",Nu ţineţi la îndemâna copiilor. Împotriva testării pe animale. Evitaţi contactul cu ochii. În caz de contact clătiți abundent cu apă. Nu este comestibil.,"Informatii privind identificarea producatorului, inclusiv datele de contact ale acestuia. Denumirea companiei: Scottish Fine Soaps Adresa Sediului: North Main Street, Carronshore, Falkirk, FK28HT Adresa email: sales@scottishfinesoaps.com",Scottish Fine Soaps
"Scottish Fine Soaps, Calluna Botanicals Sapun de Maini, 300ml","Protejează mâinile la fiecare spălare cu un săpun lichid mâini luxos, formulat din extracte naturale. Curăță cu o spumă bogată, hidratând intens și lăsând un parfum floral captivant.",bb49d0_c21838f8bd834d8fa85167ba501fe409~mv2.jpg,Săpun de mâini;Baie;Calluna Botanicals;Baie & Corp;Scottish Fine Soaps,5016365003810,50,"Aplicati pe pielea umeda, faceti spuma, apoi clatiti abundent","Aqua (Water), Cocamidopropyl Betaine, Coco Glucoside, Glycerin, Parfum (Fragrance), Xanthan Gum, Phenoxyethanol, Ethylhexylglycerin, Caprylyl Glycol, Tetrasodium Glutamate Diacetate, Calluna Vulgaris (Heather) Extract, Citronellol",Nu ţineţi la îndemâna copiilor. Împotriva testării pe animale. Evitaţi contactul cu ochii. În caz de contact clătiți abundent cu apă. Nu este comestibil.,"Informatii privind identificarea producatorului, inclusiv datele de contact ale acestuia. Denumirea companiei: Scottish Fine Soaps Adresa Sediului: North Main Street, Carronshore, Falkirk, FK28HT Adresa email: sales@scottishfinesoaps.com",Scottish Fine Soaps
"Scottish Fine Soaps, Scottish Fine Naturals Set Duo de Lux","Răsfață-te cu un set duo lux îngrijire creat din ingrediente de origine naturală. Gelul delicat și loțiunea bogată hrănesc pielea, protejează și revitalizează corpul cu texturi luxuriante.",bb49d0_4aeebf84d22240279ec210345ad09b21~mv2.jpg,Seturi Cadou;GIFTS;Scottish Fine Naturals;Seturi;Baie & Corp;Scottish Fine Soaps,5016365033107,150,"Gel de curățare: Aplicați pe pielea umedă, faceți spumă și clătiți. Loțiune: Aplicați pe pielea curată și masați ușor până la absorbția completă.","Aqua (Water), Glycerin, Cetearyl Alcohol, Prunus Amygdalus Dulcis (Sweet Almond) Oil, Stearic Acid, Cocamidopropyl Betaine, Parfum (Fragrance), Phenoxyethanol, Glyceryl Stearate, PEG-20 Stearate, Ethylhexylglycerin, Linalool, Limonene",Nu ţineţi la îndemâna copiilor. Împotriva testării pe animale. Evitaţi contactul cu ochii. În caz de contact clătiți abundent cu apă. Nu este comestibil.,"Informatii privind identificarea producatorului, inclusiv datele de contact ale acestuia. Denumirea companiei: Scottish Fine Soaps Adresa Sediului: North Main Street, Carronshore, Falkirk, FK28HT Adresa email: sales@scottishfinesoaps.com",Scottish Fine Soaps
"Scottish Fine Soaps, Sea Kelp Set Duo de Lux",Inspiră prospețimea oceanului cu acest set cadou produse baie bazat pe extracte de alge marine. Antioxidanții din gelul de duș și loțiunea nutritivă oferă o experiență de spa revigorantă.,bb49d0_a5575ae283004b259b0b50f16c3de68c~mv2.jpg,Seturi Cadou;Sea Kelp;GIFTS;Seturi;Baie & Corp;Scottish Fine Soaps,5016365032476,150,"Gel de curățare: Aplicați o cantitate mică pe pielea umedă, masați pentru a forma spumă, apoi clătiți. Loțiune: Masați pe pielea uscată și curată până la absorbția completă.","Aqua (Water), Sodium Laureth Sulfate, Sodium Chloride, Parfum (Fragrance), Cocamidopropyl Betaine, Glycerin, Fucus Vesiculosus (Kelp) Extract, Benzyl Alcohol, Linalool, Citronellol",Nu ţineţi la îndemâna copiilor. Împotriva testării pe animale. Evitaţi contactul cu ochii. În caz de contact clătiți abundent cu apă. Nu este comestibil.,"Informatii privind identificarea producatorului, inclusiv datele de contact ale acestuia. Denumirea companiei: Scottish Fine Soaps Adresa Sediului: North Main Street, Carronshore, Falkirk, FK28HT Adresa email: sales@scottishfinesoaps.com",Scottish Fine Soaps
"Super Facialist, Clear Skin Crema Hidratanta Pore-Fect, 75ml","Controlează sebumul toată ziua cu o cremă ten acneic formulată cu niacinamide 3% și prebiotice. Minimizează aspectul gras, reduce coșurile și echilibrează bariera naturală a pielii.",bb49d0_31bdfaed07e349a1b705f7f4986c3f58~mv2.jpg,Imperfecțiuni;Cremă hidratantă;Îngrijire Față;Ten acneic și mixt;Clear Skin;SKINCARE;Super Facialist;Cremă de Față,5060929651535,64,"În fiecare dimineață și seară, aplicați o cantitate mică (de mărimea unei afine!) pe pielea curată.","Aqua, Coco-Caprylate/Caprate, Glycerin, Niacinamide, Tapioca Starch, Butylene Glycol, Phenoxyethanol, Propanediol, Acrylates/C10-30 Alkyl Acrylate Crosspolymer, Inulin, Sodium Stearoyl Glutamate, Hamamelis Virginiana Extract, Ethylhexylglycerin, Sodium Hydroxide, Disodium EDTA, Melaleuca Alternifolia Leaf Oil, Polymethylsilsesquioxane, Fructose, CI 75810, Limonene, Benzyl Alcohol, Ethyl Acetate, Acrylic Acid, Dehydroacetic Acid.",Nu ţineţi la îndemâna copiilor. Împotriva testării pe animale. Evitaţi contactul cu ochii. În caz de contact clătiți abundent cu apă. Nu este comestibil.,"Informatii privind identificarea producatorului, inclusiv datele de contact ale acestuia. Denumirea companiei: Brand Architekts Adresa Sediului: N8 Waldegrave Road, Teddington, London, TW11 8GT, UK Adresa email: info@brandarchitekts.com",Super Facialist
"Super Facialist, Clear Skin Gel Purifiant pentru Imperfectiuni, 15ml","Combate rapid erupțiile cu un tratament local imperfecțiuni bogat în niacinamidă. Creat special pentru aplicare punctuală pe coșuri, acest gel dermatologic teste vegan calmează iritațiile.",bb49d0_53a25e279f944118901927d0d8c06d0d~mv2.jpg,Imperfecțiuni;Îngrijire Față;Ten acneic și mixt;Clear Skin;SKINCARE;Super Facialist,5060929651573,54,Aplicați direct pe pielea curată și uscată ori de câte ori observați o pată.,"Aqua, Alcohol Denat., Niacinamide, Glycerin, Hamamelis Virginiana Extract, Acrylates/C10-30 Alkyl Acrylate Crosspolymer, Saccharide Isomerate, Inulin, Triethanolamine, Melaleuca Alternifolia Leaf Oil, Fructose, Limonene, Benzyl Alcohol, Dehydroacetic Acid.",Nu ţineţi la îndemâna copiilor. Împotriva testării pe animale. Evitaţi contactul cu ochii. În caz de contact clătiți abundent cu apă. Nu este comestibil.,"Informatii privind identificarea producatorului, inclusiv datele de contact ale acestuia. Denumirea companiei: Brand Architekts Adresa Sediului: N8 Waldegrave Road, Teddington, London, TW11 8GT, UK Adresa email: info@brandarchitekts.com",Super Facialist
"Super Facialist, Clear Skin Masca Purifianta, 125ml","Curăță porii în profunzime folosind o mască purifiantă ten cu cărbune, argilă și niacinamidă. Prebioticele din cicoare reechilibrează pielea și previn apariția viitoarelor erupții de acnee.",bb49d0_936c60ee3d7b49058d19cf03b5688977~mv2.jpg,Seruri & Măști;Imperfecțiuni;Îngrijire Față;Ten acneic și mixt;Clear Skin;SKINCARE;Super Facialist,5060929651511,54,"Aplicați un strat gros pe pielea curată, evitând zona ochilor. Lăsați să acționeze aproximativ 10 minute pentru a lăsa masca să-și facă magia, apoi clătiți cu apă caldă.ATENTIONARI: EVITATI CONTACTUL CU OCHII. IN CAZUL CONTACTULUI CU OCHII, CLATITI ABUNDENT CU APA CALDA. NU LASATI LA INDEMANA CO","Aqua, Kaolin, Cetearyl Alcohol, Ceteareth-20, Stearic Acid, Butyrospermum Parkii Butter, Glyceryl Stearate, Prunus Amygdalus Dulcis Oil, Glycerin, Niacinamide, Phenoxyethanol, Xanthan Gum, Hamamelis Virginiana Extract, Inulin, Microcrystalline Cellulose, Cellulose, Ethylhexylglycerin, Melaleuca Alternifolia Leaf Oil, Sodium Hydroxide, Tocopheryl Acetate, Charcoal Powder, Fructose, Dehydroacetic Acid.",Nu ţineţi la îndemâna copiilor. Împotriva testării pe animale. Evitaţi contactul cu ochii. În caz de contact clătiți abundent cu apă. Nu este comestibil.,"Informatii privind identificarea producatorului, inclusiv datele de contact ale acestuia. Denumirea companiei: Brand Architekts Adresa Sediului: N8 Waldegrave Road, Teddington, London, TW11 8GT, UK Adresa email: info@brandarchitekts.com",Super Facialist
"Super Facialist, Clear Skin Ser, 30ml",Previne uscăciunea și reapariția coșurilor cu un ser anti-acnee puternic hidratant. Complexul unic de echilibrare a sebumului asigură o piele sănătoasă și previne formarea erupțiilor.,bb49d0_cf46fba9d6dd4b268ff935b9cad93239~mv2.jpg,Seruri & Măști;Imperfecțiuni;Îngrijire Față;Ten acneic și mixt;Clear Skin;SKINCARE;Super Facialist,5060929651559,64,"În fiecare dimineață și seară, aplicați 3-4 picături pe vârful degetelor și apoi masați pe pielea curată înainte de a aplica crema hidratantă. ATENTIONARI: EVITATI CONTACTUL CU OCHII. IN CAZUL CONTACTULUI CU OCHII, CLATITI ABUNDENT CU APA CALDA. NU LASATI LA INDEMANA COPIILOR.","Aqua, Niacinamide, Caprylic/Capric Triglyceride, Polyglyceryl-6 Stearate, Tapioca Starch, Glycerin, Stearyl Alcohol, Hamamelis Virginiana Extract, Phenoxyethanol, Glyceryl Stearate, Saccharide Isomerate, Inulin, Xanthan Gum, POLYGLYCERYL-2 TETRABEHENATE, Ethylhexylglycerin, Sodium Hydroxide, Melaleuca Alternifolia Leaf Oil, Fructose, Benzyl Alcohol, Limonene, Dehydroacetic Acid.",Nu ţineţi la îndemâna copiilor. Împotriva testării pe animale. Evitaţi contactul cu ochii. În caz de contact clătiți abundent cu apă. Nu este comestibil.,"Informatii privind identificarea producatorului, inclusiv datele de contact ale acestuia. Denumirea companiei: Brand Architekts Adresa Sediului: N8 Waldegrave Road, Teddington, London, TW11 8GT, UK Adresa email: info@brandarchitekts.com",Super Facialist
"Super Facialist, Clear Skin Exfoliant Zilnic, 150ml","Îndepărtează impuritățile blând cu un scrub facial zilnic pe bază de pulbere de rocă vulcanică. Îmbogățit cu niacinamide, prebiotice și ceai verde, protejează tenul de coșuri supărătoare.",bb49d0_eaefdd144d6647d98d67e9925923372e~mv2.jpg,Imperfecțiuni;Îngrijire Față;Ten acneic și mixt;Curățare;Clear Skin;SKINCARE;Super Facialist,5060929651498,44,"În fiecare dimineață și seară, aplicati o cantitate mică pe vârful degetelor și masați ușor pe fața și gâtul umed. Clătiți cu apă caldă și uscați pielea.","Aqua, Sodium Lauroyl Sarcosinate, Pumice, Cocamidopropyl Betaine, Glycerin, Niacinamide, Coco-Glucoside, Glyceryl Oleate, Phenoxyethanol, Acrylates/C10-30 Alkyl Acrylate Crosspolymer, Hamamelis Virginiana Extract, Inulin, Sodium Hydroxide, Citric Acid, Ethylhexylglycerin, Melaleuca Alternifolia Leaf Oil, Fructose, Ethyl Acetate, Acrylic Acid, Tocopherol, Hydrogenated Palm Glycerides Citrate, Dehydroacetic Acid.",Nu ţineţi la îndemâna copiilor. Împotriva testării pe animale. Evitaţi contactul cu ochii. În caz de contact clătiți abundent cu apă. Nu este comestibil.,"Informatii privind identificarea producatorului, inclusiv datele de contact ale acestuia. Denumirea companiei: Brand Architekts Adresa Sediului: N8 Waldegrave Road, Teddington, London, TW11 8GT, UK Adresa email: info@brandarchitekts.com",Super Facialist
"Super Facialist, Salicylic Crema Hidratanta, 50ml","Absoarbe excesul de sebum și matifiază tenul cu o cremă cu acid salicilic 1%. Prebioticele și tapioca ajută la echilibrarea pielii, combătând erupțiile pentru un ten mai curat.",bb49d0_87e2d8a739fe42f18794875785a025cc~mv2.jpg,Imperfecțiuni;Cremă hidratantă;Îngrijire Față;Ten acneic și mixt;SKINCARE;Salicylic;Super Facialist;Cremă de Față,5060528329927,84,"Masați în fiecare dimineață și seară pe fața curată. ATENTIONARI: EVITATI CONTACTUL CU OCHII. IN CAZUL CONTACTULUI CU OCHII, CLATITI ABUNDENT CU APA CALDA. NU LASATI LA INDEMANA COPIILOR.","Aqua (Water), Glycerin, Propanediol, Dimethicone, Hydroxyethyl Acrylate/Sodium Acryloyldimethyl Taurate Copolymer, Tapioca Starch, Niacinamide, Salicylic Acid, Aloe Barbadensis Leaf Juice, Phenoxyethanol, Alpha-Glucan Oligosaccharide, Maltodextrin, Triethyl Citrate, Parfum (Fragrance), Sodium Hydroxide, Nasturtium Officinale Flower/Leaf/Stem Extract, Polysorbate 60, Sorbitan Isostearate, Equisetum Arvense (Horsetail) Extract, Urtica Dioica (Nettle) Extract, Disodium EDTA, Ethylhexylglycerin, Hexyl Cinnamal, Benzyl Salicylate, Geraniol, Benzyl Benzoate, Limonene, Linalool, Citronellol, Potassium Sorbate, Citric Acid.",Nu ţineţi la îndemâna copiilor. Împotriva testării pe animale. Evitaţi contactul cu ochii. În caz de contact clătiți abundent cu apă. Nu este comestibil.,"Informatii privind identificarea producatorului, inclusiv datele de contact ale acestuia. Denumirea companiei: Brand Architekts Adresa Sediului: N8 Waldegrave Road, Teddington, London, TW11 8GT, UK Adresa email: info@brandarchitekts.com",Super Facialist
"Super Facialist, Salicylic Gel Purifiant pentru Imperfectiuni, 15ml","Redu rapid petele și roșeața cu un gel tratament acnee formulat cu zinc și 1% acid salicilic. Niacinamidele vizează direct coșurile, diminuând dimensiunea acestora în doar trei zile.",bb49d0_98f1bfce707c429d86e24395b7a87e8c~mv2.jpg,Imperfecțiuni;Îngrijire Față;Ten acneic și mixt;SKINCARE;Salicylic;Super Facialist,5060528329941,60,"După curățare, aplicați o cantitate mică direct pe pată și uscați încet. Reaplicați dacă este necesar. ATENTIONARI: EVITATI CONTACTUL CU OCHII. IN CAZUL CONTACTULUI CU OCHII, CLATITI ABUNDENT CU APA CALDA. NU LASATI LA INDEMANA COPIILOR.","Aqua (Water), Alcohol Denat., Propylene Glycol, Sodium Lactate, Glycerin, Niacinamide, Salicylic Acid, Phenoxyethanol, Xanthan Gum, Maltodextrin, Aloe Barbadensis Leaf Juice, Nasturtium Officinale Flower/Leaf/Stem Extract, Sodium Hydroxide, Equisetum Arvense (Horsetail) Extract, Urtica Dioica (Nettle) Extract, Ethylhexylglycerin, Zinc PCA, Disodium EDTA, Potassium Sorbate, Citric Acid.",Nu ţineţi la îndemâna copiilor. Împotriva testării pe animale. Evitaţi contactul cu ochii. În caz de contact clătiți abundent cu apă. Nu este comestibil.,"Informatii privind identificarea producatorului, inclusiv datele de contact ale acestuia. Denumirea companiei: Brand Architekts Adresa Sediului: N8 Waldegrave Road, Teddington, London, TW11 8GT, UK Adresa email: info@brandarchitekts.com",Super Facialist
"Scottish Fine Soaps, Gel De Baie Si Dus Boost, 250ml","Îmbunătățește-ți starea de spirit cu un gel de duș energizant infuzat cu săruri Epsom și acid lactic. Reînnoiește pielea, în timp ce uleiurile de bergamotă și neroli te revigorează.",7888ab_ea10114371ab4728a18ed3b6e79bc0ab~mv2.png,Baie;Aromatherapy;Gel de duș;Baie & Corp;Scottish Fine Soaps,5016365042727,58,"Spumați cu generozitate pe pielea umedă, apoi clătiți cu apă caldă, pentru a lăsa pielea curată și revitalizată.","Aqua (Water), Cocamidopropyl Betaine, Coco Glucoside, Glycerin, Xanthan Gum, Citrus Aurantium Flower (Neroli) Oil, Citrus Bergamia (Bergamot) Peel Oil, Cupressus Funebris Endlicher (Cedarwood) Oil, Lactic Acid, Magnesium Sulphate, Coriandrum Satvium (Coriander) Oil, Sodium Benzoate, Tetrasodium Glutamate Diacetate, Potassium Sorbate, Elettaria Cardomomum (Cardamom) Seed Oil, Linalool, Limonene, Geraniol, Citral, Citronellol, Farnesol",Nu ţineţi la îndemâna copiilor. Împotriva testării pe animale. Evitaţi contactul cu ochii. În caz de contact clătiți abundent cu apă. Nu este comestibil.,"Informatii privind identificarea producatorului, inclusiv datele de contact ale acestuia. Denumirea companiei: Scottish Fine Soaps Adresa Sediului: North Main Street, Carronshore, Falkirk, FK28HT Adresa email: sales@scottishfinesoaps.com",Scottish Fine Soaps
"Scottish Fine Soaps, Gel De Baie Si Dus Sleep, 250ml",Relaxează-ți corpul înainte de culcare cu un gel de duș relaxant cu lavandă și mușețel. Sărurile Epsom revitalizante și acidul lactic susțin reînnoirea pielii pe parcursul nopții.,7888ab_05cffc9b0cc14c77ac6dd69e7932b4bd~mv2.png,Baie;Aromatherapy;Gel de duș;Baie & Corp;Scottish Fine Soaps,5016365042734,58,"Spumați cu generozitate pe pielea umedă, apoi clătiți cu apă caldă, pentru a lăsa pielea curată și revitalizată.","Aqua (Water), Cocamidopropyl Betaine, Coco Glucoside, Lavandula Angustifolia (Lavender) Herb Oil, Glycerin, Xanthan Gum, Magnesium Sulphate, Sodium Benzoate, Tetrasodium Glutamate Diacetate, Mentha Piperita (Peppermint) Oil, Lactic Acid, Potassium Sorbate, Anthemis Nobilis Flower (Chamomile) Oil, Linalool, Limonene, Geraniol",Nu ţineţi la îndemâna copiilor. Împotriva testării pe animale. Evitaţi contactul cu ochii. În caz de contact clătiți abundent cu apă. Nu este comestibil.,"Informatii privind identificarea producatorului, inclusiv datele de contact ale acestuia. Denumirea companiei: Scottish Fine Soaps Adresa Sediului: North Main Street, Carronshore, Falkirk, FK28HT Adresa email: sales@scottishfinesoaps.com",Scottish Fine Soaps
"Scottish Fine Soaps, Gel De Baie Si Dus Breathe, 250ml",Purifică-ți mintea cu un gel de baie aromaterapie îmbogățit cu uleiuri esențiale vindecătoare de eucalipt. Curăță și reînnoiește pielea datorită acidului lactic și sărurilor Epsom.,7888ab_5a741b0eb3034d618db120c6c41276cd~mv2.png,Baie;Aromatherapy;Gel de duș;Baie & Corp;Scottish Fine Soaps,5016365042741,58,"Spumați cu generozitate pe pielea umedă, apoi clătiți cu apă caldă, pentru a lăsa pielea curată și revitalizată.","Aqua (Water), Cocamidopropyl Betaine, Coco Glucoside, Eucalyptus Globulus Oil, Glycerin, Xanthan Gum, Magnesium Sulphate, Sodium Benzoate, Tetrasodium Glutamate Diacetate, Lactic Acid, Potassium Sorbate, Citrus Limon Peel (Lemon) Oil, Rosmarinus Officinalis (Rosemary) Leaf Oil, Foeniculum Vulgare (Fennel) Oil, Limonene, Citral, Linalool",Nu ţineţi la îndemâna copiilor. Împotriva testării pe animale. Evitaţi contactul cu ochii. În caz de contact clătiți abundent cu apă. Nu este comestibil.,"Informatii privind identificarea producatorului, inclusiv datele de contact ale acestuia. Denumirea companiei: Scottish Fine Soaps Adresa Sediului: North Main Street, Carronshore, Falkirk, FK28HT Adresa email: sales@scottishfinesoaps.com",Scottish Fine Soaps
"Scottish Fine Soaps, Gel De Baie Si Dus Clarity, 250ml",Experimentează o liniște profundă cu un gel de duș calmant bogat în ulei de salvie și vetiver. Revigorează epiderma datorită acidului lactic exfoliant și sărurilor Epsom revitalizante.,7888ab_513eb70b80864e85ba285d1b5521365f~mv2.png,Baie;Aromatherapy;Gel de duș;Baie & Corp;Scottish Fine Soaps,5016365042758,58,"Spumați cu generozitate pe pielea umedă, apoi clătiți cu apă caldă, pentru a lăsa pielea curată și revitalizată.","Aqua (Water), Cocamidopropyl Betaine, Coco Glucoside, Cymbopogon Flexuosus (Lemongrass) Oil, Glycerin, Xanthan Gum, Magnesium Sulphate, Sodium Benzoate, Citrus Bergamia (Bergamot) Oil, Salvia Sclarea (Clary Sage) Oil, Tetrasodium Glutamate Diacetate, Lactic Acid, Vetiveria Zizanoides (Vetiver) Root Oil, Potassium Sorbate, Citral, Limonene, Linalool, Geraniol",Nu ţineţi la îndemâna copiilor. Împotriva testării pe animale. Evitaţi contactul cu ochii. În caz de contact clătiți abundent cu apă. Nu este comestibil.,"Informatii privind identificarea producatorului, inclusiv datele de contact ale acestuia. Denumirea companiei: Scottish Fine Soaps Adresa Sediului: North Main Street, Carronshore, Falkirk, FK28HT Adresa email: sales@scottishfinesoaps.com",Scottish Fine Soaps
"Scottish Fine Soaps, Sapun Solid Boost, 100g","Aromaterapie în fiecare dimineață cu un săpun solid energizant cu uleiuri esențiale și magneziu. Uleiul de avocado hidratează profund, stimulând o curățare plină de vitalitate și stare de bine.",bb49d0_9a75ca8a139142a0a09b52d600355d06~mv2.jpg,Baie;Aromatherapy;Săpun;Baie & Corp;Scottish Fine Soaps,5016365042352,35,Spumați pe pielea umedă pentru a curăța delicat. Apoi clătiți bine cu apă caldă.,"Sodium Oleate, Sodium Stearate, Sodium Cocoate, Aqua (Water), Glycerin, Citrus Aurantium Amara (Neroli) Flower Oil, Citrus Bergamia Peel (Bergamot) Oil Expressed, Cupressus Funebris Endlicher (Cedarwood) Oil, Sodium Chloride, Coriander Sativum (Coriander) Oil, Tetrasodium Iminodisuccinate, Magnesium Chloride, Persea Grattissima (Avocado) Oil, Elettaria Cardamomum (Cardamom) Seed Oil, Sodium Gluconate, Citral, Geraniol, Linalool, Limonene, Citronellol, Farnesol.",Nu ţineţi la îndemâna copiilor. Împotriva testării pe animale. Evitaţi contactul cu ochii. În caz de contact clătiți abundent cu apă. Nu este comestibil.,"Informatii privind identificarea producatorului, inclusiv datele de contact ale acestuia. Denumirea companiei: Scottish Fine Soaps Adresa Sediului: North Main Street, Carronshore, Falkirk, FK28HT Adresa email: sales@scottishfinesoaps.com",Scottish Fine Soaps
"Scottish Fine Soaps, Sapun Solid Sleep, 100g","Pregătește-te pentru somn folosind un săpun solid relaxant ce calmează pielea și mintea. Untul de shea hrănitor, jojoba și magneziul oferă o hidratare delicată de aromaterapie nocturnă.",bb49d0_faeab0adf578453d9aac4c47a9605d6d~mv2.jpg,Baie;Aromatherapy;Săpun;Baie & Corp;Scottish Fine Soaps,5016365042369,35,Spumați pe pielea umedă pentru a curăța delicat. Apoi clătiți bine cu apă caldă.,"Sodium Oleate, Sodium Stearate, Sodium Cocoate, Aqua (Water), Glycerin, Lavandula Angustifolia (Lavender) Herb Oil, Sodium Chloride, Tetrasodium Iminodisuccinate, Magnesium Chloride, Mentha Piperita (Peppermint) Oil, Butyrospermum Parkii (Shea Butter), Simmondsia Chinensis (Jojoba) Seed Oil, Anthemis Nobilis Flower (Chamomile) Oil, Sodium Gluconate, Geraniol, Limonene, Linalool",Nu ţineţi la îndemâna copiilor. Împotriva testării pe animale. Evitaţi contactul cu ochii. În caz de contact clătiți abundent cu apă. Nu este comestibil.,"Informatii privind identificarea producatorului, inclusiv datele de contact ale acestuia. Denumirea companiei: Scottish Fine Soaps Adresa Sediului: North Main Street, Carronshore, Falkirk, FK28HT Adresa email: sales@scottishfinesoaps.com",Scottish Fine Soaps
"Scottish Fine Soaps, Sapun Solid Breathe, 100g",Purifică epiderma cu un săpun solid revigorant infuzat cu uleiuri de aromaterapie și măceșe. Magneziul și uleiul de camelină bogat în omega refac și protejează bariera naturală a pielii.,bb49d0_cf5e3384036d4371ac6971fcd1cc2e86~mv2.jpg,Baie;Aromatherapy;Săpun;Baie & Corp;Scottish Fine Soaps,5016365042376,35,Spumați pe pielea umedă pentru a curăța delicat. Apoi clătiți bine cu apă caldă.,"Sodium Oleate, Sodium Stearate, Sodium Cocoate, Aqua (Water), Glycerin, Eucalyptus Globulus (Eucalyptus) Leaf Oil, Citrus Limon (Lemon) Peel Oil, Sodium Chloride, Tetrasodium Iminodisuccinate, Magnesium Chloride, Camelina Sativa Oil, Sodium Gluconate, Rosemarinus Officinalis (Rosemary) Leaf Oil, Foeniculum Vulgare (Fennel) Oil, Rosa Canina Fruit (Rosehip) Extract, Potassium Sorbate, Sodium Benzoate, Citral, Limonene, Linalool.",Nu ţineţi la îndemâna copiilor. Împotriva testării pe animale. Evitaţi contactul cu ochii. În caz de contact clătiți abundent cu apă. Nu este comestibil.,"Informatii privind identificarea producatorului, inclusiv datele de contact ale acestuia. Denumirea companiei: Scottish Fine Soaps Adresa Sediului: North Main Street, Carronshore, Falkirk, FK28HT Adresa email: sales@scottishfinesoaps.com",Scottish Fine Soaps
"Scottish Fine Soaps, Sapun Solid Clarity, 100g","Curăță delicat cu un săpun solid purifiant pentru un corp super-catifelat. Extractul din semințe de in, magneziul calmant și uleiurile esențiale oferă o îngrijire optimă de aromaterapie.",bb49d0_caea42972f3647d9b0e5e9eba32be2da~mv2.jpg,Baie;Aromatherapy;Săpun;Baie & Corp;Scottish Fine Soaps,5016365042383,35,Spumați pe pielea umedă pentru a curăța delicat. Apoi clătiți bine cu apă caldă.,"Sodium Oleate, Sodium Stearate, Sodium Cocoate, Aqua (Water), Glycerin, Citrus Bergamia Peel (Bergamot) Oil Expressed, Cymbopogon Flexuosus (Lemongrass) Oil, Sodium Chloride, Salvia Sclarea (Clary Sage) Oil, Tetrasodium Iminodisuccinate, Magnesium Chloride, Linum Usitatissumum (Flax Seed) Oil, Vetiveria Zizanoides Root (Vetivert) Oil, Sodium Gluconate, Citral, Linalool, Limonene, Geraniol.",Nu ţineţi la îndemâna copiilor. Împotriva testării pe animale. Evitaţi contactul cu ochii. În caz de contact clătiți abundent cu apă. Nu este comestibil.,"Informatii privind identificarea producatorului, inclusiv datele de contact ale acestuia. Denumirea companiei: Scottish Fine Soaps Adresa Sediului: North Main Street, Carronshore, Falkirk, FK28HT Adresa email: sales@scottishfinesoaps.com",Scottish Fine Soaps
"Scottish Fine Soaps, Sapun Solid cu Fructe de Padure, 100g","Oferă un gest parfumat cu acest săpun solid fructat antioxidant cu miros vibrant de merișoare. Triplu măcinat pentru o spumă ultra-cremoasă, curăță revigorant, fiind un cadou ideal.",7888ab_26760fdf5cc64d63adb5d6a6fb7fcac6~mv2.jpg,Scottish Fine Soaps;Săpun;Baie;Baie & Corp,5016365012836,42,"Spumați săpunul între palmele umede sub jetul de apă caldă. Masați spuma bogată pe piele (mâini sau corp) pentru a curăța delicat, apoi clătiți bine. Se recomandă păstrarea săpunului pe o săpunieră cu scurgere după utilizare, pentru a-i prelungi durata de viață.","Sodium Palmate, Sodium Cocoate, Aqua (Water), Glycerin, Parfum (Fragrance), Titanium Dioxide, Tetrasodium Etidronate, Sodium Chloride, Tetrasodium EDTA, Sodium Gluconate, Vaccinium Macrocarpon (Cranberry) Fruit Extract, Benzyl Alcohol, Benzyl Benzoate, Linalool, Alpha-Isomethyl Ionone, Citronellol.",Nu ţineţi la îndemâna copiilor. Împotriva testării pe animale. Evitaţi contactul cu ochii. În caz de contact clătiți abundent cu apă. Nu este comestibil.,"Informatii privind identificarea producatorului, inclusiv datele de contact ale acestuia. Denumirea companiei: Scottish Fine Soaps Adresa Sediului: North Main Street, Carronshore, Falkirk, FK28HT Adresa email: sales@scottishfinesoaps.com",Scottish Fine Soaps
"Scottish Fine Soaps, Sapun Solid cu Pepene, 100g","Revigorează-te cu un săpun solid hidratant cu note dulci, acvatice de pepene și castravete. Curăță blând fără să usuce, menținând pielea catifelată, perfect pentru o dimineață energizantă.",7888ab_6083e69f981746d181c1274026bd793c~mv2.jpg,Scottish Fine Soaps;Săpun;Baie;Baie & Corp,5016365012843,42,"Spumați săpunul între palmele umede sub jetul de apă caldă. Masați spuma bogată pe piele (mâini sau corp) pentru a curăța delicat, apoi clătiți bine. Se recomandă păstrarea săpunului pe o săpunieră cu scurgere după utilizare, pentru a-i prelungi durata de viață.","Sodium Palmate, Sodium Cocoate, Aqua (Water), Glycerin, Parfum (Fragrance), Titanium Dioxide, Tetrasodium Etidronate, Sodium Chloride, Tetrasodium EDTA, Sodium Gluconate, Cucumis Melo (Melon) Fruit Extract, Benzyl Alcohol, Hydroxycitronellal, Linalool, Limonene, Hexyl Cinnamal, CI 77288 (Chromium Oxide Greens), CI 19140 (Yellow 5).",Nu ţineţi la îndemâna copiilor. Împotriva testării pe animale. Evitaţi contactul cu ochii. În caz de contact clătiți abundent cu apă. Nu este comestibil.,"Informatii privind identificarea producatorului, inclusiv datele de contact ale acestuia. Denumirea companiei: Scottish Fine Soaps Adresa Sediului: North Main Street, Carronshore, Falkirk, FK28HT Adresa email: sales@scottishfinesoaps.com",Scottish Fine Soaps
"Polaar, Set Barbati",Optează pentru acest set cadou bărbați complet cu extract de Alge Boreale. Fluidul hidratant matifiant și gelul energizant 2-în-1 oferă protecție zilnică și calmare după bărbierit.,7888ab_142113b49c694a5e8a31868402808ff9~mv2.jpg;7888ab_3eaba0e81b4a4cdc961a2ef313078d2d~mv2.jpg;7888ab_f152f73698354d2d9127b5396b664ddb~mv2.jpg,Seturi Cadou;GIFTS;MEN;Polaar;Seturi MEN,3760114996701,180,"Aplicați gelul de duș pe pielea umedă și clătiți. Aplicați fluidul hidratant dimineața și seara pe fața și gâtul curate, sau imediat după bărbierit pentru calmare.","1. Crème de l'Extrême (Cremă hidratantă pentru față) Aqua (Water), Coco-Caprylate/Caprate, Caprylic/Capric Triglyceride, Pentylene Glycol, Sodium Acrylates Copolymer, Glycerin, Lecithin, Bisabolol, Ethylhexylglycerin, Propylene Glycol, Parfum (Fragrance), Tocopherol (Vitamina E), Hydrogenated Starch Hydrolysate, Helianthus Annuus (Sunflower) Seed Oil, O-Cymen-5-Ol, Polyglyceryl-3 Diisostearate, Prunus Amygdalus Dulcis (Sweet Almond) Oil, Panthenol, Hippophae Rhamnoides Fruit Extract (Olivier de Sibérie), Cinnamic Acid, Glyceryl Caprylate, Glyceryl Stearate, Levulinic Acid, Potassium Sorbate, Xanthan Gum, Citric Acid, Sodium Hydroxide, Sodium Levulinate, Sodium Phytate, Bambusa Vulgaris Shoot Extract, Nelumbo Nucifera Flower Extract, Nymphaea Alba Root Extract. 2. Gel Douche Scandinave (Gel de duș 3-în-1) Aqua (Water), Lauryl Glucoside, Disodium Cocoyl Glutamate, Glycerin, Coco-Betaine, Sodium Cocoyl Alaninate, Citric Acid, Polyacrylate Crosspolymer-6, Parfum (Fragrance), Sodium Gluconate, Sucrose Cocoate, Sodium Benzoate, Potassium Sorbate, Menthyl Lactate, T-Butyl Alcohol, Limonene, Cetraria Islandica Thallus Extract (Lichen Arctic).",Nu ţineţi la îndemâna copiilor. Împotriva testării pe animale. Evitaţi contactul cu ochii. În caz de contact clătiți abundent cu apă. Nu este comestibil.,"Informatii privind identificarea producatorului, inclusiv datele de contact ale acestuia. Denumirea companiei: Polaar Adresa Sediului: 53, rue du Rocher, 75008 Paris, France Adresa email: info@polaar.com",Polaar
"Polaar, Eternal Snow Set Cadou","Regenerează pielea cu un set cadou anti-aging bazat pe puterea florilor arctice Nunatak. Crema pentru fermitate și gelul de duș netezesc și revitalizează corpul, oferind luminozitate.",7888ab_d2eab41af881495bb28e9955b624c0b6~mv2.jpg;7888ab_2a17a17d57814d03ae55f19b2e3d245e~mv2.jpg;7888ab_5b93f16ab4974eec873f479990f31089~mv2.jpg,Seturi Cadou;Îngrijire Față;GIFTS;Seturi WOMEN;Seturi;SKINCARE;Polaar;Eternal Snow,3760114996695,180,"Crema: Se aplică în fiecare dimineață pe pielea curată (față și gât), evitând zona ochilor. Masați ușor până la absorbția completă. Gelul de Duș: Se aplică pe pielea umedă, se spumează și se clătește cu apă din abundență.","Crème Jeunesse Neige Eternelle: aqua(water/eau), glycerin, caprylic/capric triglyceride, propanediol, coco-caprylate, dipentaerythrityl hexacaprylate/hexacaprate, glyceryl hydroxystearate, peg-100 stearate, methacrylate crosspolymer, pentylene glycol, betaine, sodium polyacrylate starch, globularia cordifolia callus culture extract, isomalt, parfum(fragrance), ethylhexylglycerin, acrylates/c10-30 alkyl acrylate crosspolymer, xanthan gum, o-cymen-5-ol, tocopherol, sodium hydroxide, citric acid, glycine soja (soybean) oil, lecithin, saponaria pumila callus culture extract, potassium sorbate. Gel Douche Nuit Polaire: aqua (water/eau), lauryl glucoside, disodium cocoyl glutamate, glycerin, coco-betaine, sodium cocoyl alaninate, citric acid, polyacrylate crosspolymer-6, parfum(fragrance), sodium gluconate, sucrose cocoate, sodium benzoate, potassium sorbate, linalool, t-butyl alcohol, limonene, alpha-isomethyl ionone, palmaria palmata extract.",Nu ţineţi la îndemâna copiilor. Împotriva testării pe animale. Evitaţi contactul cu ochii. În caz de contact clătiți abundent cu apă. Nu este comestibil.,"Informatii privind identificarea producatorului, inclusiv datele de contact ale acestuia. Denumirea companiei: Polaar Adresa Sediului: 53, rue du Rocher, 75008 Paris, France Adresa email: info@polaar.com",Polaar
"Polaar, Polar Night Set Cadou",Netezește ridurile cu un set cadou revitalizant noapte infuzat cu fitomelatonină din Alge Boreale. Crema și gelul de duș regenerează toxinele și relaxează corpul pe timpul somnului.,7888ab_371ff3bd228b4b79b4fcd68b67b99d7b~mv2.jpg;7888ab_938c45672faa44f5a4c77d0e1d37ac3e~mv2.jpg,Seturi Cadou;Îngrijire Față;GIFTS;Seturi WOMEN;Seturi;SKINCARE;Polaar;Polar Night,3760114996671,180,"Crema: Se aplică seara pe pielea perfect curată și uscată (față și gât). Masați delicat cu mișcări ascendente pentru a stimula absorbția și relaxarea trăsăturilor. Gelul de Duș: Se aplică pe pielea umedă, se spumează și se clătește cu apă caldă.","Crème Nuit Polaire: aqua (water/eau), glycerin, caprylic/capric triglyceride, propanediol, glyceryl stearate, coco-caprylate, dipentaerythrityl hexacaprylate/hexacaprate, glyceryl hydroxystearate, peg-100 stearate, pentylene glycol, betaine, sodium polyacrylate starch, palmaria palmata extract, helichrysum italicum extract, parfum (fragrance), ethylhexylglycerin, acrylates/c10-30 alkyl acrylate crosspolymer, xanthan gum, o-cymen-5-ol, tocopherol, sodium hydroxide, citric acid, glycine soja (soybean) oil, limonene, linalool, alpha-isomethyl ionone, geraniol. Gel Douche Nuit Polaire: aqua (water/eau), lauryl glucoside, disodium cocoyl glutamate, glycerin, coco-betaine, sodium cocoyl alaninate, citric acid, polyacrylate crosspolymer-6, parfum(fragrance), sodium gluconate, sucrose cocoate, sodium benzoate, potassium sorbate, linalool, t-butyl alcohol, limonene, alpha-isomethyl ionone, palmaria palmata extract.",Nu ţineţi la îndemâna copiilor. Împotriva testării pe animale. Evitaţi contactul cu ochii. În caz de contact clătiți abundent cu apă. Nu este comestibil.,"Informatii privind identificarea producatorului, inclusiv datele de contact ale acestuia. Denumirea companiei: Polaar Adresa Sediului: 53, rue du Rocher, 75008 Paris, France Adresa email: info@polaar.com",Polaar
"Polaar, Polar Night Set Duo Revitalizant","Transformă-ți rutina de seară cu un set duo îngrijire noapte detoxifiant. Crema onctuoasă și elixirul uscat netezesc pielea devitalizată, oferind o rehidratare profundă și un ten luminos.",7888ab_a70256a83e2c49b895188fa45f6fa792~mv2.png;7888ab_8dd9d69a870d4ddf8199d554828ba29e~mv2.jpg,Seturi Cadou;Îngrijire Față;GIFTS;Seturi;SKINCARE;Polaar;Polar Night,3760114997272,243,"Ritualul se aplică seara, pe tenul curat și uscat: Pregătire (Elixir): Încălziți câteva picături de Elixir în palme. Aplicați pe față și gât prin mișcări ușoare de presopunctură sau masaj ascendent. Textura sa de ulei uscat intră rapid în piele și nu lasă urme grase. Tratament (Cremă): Imediat după elixir (sau singură), aplicați Crema Revitalizantă. Masați ușor din centrul feței spre exterior, netezind trăsăturile, și continuați spre gât pentru a stimula drenajul și regenerarea.","1. Nuit Polaire Revitalizing Cream (50 ml) Aqua (Water), Glycerin, Caprylic/Capric Triglyceride, Propanediol, Glyceryl Stearate, Coco-Caprylate/Caprate, Dipentaerythrityl Hexacaprylate/Hexacaprate, Glyceryl Hydroxystearate, PEG-100 Stearate, Pentylene Glycol, Betaine, Methyl Methacrylate Crosspolymer, Sodium Polyacrylate Starch, Palmaria Palmata Extract, Helichrysum Italicum Extract, Ethylhexylglycerin, Parfum (Fragrance), Xanthan Gum, O-Cymen-5-Ol, Tocopherol, Sodium Hydroxide, Benzyl Salicylate, Limonene, Linalool, Alpha-Isomethyl Ionone, Geraniol, Citronellol. 2. Nuit Polaire Revitalizing Elixir (15 ml) Caprylic/Capric Triglyceride, Helianthus Annuus (Sunflower) Seed Oil, Glycerin, Aqua (Water), Sucrose Laurate, Sucrose Stearate, Parfum (Fragrance), Sodium Benzoate, Tocopherol, Crithmum Maritimum Extract, Hydrolyzed Rhodophyceae Extract.",Nu ţineţi la îndemâna copiilor. Împotriva testării pe animale. Evitaţi contactul cu ochii. În caz de contact clătiți abundent cu apă. Nu este comestibil.,"Informatii privind identificarea producatorului, inclusiv datele de contact ale acestuia. Denumirea companiei: Polaar Adresa Sediului: 53, rue du Rocher, 75008 Paris, France Adresa email: info@polaar.com",Polaar
"Polaar, The Genuine Lapland Set Cadou","Protejează întreaga familie împotriva frigului cu un set cadou hidratare intensă cu boabe arctice. Crema de față, mâini, buze și corpul primesc o îngrijire catifelată, fără urme grase.",7888ab_a08936ad2fca48e0ae2f06e0de73fa51~mv2.jpg;7888ab_adb85b708bf545cf808ff0558ef8d4ae~mv2.jpg,Seturi Cadou;The Genuine Lapland;Îngrijire Față;GIFTS;Seturi WOMEN;Seturi;SKINCARE;Polaar,3760114996688,180,"Săpun: Emulsionați pe pielea umedă (față și corp), apoi clătiți. Este foarte blând și nu strânge pielea. Cremă Față: Aplicați dimineața și seara pe tenul curat sau local pe zonele foarte uscate (coate, genunchi). Masați până la absorbție. Cremă Mâini: Aplicați ori de câte ori este nevoie, insistând pe conturul unghiilor. Balsam Buze: Aplicați pe buze oricând simțiți nevoia de hidratare. Poate fi folosit și sub ruj.","1. Face and Sensitive Areas Cream (Cremă Față): Aqua (Water), Coco-Caprylate/Caprate, Caprylic/Capric Triglyceride, Glycerin, Cetearyl Alcohol, Butyrospermum Parkii (Shea) Butter, Hydrogenated Polyisobutene, Macadamia Ternifolia Seed Oil, Tridecyl Trimellitate, Aluminum Starch Octenylsuccinate, Glyceryl Stearate, Prunus Amygdalus Dulcis (Sweet Almond) Oil, Phenoxyethanol, Cetearyl Glucoside, Hydroxyethyl Acrylate/Sodium Acryloyldimethyl Taurate Copolymer, Isohexadecane, Sodium Stearoyl Glutamate, Parfum (Fragrance), Acrylates/C10-30 Alkyl Acrylate Crosspolymer, Tocopheryl Acetate, Polysorbate 60, Ethylhexylglycerin, Allantoin, Alcohol, Citric Acid, Sodium Hydroxide, Rubus Chamaemorus Fruit Extract, Rubus Idaeus (Raspberry) Fruit Extract, Vaccinium Vitis-Idaea Fruit Extract. 2. Hand Cream (Cremă Mâini): Aqua (Water), Glycerin, Butyrospermum Parkii (Shea) Butter, Cera Alba (Beeswax), Cetearyl Alcohol, Cyclopentasiloxane, Ceteareth-20, Parfum (Fragrance), Stearic Acid, Palmitic Acid, Carbomer, Tocopheryl Acetate, Caprylyl Glycol, Diphenyl Dimethicone, Hydrolyzed Algin, Triethanolamine, Rubus Idaeus (Raspberry) Fruit Extract, Vaccinium Vitis-Idaea Fruit Extract, Rubus Chamaemorus Fruit Extract. 3. Lip Balm (Balsam Buze): Ricinus Communis (Castor) Seed Oil, Glycerin, C10-18 Triglycerides, Helianthus Annuus (Sunflower) Seed Oil, Butyrospermum Parkii (Shea) Butter, Prunus Armeniaca (Apricot) Kernel Oil, Hydrogenated Castor Oil, Cera Alba (Beeswax), Glyceryl Dibehenate, Jojoba Esters, Parfum (Fragrance), Tribehenin, Polyglycerin-3, Caprylic/Capric Triglyceride, Glyceryl Behenate, Tocopherol, Acacia Decurrens Flower Wax, Helianthus Annuus (Sunflower) Seed Wax, Rubus Idaeus (Raspberry) Fruit Extract, Vaccinium Vitis-Idaea Fruit Extract, Rubus Chamaemorus Fruit Extract. 4. Savon Surgras (Săpun Solid): Sodium Palmate, Sodium Palm Kernelate, Aqua (Water), Parfum (Fragrance), Glycerin, Palm Kernel Acid, Butyrospermum Parkii (Shea) Butter, Sodium Chloride, Zea Mays (Corn) Starch, Tetrasodium Edta, Tetrasodium Etidronate, CI 77891 (Titanium Dioxide), Rubus Idaeus (Raspberry) Fruit Extract, Vaccinium Vitis-Idaea Fruit Extract, Rubus Chamaemorus Fruit Extract.",Nu ţineţi la îndemâna copiilor. Împotriva testării pe animale. Evitaţi contactul cu ochii. În caz de contact clătiți abundent cu apă. Nu este comestibil.,"Informatii privind identificarea producatorului, inclusiv datele de contact ale acestuia. Denumirea companiei: Polaar Adresa Sediului: 53, rue du Rocher, 75008 Paris, France Adresa email: info@polaar.com",Polaar
"Skinny Tan, Wonder Serum Ser Autobronzant Express, 145ml",Obține o culoare profundă cu acest ser autobronzant rapid cu acțiune în doar 1-3 ore. Formulă anti-îmbătrânire cu Q10 ce estompează roșeața și oferă un bronz mediu-întunecat de durată.,bb49d0_2f91c59846304a96b6aa16067874db4c~mv2.jpg,Autobronzant;Sun&Tan;Autobronzante & accesorii;Skinny Tan,9346752004615,150,"Exfoliați cu 24h înainte. Aplicați uniform cu mănușa. Clătiți după 1 oră pentru bronz ușor, 3 ore pentru mediu, sau lăsați 6-8 ore pentru un bronz intens și de lungă durată.","Aqua, Dihydroxyacetone, Glycerin, Caramel, Cocos Nucifera Water, Aloe Barbadensis Leaf Juice, Paullinia Cupana Seed Extract, Tocopheryl Acetate (Vitamin E), Ubiquinone (Q10).",Nu ţineţi la îndemâna copiilor. Împotriva testării pe animale. Evitaţi contactul cu ochii. În caz de contact clătiți abundent cu apă. Nu este comestibil.,"Informatii privind identificarea producatorului, inclusiv datele de contact ale acestuia. Denumirea companiei: Brand Architekts Adresa Sediului: N8 Waldegrave Road, Teddington, London, TW11 8GT, UK Adresa email: info@brandarchitekts.com",SkinnyTan
"Skinny Tan, Tan and Tone Ulei Autobronzant Medium, 145ml","Hidratează și estompează celulita cu un ulei autobronzant corp ce redă elasticitatea pielii. Absorbție instantă, fără urme, ideal pentru un bronz natural, sănătos, menținut săptămâni la rând.",7888ab_7a1b17e9c52a4ab19a10bcd623f1df2c~mv2.png,Autobronzant;Sun&Tan;Autobronzante & accesorii;Skinny Tan;Ulei de corp,9346752004578,117,Agitați bine. Pulverizați direct pe piele și amestecați cu mănușa de aplicare. Nu necesită clătire. Lăsați să se dezvolte 6-8 ore înainte de duș.,"Aqua, Glycerin, Dihydroxyacetone, PEG-40 Hydrogenated Castor Oil, Cocos Nucifera Oil, Paullinia Cupana Seed Extract, Poppyseed Extract, Blackberry Juice, Caramel.",Nu ţineţi la îndemâna copiilor. Împotriva testării pe animale. Evitaţi contactul cu ochii. În caz de contact clătiți abundent cu apă. Nu este comestibil.,"Informatii privind identificarea producatorului, inclusiv datele de contact ale acestuia. Denumirea companiei: Brand Architekts Adresa Sediului: N8 Waldegrave Road, Teddington, London, TW11 8GT, UK Adresa email: info@brandarchitekts.com",SkinnyTan
"Skinny Tan, Wonder Serum Ser Autobronzant Gradual, 200ml","Dezvoltă treptat culoarea dorită cu un ser autobronzant treptat ce previne îmbătrânirea pielii. Stimulează colagenul, hidratează intens și oferă un finish impecabil, perfect pentru uz zilnic.",7888ab_c526ea9063a248b6beaa0527df2e365e~mv2.png,Autobronzant;Sun&Tan;Autobronzante & accesorii;Skinny Tan,9346752004462,130,Aplicați zilnic pe pielea curată și uscată pentru a construi treptat bronzul sau pentru a-l menține pe cel existent. Spălați palmele imediat după utilizare.,"Aqua, Dihydroxyacetone, Glycerin, Aloe Barbadensis Leaf Juice, Paullinia Cupana Seed Extract, Ubiquinone (Q10), Vitamin E, Caramel.",Nu ţineţi la îndemâna copiilor. Împotriva testării pe animale. Evitaţi contactul cu ochii. În caz de contact clătiți abundent cu apă. Nu este comestibil.,"Informatii privind identificarea producatorului, inclusiv datele de contact ale acestuia. Denumirea companiei: Brand Architekts Adresa Sediului: N8 Waldegrave Road, Teddington, London, TW11 8GT, UK Adresa email: info@brandarchitekts.com",SkinnyTan
"Skinny Tan, Coconut Water Spray Autobronzant Corp, 150ml","Pulverizează un bronz curat cu acest spray autobronzant corp bogat în apă de cocos. Formulă transparentă, extrem de hidratantă, ce dezvoltă o culoare medie fără a necesita clătire.",7888ab_c67649a1c9b54a24a9102ac0f70f881e~mv2.png,Autobronzant;Sun&Tan;Autobronzante & accesorii;Skinny Tan,9346752001102,117,Pulverizați generos pe pielea curată și uscată. Amestecați cu mănușa pentru uniformizare. Lăsați să se usuce câteva minute înainte de a vă îmbrăca. Se dezvoltă în 6-8 ore.,"Aqua, Dihydroxyacetone, Glycerin, Cocos Nucifera (Coconut) Water, PEG-40 Hydrogenated Castor Oil, Vitamin C, Vitamin E, Guarana Extract.",Nu ţineţi la îndemâna copiilor. Împotriva testării pe animale. Evitaţi contactul cu ochii. În caz de contact clătiți abundent cu apă. Nu este comestibil.,"Informatii privind identificarea producatorului, inclusiv datele de contact ale acestuia. Denumirea companiei: Brand Architekts Adresa Sediului: N8 Waldegrave Road, Teddington, London, TW11 8GT, UK Adresa email: info@brandarchitekts.com",SkinnyTan
"Skinny Tan, Coconut Water Ser Autobronzant Corp Medium, 145ml","Aplică rapid un bronz fără pete cu acest ser autobronzant hidratant cu vitamina E. Nu lasă transfer pe haine și hrănește pielea uscată cu apă de cocos, oferind strălucire tropicală.",7888ab_404bf24639144b52a85faa3999568ce9~mv2.png,Autobronzant;Sun&Tan;Autobronzante & accesorii;Skinny Tan,9346752002840,140,Aplicați direct pe piele sau amestecați cu crema hidratantă. Masați uniform. Lăsați să acționeze. Spălați mâinile după aplicare.,"Aqua, Dihydroxyacetone, Cocos Nucifera Water, Glycerin, Aloe Barbadensis Leaf Juice, Paullinia Cupana Seed Extract, Tocopheryl Acetate.",Nu ţineţi la îndemâna copiilor. Împotriva testării pe animale. Evitaţi contactul cu ochii. În caz de contact clătiți abundent cu apă. Nu este comestibil.,"Informatii privind identificarea producatorului, inclusiv datele de contact ale acestuia. Denumirea companiei: Brand Architekts Adresa Sediului: N8 Waldegrave Road, Teddington, London, TW11 8GT, UK Adresa email: info@brandarchitekts.com",SkinnyTan
"Skinny Tan, Coconut Water Spray Autobronzant Fata, 100ml",Iluminează-ți tenul zilnic cu un spray autobronzant față formulat cu acid hialuronic și vitamina C. Format travel ideal ce hidratează profund și redă strălucirea aurie naturală a pielii.,bb49d0_79169238fdb842d8bb6f2841a6f070d3~mv2.jpg,Autobronzant;Îngrijire Față;Sun&Tan;Autobronzante & accesorii;Skinny Tan,9346752004479,108,Închideți ochii și pulverizați de la 15-20 cm distanță pe fața curată. Lăsați să se usuce natural. Nu necesită clătire. Se poate aplica peste machiaj.,"Aqua, Dihydroxyacetone, Cocos Nucifera Water, Hyaluronic Acid, Vitamin C, Vitamin E, Aloe Vera, Glycerin.",Nu ţineţi la îndemâna copiilor. Împotriva testării pe animale. Evitaţi contactul cu ochii. În caz de contact clătiți abundent cu apă. Nu este comestibil.,"Informatii privind identificarea producatorului, inclusiv datele de contact ale acestuia. Denumirea companiei: Brand Architekts Adresa Sediului: N8 Waldegrave Road, Teddington, London, TW11 8GT, UK Adresa email: info@brandarchitekts.com",SkinnyTan
"Skinny Tan, Mousse Spuma Autobronzanta 1 Hour Express, 150ml","Obține o culoare perfectă rapid cu o spumă autobronzantă rapidă ce acționează în doar 60 minute. Bogată în aloe vera, asigură o aplicare uniformă, personalizând nuanța bronzului fără pete.",bb49d0_fbaf4144ed254ef3a6f1e775e44c018f~mv2.jpg,Autobronzant;Sun&Tan;Autobronzante & accesorii;Skinny Tan,9346752004639,104,"Aplicați spuma cu mănușa pe pielea exfoliată. Clătiți după: 1 oră (bronz ușor), 3 ore (mediu), 4+ ore (închis). Bronzul continuă să se dezvolte după duș.","Aqua, Dihydroxyacetone, Caramel, Propylene Glycol, Aloe Barbadensis Leaf Juice, Paullinia Cupana Seed Extract, Erythrulose.",Nu ţineţi la îndemâna copiilor. Împotriva testării pe animale. Evitaţi contactul cu ochii. În caz de contact clătiți abundent cu apă. Nu este comestibil.,"Informatii privind identificarea producatorului, inclusiv datele de contact ale acestuia. Denumirea companiei: Brand Architekts Adresa Sediului: N8 Waldegrave Road, Teddington, London, TW11 8GT, UK Adresa email: info@brandarchitekts.com",SkinnyTan
"Skinny Tan, Strawberry Spuma Autobronzanta Graduala, 150ml","Bucură-te de o formulă ca frișca cu această spumă autobronzantă treptată cu miros de căpșuni. Efectul răcoritor garantează un bronz mediu impecabil, construit fără urme pe piele în 6 ore.",7888ab_db054f2ae2ce4399be2ae33412ca90b5~mv2.png,Autobronzant;Sun&Tan;Autobronzante & accesorii;Skinny Tan,9346752003113,108,"Aplicați pe pielea curată și uscată ca o loțiune de corp, folosind mișcări circulare. Spălați mâinile după utilizare. Folosiți zilnic pentru a intensifica culoarea.","Aqua, Dihydroxyacetone, C12-15 Alkyl Benzoate, Strawberry Extract, Vitamin E, Cocoa Seed Butter, Glycerin.",Nu ţineţi la îndemâna copiilor. Împotriva testării pe animale. Evitaţi contactul cu ochii. În caz de contact clătiți abundent cu apă. Nu este comestibil.,"Informatii privind identificarea producatorului, inclusiv datele de contact ale acestuia. Denumirea companiei: Brand Architekts Adresa Sediului: N8 Waldegrave Road, Teddington, London, TW11 8GT, UK Adresa email: info@brandarchitekts.com",SkinnyTan
"Skinny Tan, Eraser Spuma Indepartare Autobronzant, 200ml","Corectează greșelile de culoare cu o spumă îndepărtare autobronzant exfoliantă. Mixul de acid salicilic, glicerină și pudră ponce curăță blând pielea, pregătind-o perfect pentru noua aplicare.",bb49d0_98e99b9ab86b4e4f8d0c996bd4d3f2b4~mv2.avif,Skinny Tan;Sun&Tan;Autobronzante & accesorii,9346752004455,118,Aplicați generos pe pielea uscată (peste bronzul vechi). Lăsați să acționeze 5 minute. Intrați la duș și exfoliați cu mănușa pentru a îndepărta bronzul.,"Aqua, Urea, Pumice, Glycerin, Salicylic Acid, Cocamidopropyl Betaine, Parfum, Sodium Hydroxide.",Nu ţineţi la îndemâna copiilor. Împotriva testării pe animale. Evitaţi contactul cu ochii. În caz de contact clătiți abundent cu apă. Nu este comestibil.,"Informatii privind identificarea producatorului, inclusiv datele de contact ale acestuia. Denumirea companiei: Brand Architekts Adresa Sediului: N8 Waldegrave Road, Teddington, London, TW11 8GT, UK Adresa email: info@brandarchitekts.com",SkinnyTan
"Skinny Tan, Dry Mist Spray Fixare Uscata, 200ml","Fixează culoarea perfect cu un spray fixare autobronzant ce elimină senzația de piele lipicioasă. Previne transferul cauzat de transpirație și îți lasă corpul hidratat, cu miros de cocos.",bb49d0_89c1f88bb4f94c40ac4c96bd58deca11~mv2.webp,Skinny Tan;Sun&Tan;Autobronzante & accesorii,9346752003410,60,Agitați bine. Pulverizați peste zonele proaspăt bronzate pentru a fixa bronzul și a elimina senzația lipicioasă. Împiedică transferul pe haine.,"Butane, Isobutane, Alcohol Denat, Aluminum Starch Octenylsuccinate, Aloe Barbadensis Leaf Extract, Tocopheryl Acetate (Vitamin E).",Nu ţineţi la îndemâna copiilor. Împotriva testării pe animale. Evitaţi contactul cu ochii. În caz de contact clătiți abundent cu apă. Nu este comestibil.,"Informatii privind identificarea producatorului, inclusiv datele de contact ale acestuia. Denumirea companiei: Brand Architekts Adresa Sediului: N8 Waldegrave Road, Teddington, London, TW11 8GT, UK Adresa email: info@brandarchitekts.com",SkinnyTan
"Skinny Tan, Manusa Aplicare Autobronzant (Duala)","Aplică uniform produsul cu o mănușă aplicare autobronzant cu două fețe catifelate. Distribuie perfect soluția în piele, prevenind petele pe palme și asigurând un finisaj profesional.",7888ab_c4c24dc5a57f45da9386e9ba6204da5e~mv2.png,Skinny Tan;Sun&Tan;Autobronzante & accesorii,9346752000310,28,"Aplicați produsul autobronzant pe mănușă, apoi masați pe piele cu mișcări circulare. Spălați mănușa cu apă caldă și săpun după fiecare utilizare.","14.7% TPU, 19.6% PU Sponge, 61.44% Polyester, 2.42% Elastic, 1.84% Cotton Thread.",Nu ţineţi la îndemâna copiilor. Împotriva testării pe animale. Evitaţi contactul cu ochii. În caz de contact clătiți abundent cu apă. Nu este comestibil.,"Informatii privind identificarea producatorului, inclusiv datele de contact ale acestuia. Denumirea companiei: Brand Architekts Adresa Sediului: N8 Waldegrave Road, Teddington, London, TW11 8GT, UK Adresa email: info@brandarchitekts.com",SkinnyTan
"Skinny Tan, Manusa Exfolianta Roz",Pregătește baza perfectă pentru bronz folosind o mănușă exfoliantă corp cu două suprafețe de dermabraziune. Îndepărtează excesul de culoare din zonele dificile și lasă pielea netedă.,7888ab_40e18f75804a4876b223b77804ce6bec~mv2.png,Skinny Tan;Sun&Tan;Autobronzante & accesorii,9346752002963,33,Folosiți partea roz pentru exfoliere ușoară înainte de bronzare. Folosiți partea neagră pentru exfoliere intensă sau îndepărtarea bronzului vechi (cu Tan Eraser).,"29.5% Rayon, 29.5% Viscose, 41% Elastic.",Nu ţineţi la îndemâna copiilor. Împotriva testării pe animale. Evitaţi contactul cu ochii. În caz de contact clătiți abundent cu apă. Nu este comestibil.,"Informatii privind identificarea producatorului, inclusiv datele de contact ale acestuia. Denumirea companiei: Brand Architekts Adresa Sediului: N8 Waldegrave Road, Teddington, London, TW11 8GT, UK Adresa email: info@brandarchitekts.com",SkinnyTan
"Skinny Tan, Aplicator pentru Spate","Ajunge ușor în orice zonă cu un aplicator autobronzant spate practic. Mânerele speciale permit distribuirea elegantă și uniformă a soluției pe corp, evitând urmele inestetice de aplicare.",bb49d0_d3c68d032a4946ada68ec4644d928f3d~mv2.jpg,Skinny Tan;Sun&Tan;Autobronzante & accesorii,9346752003298,48,Aplicați loțiunea/spuma pe centrul aplicatorului. Apucați cele două mânere și glisați aplicatorul pe spate (mișcare stânga-dreapta) pentru a întinde produsul uniform.,"18.9% PU Sponge, 74.63% Polyester, 5.1% Nylon, 1.37% Cotton Thread.",Nu ţineţi la îndemâna copiilor. Împotriva testării pe animale. Evitaţi contactul cu ochii. În caz de contact clătiți abundent cu apă. Nu este comestibil.,"Informatii privind identificarea producatorului, inclusiv datele de contact ale acestuia. Denumirea companiei: Brand Architekts Adresa Sediului: N8 Waldegrave Road, Teddington, London, TW11 8GT, UK Adresa email: info@brandarchitekts.com",SkinnyTan
"Scottish Fine Soaps, Sea Kelp Sapun Solid, 220g","Curăță delicat pielea cu un săpun solid hidratant marin bogat în vitamine și glicerină. Extractul de alge marine hrănește epiderma profund, fiind un tratament ideal și vegan pentru corp.",7888ab_b09c135629e04651acfd94cf03c9fa52~mv2.png,Baie;Săpun;Sea Kelp;Baie & Corp;Scottish Fine Soaps,5016365100113,49,"Faceți spumă pe pielea umedă pentru a curăța delicat pielea, apoi clătiți bine cu apă caldă.","Sodium Palmate, Sodium Palm Kernelate , Aqua (Water), Glycerin, Parfum (Fragrance), Tetrasodium Etidronate, Tetrasodium EDTA, Sodium Gluconate, Fucus Vesiculosus Extract, Laminaria Digitata Extract, Hexamethylindanopyran, Benzyl Salicylate, Acetyl Cedrene, Hydroxycitronellal, Linalool, Citronellol",Nu ţineţi la îndemâna copiilor. Împotriva testării pe animale. Evitaţi contactul cu ochii. În caz de contact clătiți abundent cu apă. Nu este comestibil.,"Informatii privind identificarea producatorului, inclusiv datele de contact ale acestuia. Denumirea companiei: Scottish Fine Soaps Adresa Sediului: North Main Street, Carronshore, Falkirk, FK28HT Adresa email: sales@scottishfinesoaps.com",Scottish Fine Soaps
"Scottish Fine Soaps, Sea Kelp Sapun Lichid pentru Maini , 300ml",Menține hidratarea mâinilor zilnic cu un săpun lichid marin formulat cu pantenol protector. Curăță delicat și lasă un parfum proaspăt ce amintește de briza răcoroasă a coastei scoțiene.,7888ab_d73f5dc4c09f4c8b88389ae62db3aeb8~mv2.png,Săpun de mâini;Baie;Sea Kelp;Baie & Corp;Scottish Fine Soaps,5016365100144,78,"Pompați o cantitate mică pe pielea umedă, spumați, apoi clătiți pentru a vă lăsa pielea curată și reîmprospătată.","Aqua (Water), Sodium Laureth Sulfate, Sodium Chloride, Parfum (Fragrance), Citric Acid, Cocamidopropyl Betaine, Sodium Benzoate, Tetrasodium Glutamate Diacetate, Glycerin, Potassium Sorbate, Panthenol (Vitamin B5), Propylene Glycol, PEG-120 Methyl Glucose Trioleate, Fucus Vesiculosus Extract, Laminaria Digitata Extract, Hexamethylindanopyran, Benzyl Salicylate, Acetyl Cedrene, Hydroxycitronellal, Linalool, Citronellol, CI 19140 (Yellow No.5), CI 42090 (Blue No.1)",Nu ţineţi la îndemâna copiilor. Împotriva testării pe animale. Evitaţi contactul cu ochii. În caz de contact clătiți abundent cu apă. Nu este comestibil.,"Informatii privind identificarea producatorului, inclusiv datele de contact ale acestuia. Denumirea companiei: Scottish Fine Soaps Adresa Sediului: North Main Street, Carronshore, Falkirk, FK28HT Adresa email: sales@scottishfinesoaps.com",Scottish Fine Soaps
"Scottish Fine Soaps, Sea Kelp Lotiune pentru Maini si Corp, 300ml","Hidratează-te complet cu o loțiune mâini și corp bogată în alantoină calmantă și extract de iarbă de mare. Glicerina hrănește pielea lăsând note parfumate verzi și ozonate, puternic marine.",7888ab_0983243b7efc47ec8e0c022269721fca~mv2.png,Hidratare;Sea Kelp;Cremă de mâini;Cremă de corp;Baie & Corp;Îngrijire Corp;Scottish Fine Soaps,5016365100151,78,"Masați o cantitate mică pe toată pielea până se absoarbe complet pentru a vă lăsa pielea moale, catifelată, parfumată minunat.","Aqua (Water), Persea Gratissima (Avocado) Oil, Glycerin, Cathamus Tinctorius (Safflower) Oil, Stearic Acid, Cetearyl Alcohol, Phenoxyethanol, Parfum (Fragrance), Glyceryl Stearate, PEG-20 Stearate, Aminomethyl Propanol, Disodium EDTA, Ethylhexylglycerin, Allantoin, Carbomer, Fucus Vesiculosus Extract, Laminaria Digitata Extract, Hexamethylindanopyran, Benzyl Salicylate, Acetyl Cedrene, Hydroxycitronellal, Linalool, Citronellol, Tetramethylacetyloctahydronaphthalenes, Eugenol, Isoeugenol Acetate, Alpha-Isomethyl Ionone, Geraniol, Amyl Cinnamal",Nu ţineţi la îndemâna copiilor. Împotriva testării pe animale. Evitaţi contactul cu ochii. În caz de contact clătiți abundent cu apă. Nu este comestibil.,"Informatii privind identificarea producatorului, inclusiv datele de contact ale acestuia. Denumirea companiei: Scottish Fine Soaps Adresa Sediului: North Main Street, Carronshore, Falkirk, FK28HT Adresa email: sales@scottishfinesoaps.com",Scottish Fine Soaps
"Scottish Fine Soaps, Sea Kelp Gel de dus, 200ml","Exfoliază blând corpul la fiecare spălare cu un gel de duș hidratant marin cu acid lactic. Infuzia de vitamine din iarbă de mare hrănește pielea, lăsând un efect proaspăt revitalizant.",7888ab_4853d594e73c4e7a862a721f949fa7bc~mv2.png,Baie;Gel de duș;Sea Kelp;Baie & Corp;Scottish Fine Soaps,5016365100168,64,"Masați pe pielea umedă, spumați, apoi clătiți pentru a vă lăsa pielea curată și reîmprospătată.","Aqua (Water), Sodium Laureth Sulfate, Sodium Chloride, Parfum (Fragrance), Lactic Acid, Cocoamidopropyl Betaine, Sodium Benzoate, Tetrasodium Glutamate Diacetate, Potassium Sorbate, Propylene Glycol, PEG-120 Methyl Glucose Trioleate, Glycerin, Fucus Vesiculosus Extract, Laminaria Digitata Extract, Hexamethylindanopyran, Benzyl Salicylate, Acetyl Cedrene, Hydroxycitronellal, Linalool, Citronellol, CI 19140 (Yellow No.5), CI 42090 (Blue No.1)",Nu ţineţi la îndemâna copiilor. Împotriva testării pe animale. Evitaţi contactul cu ochii. În caz de contact clătiți abundent cu apă. Nu este comestibil.,"Informatii privind identificarea producatorului, inclusiv datele de contact ale acestuia. Denumirea companiei: Scottish Fine Soaps Adresa Sediului: North Main Street, Carronshore, Falkirk, FK28HT Adresa email: sales@scottishfinesoaps.com",Scottish Fine Soaps
"Scottish Fine Soaps, Sea Kelp Crema de Corp, 200ml","Restaurează suplețea epidermei folosind o cremă de corp nutritivă marină bogată în acid hialuronic. Uleiul de jojoba și untul de shea lasă pielea hidratată, moale și proaspăt parfumată.",7888ab_0d1f435eafc64ee880f89c3f4d9dd9b6~mv2.png,Hidratare;Sea Kelp;Cremă de corp;Baie & Corp;Îngrijire Corp;Scottish Fine Soaps,5016365100175,64,"Masați o cantitate mică pe toată pielea până se absoarbe complet pentru a vă lăsa pielea moale, catifelată, parfumată minunat.","Aqua (Water), Prunus Amygdalus Dulcis (Sweet Almond) Oil, Butyrospermum Parkii (Shea) Butter, Cetearyl Alcohol, Stearic Acid, Glycerin, Phenoxyethanol, Glyceryl Stearate, Parfum (Fragrance), Simmondsia Chinensis (Jojoba) Seed Oil, Brassica Napus (Rapeseed) Seed Oil, PEG-20 Stearate, Aminomethyl Propanol, Disodium EDTA, Ethylhexylglycerin, Hydrolyzed Hyaluronic Acid, Carbomer, Fucus Vesiculosus Extract, Laminaria Digitata Extract, Hexamethylindanopyran, Benzyl Salicylate, Acetyl Cedrene, Hydroxycitronellal, Linalool, Citronellol, Isoeugenol Acetate, Tetramethylacetyloctahydronapthlenes, Eugenol, Alpha-Isomethyl Ionone, Geraniol, Amyl Cinnamal",Nu ţineţi la îndemâna copiilor. Împotriva testării pe animale. Evitaţi contactul cu ochii. În caz de contact clătiți abundent cu apă. Nu este comestibil.,"Informatii privind identificarea producatorului, inclusiv datele de contact ale acestuia. Denumirea companiei: Scottish Fine Soaps Adresa Sediului: North Main Street, Carronshore, Falkirk, FK28HT Adresa email: sales@scottishfinesoaps.com",Scottish Fine Soaps
"Scottish Fine Soaps, Sea Kelp Crema pentru Maini, 75ml","Oferă protecție zilnică mâinilor crăpate cu o cremă de mâini hidratantă pe bază de unt de shea. Bogată în extract de alge, hrănește în profunzime, redând catifelarea și suplețea pielii.",7888ab_c3a19dfad9a74e2d80fd37b9cf4a123c~mv2.png,Sea Kelp;Cremă de mâini;Baie & Corp;Îngrijire Corp;Scottish Fine Soaps,5016365100182,64,Masați pe mâinile curate până se absoarbe complet,"Aqua (Water), Butyrospermum Parkii (Shea) Butter, Prunus Amygdalus Dulcis (Sweet Almond) Oil, Cetearyl Alcohol, Olea Europaea (Olive) Fruit Oil, Phenoxyethanol, Parfum (Fragrance), Ethylhexylglycerin, Theobroma Cacao (Cocoa) Seed Butter, Glyceryl Stearate, PEG-20 Stearate, Carbomer, Aminomethyl Propanol, Glycerin, Fucus Vesiculosus Extract, Laminaria Digitata Extract, Hexamethylindanopyran, Benzyl Salicylate, Acetyl Cedrene, Hydroxycitronellal, Linalool, Citronellol, Isoeugenol Acetate, Tetramethylacetyloctahydronaphthalenes, Alpha-Isomethyl Ionone, Amyl Cinnamal",Nu ţineţi la îndemâna copiilor. Împotriva testării pe animale. Evitaţi contactul cu ochii. În caz de contact clătiți abundent cu apă. Nu este comestibil.,"Informatii privind identificarea producatorului, inclusiv datele de contact ale acestuia. Denumirea companiei: Scottish Fine Soaps Adresa Sediului: North Main Street, Carronshore, Falkirk, FK28HT Adresa email: sales@scottishfinesoaps.com",Scottish Fine Soaps
"Scottish Fine Soaps, Sea Kelp Crema pentru Maini, 30ml","Ia protecția hidratantă cu tine oriunde folosind o cremă de mâini travel size. Untul de shea și vitaminele marine hrănesc pielea, lăsând mâinile netede, proaspete și complet reîmprospătate.",7888ab_e20458000d4640a5b5c0c1f0885678d3~mv2.png,Sea Kelp;Cremă de mâini;Baie & Corp;Îngrijire Corp;Scottish Fine Soaps,5016365100199,35,Masați pe mâinile curate până se absoarbe complet,"Aqua (Water), Butyrospermum Parkii (Shea) Butter, Prunus Amygdalus Dulcis (Sweet Almond) Oil, Cetearyl Alcohol, Olea Europaea (Olive) Fruit Oil, Phenoxyethanol, Parfum (Fragrance), Ethylhexylglycerin, Theobroma Cacao (Cocoa) Seed Butter, Glyceryl Stearate, PEG-20 Stearate, Carbomer, Aminomethyl Propanol, Glycerin, Fucus Vesiculosus Extract, Laminaria Digitata Extract, Hexamethylindanopyran, Benzyl Salicylate, Acetyl Cedrene, Hydroxycitronellal, Linalool, Citronellol, Isoeugenol Acetate, Tetramethylacetyloctahydronaphthalenes, Alpha-Isomethyl Ionone, Amyl Cinnamal",Nu ţineţi la îndemâna copiilor. Împotriva testării pe animale. Evitaţi contactul cu ochii. În caz de contact clătiți abundent cu apă. Nu este comestibil.,"Informatii privind identificarea producatorului, inclusiv datele de contact ale acestuia. Denumirea companiei: Scottish Fine Soaps Adresa Sediului: North Main Street, Carronshore, Falkirk, FK28HT Adresa email: sales@scottishfinesoaps.com",Scottish Fine Soaps
"Scottish Fine Soaps, Sea Kelp Set pentru Ingrijirea Mainilor, 2x300ml",Revigorează-ți epiderma cu acest set îngrijire mâini marin infuzat cu extracte din alge scoțiene. Loțiunea și săpunul hidratează puternic și repară pielea uscată cu note delicate marine.,7888ab_9c50bd6d11ee40e9a53f4f54fc5cb2ba~mv2.png,Seturi Cadou;Sea Kelp;GIFTS;Cremă de mâini;Seturi;Baie & Corp;Scottish Fine Soaps,5016365100205,175,"Săpun pentru mâini: Pompați o cantitate mică pe piela umedă, spumați, apoi clătiți bine cu apă caldă. Loțiune pentru corp și mâini: Masați o cantitate mică pe toată pielea până se absoarbe complet pentru a vă lăsa pielea moale, catifelată, parfumată minunat. Loțiune pentru mâini și corp: Masați o cantitate mică pe toată pielea până se absoarbe complet pentru a vă lăsa pielea moale, catifelată, parfumată minunat.","S?pun de mâini: Aqua (Water), Sodium Laureth Sulfate, Sodium Chloride, Parfum (Fragrance), Citric Acid, Cocamidopropyl Betaine, Sodium Benzoate, Tetrasodium Glutamate Diacetate, Glycerin, Potassium Sorbate, Panthenol (Vitamin B5), Propylene Glycol, PEG-120 Methyl Glucose Trioleate, Fucus Vesiculosus Extract, Laminaria Digitata Extract, Hexamethylindanopyran, Benzyl Salicylate, Acetyl Cedrene, Hydroxycitronellal, Linalool, Citronellol, CI 19140 (Yellow No.5), CI 42090 (Blue No.1Lo?iune pentru mâini ?i corp: Aqua (Water), Persea Gratissima (Avocado) Oil, Glycerin, Cathamus Tinctorius (Safflower) Oil, Stearic Acid, Cetearyl Alcohol, Phenoxyethanol, Parfum (Fragrance), Glyceryl Stearate, PEG-20 Stearate, Aminomethyl Propanol, Disodium EDTA, Ethylhexylglycerin, Allantoin, Carbomer, Fucus Vesiculosus Extract, Laminaria Digitata Extract, Hexamethylindanopyran, Benzyl Salicylate, Acetyl Cedrene, Hydroxycitronellal, Linalool, Citronellol, Tetramethylacetyloctahydronaphthalenes, Eugenol, Isoeugenol Acetate, Alpha-Isomethyl Ionone, Geraniol, Amyl Cinnamal",Nu ţineţi la îndemâna copiilor. Împotriva testării pe animale. Evitaţi contactul cu ochii. În caz de contact clătiți abundent cu apă. Nu este comestibil.,"Informatii privind identificarea producatorului, inclusiv datele de contact ale acestuia. Denumirea companiei: Scottish Fine Soaps Adresa Sediului: North Main Street, Carronshore, Falkirk, FK28HT Adresa email: sales@scottishfinesoaps.com",Scottish Fine Soaps
"Scottish Fine Soaps, Sea Kelp Sare de Baie, 500g","Transformă baia într-un tratament spa folosind o sare de baie relaxare bogată în minerale. Extractul de alge de la Marea Moartă reîmprospătează pielea, relaxând intens corpul și mușchii.",7888ab_355a7886621248d79257a27fca776d4e~mv2.png,Sare de baie;Baie;Sea Kelp;Baie & Corp;Scottish Fine Soaps,5016365100212,110,Adăugați un pumn de sare generos in timp ce curge apa calda si amestecați pentru a crea o experiență de baie relaxantă și hrănitoare,"Maris Sal (Dead Sea Salts), Parfum (Fragrance), Glycerin, Aqua (Water), Fucus Vesiculosus Extract, Laminaria Digitata Extract, Benzyl Salicylate, Hydroxycitronellal, Linalool, Citronellol",Nu ţineţi la îndemâna copiilor. Împotriva testării pe animale. Evitaţi contactul cu ochii. În caz de contact clătiți abundent cu apă. Nu este comestibil.,"Informatii privind identificarea producatorului, inclusiv datele de contact ale acestuia. Denumirea companiei: Scottish Fine Soaps Adresa Sediului: North Main Street, Carronshore, Falkirk, FK28HT Adresa email: sales@scottishfinesoaps.com",Scottish Fine Soaps
"Scottish Fine Soaps, Sea Kelp Rezerva Sapun Lichid pentru Maini, 1.2l","Alege formatul economic, o rezervă săpun lichid 1.2l, pentru a proteja zilnic mâinile. Pantenolul hidratant și extractul marin bogat în vitamine curăță eficient, redând finețea pielii tale.",7888ab_eb2b3b8e437141f88bad7a7400faab42~mv2.png,Săpun de mâini;Baie;Sea Kelp;Baie & Corp;Scottish Fine Soaps,5016365100243,133,"Scoateți pompița de la recipientul de 300 ml existent și puneți-o pe o suprafață curată care poate fi ștearsă. Turnați cu grijă săpunul din recipientul rezervă în flaconul de 300ml având grijă să nu umpleți prea mult, deoarece produsul se va deplasa atunci când pompița este introdusă la loc. Înșurubați bine pompa la loc. Această rezervă ar trebui să reumple sticla de 300 ml de 4 ori.","Aqua (Water), Sodium Laureth Sulfate, Sodium Chloride, Parfum (Fragrance), Citric Acid, Cocamidopropyl Betaine, Sodium Benzoate, Tetrasodium Glutamate Diacetate, Glycerin, Potassium Sorbate, Panthenol (Vitamin B5), Propylene Glycol, PEG-120 Methyl Glucose Trioleate, Fucus Vesiculosus Extract, Laminaria Digitata Extract, Hexamethylindanopyran, Benzyl Salicylate, Acetyl Cedrene, Hydroxycitronellal, Linalool, Citronellol, CI 19140 (Yellow No.5), CI 42090 (Blue No.1)",Nu ţineţi la îndemâna copiilor. Împotriva testării pe animale. Evitaţi contactul cu ochii. În caz de contact clătiți abundent cu apă. Nu este comestibil.,"Informatii privind identificarea producatorului, inclusiv datele de contact ale acestuia. Denumirea companiei: Scottish Fine Soaps Adresa Sediului: North Main Street, Carronshore, Falkirk, FK28HT Adresa email: sales@scottishfinesoaps.com",Scottish Fine Soaps
"Scottish Fine Soaps, Sea Kelp Rezerva Sapun Lichid pentru Maini, 700ml","Fii sustenabil folosind o rezervă săpun lichid ecologic infuzată cu pantenol și iarbă de mare. Extractul de alge curăță delicat mâinile, protejează și reîmprospătează epiderma foarte bine.",7888ab_dd776040eba742a8adb7c3e520c00c91~mv2.png,Săpun de mâini;Baie;Sea Kelp;Baie & Corp;Scottish Fine Soaps,5016365100250,106,"Scoateți pompița de la recipientul de 300 ml existent și puneți-o pe o suprafață curată care poate fi ștearsă. Turnați cu grijă săpunul din recipientul rezervă în flaconul de 300ml având grijă să nu umpleți prea mult, deoarece produsul se va deplasa atunci când pompița este introdusă la loc. Înșurubați bine pompa la loc.","Aqua (Water), Sodium Laureth Sulfate, Sodium Chloride, Parfum (Fragrance), Citric Acid, Cocamidopropyl Betaine, Sodium Benzoate, Tetrasodium Glutamate Diacetate, Glycerin, Potassium Sorbate, Panthenol (Vitamin B5), Propylene Glycol, PEG-120 Methyl Glucose Trioleate, Fucus Vesiculosus Extract, Laminaria Digitata Extract, Hexamethylindanopyran, Benzyl Salicylate, Acetyl Cedrene, Hydroxycitronellal, Linalool, Citronellol, CI 19140 (Yellow No.5), CI 42090 (Blue No.1)",Nu ţineţi la îndemâna copiilor. Împotriva testării pe animale. Evitaţi contactul cu ochii. În caz de contact clătiți abundent cu apă. Nu este comestibil.,"Informatii privind identificarea producatorului, inclusiv datele de contact ale acestuia. Denumirea companiei: Scottish Fine Soaps Adresa Sediului: North Main Street, Carronshore, Falkirk, FK28HT Adresa email: sales@scottishfinesoaps.com",Scottish Fine Soaps
"Scottish Fine Soaps, Sea Kelp Gel de dus, 75ml","Păstrează senzația de curățenie în vacanță cu un gel de duș travel size pe bază de acid lactic. Exfoliază natural, catifelează și hidratează, lăsând un parfum proaspăt de briză de mare.",7888ab_c7de3069dce849d79bf187a545921cfd~mv2.png,Baie;Gel de duș;Sea Kelp;Baie & Corp;Scottish Fine Soaps,5016365100267,33,"Masați pe pielea umedă, spumați, apoi clătiți pentru a vă lăsa pielea curată și reîmprospătată.","Aqua (Water), Sodium Laureth Sulfate, Sodium Chloride, Parfum (Fragrance), Lactic Acid, Cocoamidopropyl Betaine, Sodium Benzoate, Tetrasodium Glutamate Diacetate, Potassium Sorbate, Propylene Glycol, PEG-120 Methyl Glucose Trioleate, Glycerin, Fucus Vesiculosus Extract, Laminaria Digitata Extract, Hexamethylindanopyran, Benzyl Salicylate, Acetyl Cedrene, Hydroxycitronellal, Linalool, Citronellol, CI 19140 (Yellow No.5), CI 42090 (Blue No.1)",Nu ţineţi la îndemâna copiilor. Împotriva testării pe animale. Evitaţi contactul cu ochii. În caz de contact clătiți abundent cu apă. Nu este comestibil.,"Informatii privind identificarea producatorului, inclusiv datele de contact ale acestuia. Denumirea companiei: Scottish Fine Soaps Adresa Sediului: North Main Street, Carronshore, Falkirk, FK28HT Adresa email: sales@scottishfinesoaps.com",Scottish Fine Soaps
"Scottish Fine Soaps, Sea Kelp Crema de Corp, 75ml","Asigură catifelarea zilnică a corpului tău cu o cremă de corp mini cu efect puternic hidratant. Acidul hialuronic, jojoba și algele marine oferă pielii nutrienții necesari pentru reînnoire.",7888ab_ad6a2993dd814ef19b4f9f89a7c68785~mv2.png,Hidratare;Sea Kelp;Cremă de corp;Baie & Corp;Îngrijire Corp;Scottish Fine Soaps,5016365100274,33,"Masați o cantitate mică pe toată pielea până se absoarbe complet pentru a vă lăsa pielea moale, catifelată, parfumată minunat.","Aqua (Water), Prunus Amygdalus Dulcis (Sweet Almond) Oil, Butyrospermum Parkii (Shea) Butter, Cetearyl Alcohol, Stearic Acid, Glycerin, Phenoxyethanol, Glyceryl Stearate, Parfum (Fragrance), Simmondsia Chinensis (Jojoba) Seed Oil, Brassica Napus (Rapeseed) Seed Oil, PEG-20 Stearate, Aminomethyl Propanol, Disodium EDTA, Ethylhexylglycerin, Hydrolyzed Hyaluronic Acid, Carbomer, Fucus Vesiculosus Extract, Laminaria Digitata Extract, Hexamethylindanopyran, Benzyl Salicylate, Acetyl Cedrene, Hydroxycitronellal, Linalool, Citronellol, Isoeugenol Acetate, Tetramethylacetyloctahydronapthlenes, Eugenol, Alpha-Isomethyl Ionone, Geraniol, Amyl Cinnamal",Nu ţineţi la îndemâna copiilor. Împotriva testării pe animale. Evitaţi contactul cu ochii. În caz de contact clătiți abundent cu apă. Nu este comestibil.,"Informatii privind identificarea producatorului, inclusiv datele de contact ale acestuia. Denumirea companiei: Scottish Fine Soaps Adresa Sediului: North Main Street, Carronshore, Falkirk, FK28HT Adresa email: sales@scottishfinesoaps.com",Scottish Fine Soaps
"Scottish Fine Soaps, Sea Kelp Spumant, 500ml","Oferă-ți o experiență calmantă cu un spumant de baie hidratant cu extract de castraveți. Mineralele din alge te relaxează complet, învăluind pielea într-o aromă marină extrem de proaspătă.",7888ab_ed165bc2f30647cb96ab1eba5ee01a07~mv2.png,Spumant;Baie;Sea Kelp;Baie & Corp;Scottish Fine Soaps,5016365100311,92,"Adăugați o cantitate generoasă în cadă, în timp ce curge apa caldă pentru a pentru a te bucura de o experiență de baie luxoasă.","Aqua (Water), Sodium Laureth Sulfate, Sodium Chloride, Parfum (Fragrance), Lactic Acid, Cocamidopropyl Betaine, Sodium Benzoate, Tetrasodium Glutamate Diacetate, Glycerin, Potassium Sorbate, Propylene Glycol, PEG-120 Methyl Glucose Trioleate, Cucumis Sativus (Cucumber) Juice, Fucus Vesiculosus Extract, Laminaria Digitata Extract, Hexamethylindanopyran, Benzyl Salicylate, Acetyl Cedrene, Hydroxycitronellal, Linalool, Citronellol, CI 42090 (Blue No.1), CI 19140 (Yellow No.5), CI 14700 (Red No.4)",Nu ţineţi la îndemâna copiilor. Împotriva testării pe animale. Evitaţi contactul cu ochii. În caz de contact clătiți abundent cu apă. Nu este comestibil.,"Informatii privind identificarea producatorului, inclusiv datele de contact ale acestuia. Denumirea companiei: Scottish Fine Soaps Adresa Sediului: North Main Street, Carronshore, Falkirk, FK28HT Adresa email: sales@scottishfinesoaps.com",Scottish Fine Soaps
"Scottish Fine Soaps, Sea Kelp Gel de dus, 300ml","Curăță profund pielea folosind un gel de duș marin 300ml îmbogățit cu minerale și alge. Acidul lactic are un rol exfoliant natural ce revigorează, înmoaie și catifelează pielea pe corp.",7888ab_d15c0bbd126e427193b84b7ddec007d1~mv2.png,Baie;Gel de duș;Sea Kelp;Baie & Corp;Scottish Fine Soaps,5016365101448,78,"Pompați o cantitate generoasă pe pielea umedă, spumați, apoi clătiți pentru a vă lăsa pielea curată și reîmprospătată.","Aqua (Water), Sodium Laureth Sulfate, Sodium Chloride, Parfum (Fragrance), Lactic Acid, Cocoamidopropyl Betaine, Sodium Benzoate, Tetrasodium Glutamate Diacetate, Potassium Sorbate, Propylene Glycol, PEG-120 Methyl Glucose Trioleate, Glycerin, Fucus Vesiculosus Extract, Laminaria Digitata Extract, Hexamethylindanopyran, Benzyl Salicylate, Acetyl Cedrene, Hydroxycitronellal, Linalool, Citronellol, CI 19140 (Yellow No.5), CI 42090 (Blue No.1)",Nu ţineţi la îndemâna copiilor. Împotriva testării pe animale. Evitaţi contactul cu ochii. În caz de contact clătiți abundent cu apă. Nu este comestibil.,"Informatii privind identificarea producatorului, inclusiv datele de contact ale acestuia. Denumirea companiei: Scottish Fine Soaps Adresa Sediului: North Main Street, Carronshore, Falkirk, FK28HT Adresa email: sales@scottishfinesoaps.com",Scottish Fine Soaps
"Scottish Fine Soaps, Au Lait Sapun, 100g","Hidratează delicat la spălare folosind un săpun solid lapte cu lapte de mușețel și ovăz calmant. Untul de shea și glicerina asigură o textură fină pielii, lăsând-o perfect catifelată.",7888ab_5de203ee1a134d17a4a274811e61588b~mv2.png,Baie;Săpun;Au Lait;Baie & Corp;Scottish Fine Soaps,5016365100359,42,"Faceți spumă pe pielea umedă pentru a curăța delicat pielea, apoi clătiți bine cu apă caldă.","Sodium Palmate, Sodium Palm Kernelate , Aqua (Water), Glycerin, Parfum (Fragrance), Butyrospermum Parkii (Shea Butter), Titanium Dioxide , Sodium Chloride, Tetrasodium Etidronate, Tetrasodium EDTA, Sodium Gluconate, Chamomilla Recutita (Matricaria) Flower Extract, Avena Sativa (Oat) Seed Extract, Hexamethylindanopyran, Alpha-Isomethyl Ionone, Tetramethylacetyloctahydronaphthalenes, Coumarin",Nu ţineţi la îndemâna copiilor. Împotriva testării pe animale. Evitaţi contactul cu ochii. În caz de contact clătiți abundent cu apă. Nu este comestibil.,"Informatii privind identificarea producatorului, inclusiv datele de contact ale acestuia. Denumirea companiei: Scottish Fine Soaps Adresa Sediului: North Main Street, Carronshore, Falkirk, FK28HT Adresa email: sales@scottishfinesoaps.com",Scottish Fine Soaps
"Scottish Fine Soaps, Au Lait Sapun XL, 300g","Bucură-te mai mult timp de hidratare cu un săpun solid mare infuzat cu ovăz scoțian. Untul de shea și glicerina previn uscarea pielii, lăsând un miros delicat cremos la curățare.",7888ab_9a9ed722ec304e34ab43f5f035a95758~mv2.png,Baie;Săpun;Au Lait;Baie & Corp;Scottish Fine Soaps,5016365100366,60,"Faceți spumă pe pielea umedă pentru a curăța delicat pielea, apoi clătiți bine cu apă caldă.","Sodium Palmate, Sodium Palm Kernelate , Aqua (Water), Glycerin, Parfum (Fragrance), Butyrospermum Parkii (Shea Butter), Titanium Dioxide , Sodium Chloride, Tetrasodium Etidronate, Tetrasodium EDTA, Sodium Gluconate, Chamomilla Recutita (Matricaria) Flower Extract, Avena Sativa (Oat) Seed Extract, Hexamethylindanopyran, Alpha-Isomethyl Ionone, Tetramethylacetyloctahydronaphthalenes, Coumarin",Nu ţineţi la îndemâna copiilor. Împotriva testării pe animale. Evitaţi contactul cu ochii. În caz de contact clătiți abundent cu apă. Nu este comestibil.,"Informatii privind identificarea producatorului, inclusiv datele de contact ale acestuia. Denumirea companiei: Scottish Fine Soaps Adresa Sediului: North Main Street, Carronshore, Falkirk, FK28HT Adresa email: sales@scottishfinesoaps.com",Scottish Fine Soaps
"Scottish Fine Soaps, Au Lait Gel de dus, 200ml","Calmează și purifică pielea cu un gel de duș cremos lapte pe bază de ovăz și mușețel. Acidul lactic adăugat exfoliază fin epiderma, lăsând pielea hidratată, reînnoită și incredibil de moale.",7888ab_771ef55e9f6b4815bc166806fb4f822d~mv2.png,Baie;Gel de duș;Au Lait;Baie & Corp;Scottish Fine Soaps,5016365100373,64,"Aplicați o cantitate generoasă pe pielea umedă, apoi clătiți cu apă caldă, pentru a vă lăsa pielea curată și revigorată","Aqua (Water), Sodium Laureth Sulfate, Sodium Chloride, Lactic Acid, Parfum (Fragrance), Glycol Distearate, Cocamidopropyl Betaine, Cocamide MEA, Glycerin, Sodium Benzoate, Tetrasodium Glutamate Diacetate, Laureth-10, Potassium Sorbate, Avena Sativa (Oat) Seed Extract, Chamomilla Recutita (Matricaria) Flower Extract, Hexamethylindanopyran, Alpha-Isomethyl Ionone, Tetramethylacetyloctahydronaphthalenes, Coumarin",Nu ţineţi la îndemâna copiilor. Împotriva testării pe animale. Evitaţi contactul cu ochii. În caz de contact clătiți abundent cu apă. Nu este comestibil.,"Informatii privind identificarea producatorului, inclusiv datele de contact ale acestuia. Denumirea companiei: Scottish Fine Soaps Adresa Sediului: North Main Street, Carronshore, Falkirk, FK28HT Adresa email: sales@scottishfinesoaps.com",Scottish Fine Soaps
"Scottish Fine Soaps, Au Lait Crema de Corp, 200ml","Răsfață-te cu liniștea nutritivă oferită de un unt de corp hidratant cu jojoba și acid hialuronic. Amestecul de mușețel și unt de shea menține pielea intens catifelată, cu parfum subtil.",7888ab_f688b0131d52465ab11a484fdac1239b~mv2.png,Hidratare;Au Lait;Cremă de corp;Baie & Corp;Îngrijire Corp;Scottish Fine Soaps,5016365100380,64,"Masați o cantitate mică pe toată pielea până se absoarbe complet pentru a vă lăsa pielea moale, catifelată, parfumată minunat.","Aqua (Water), Prunus Amygdalus Dulcis (Sweet Almond) Oil, Butyrospermum Parkii (Shea) Butter, Cetearyl Alcohol, Stearic Acid, Glycerin, Phenoxyethanol, Glyceryl Stearate, Parfum (Fragrance), Simmondsia Chinensis (Jojoba) Seed Oil, Brassica Napus (Rapeseed) Seed Oil, PEG-20 Stearate, Aminomethyl Propanol, Disodium EDTA, Ethylhexylglycerin, Hydrolyzed Hyaluronic Acid, Carbomer, Avena Sativa (Oat) Seed Extract, Chamomilla Recutita (Matricaria) Flower Extract, Hexamethylindanopyran, Alpha-Isomethyl Ionone, Tetramethylacetyloctahydronaphthalenes, Coumarin, Geranyl Acetate",Nu ţineţi la îndemâna copiilor. Împotriva testării pe animale. Evitaţi contactul cu ochii. În caz de contact clătiți abundent cu apă. Nu este comestibil.,"Informatii privind identificarea producatorului, inclusiv datele de contact ale acestuia. Denumirea companiei: Scottish Fine Soaps Adresa Sediului: North Main Street, Carronshore, Falkirk, FK28HT Adresa email: sales@scottishfinesoaps.com",Scottish Fine Soaps
"Scottish Fine Soaps, Au Lait Sapun Lichid pentru Maini, 300ml","Păstrează mâinile catifelate cu un săpun lichid cremos îmbogățit cu pantenol extrem de hidratant. Oferă o experiență plăcută la curățare, lăsând un parfum fin de violete și lemn de santal.",7888ab_a2c46c5d658a4854b652a401a3fdf722~mv2.png,Săpun de mâini;Baie;Au Lait;Baie & Corp;Scottish Fine Soaps,5016365100410,78,"Pompați o cantitate mică pe pielea umedă, spumați, apoi clătiți pentru a vă lăsa pielea curată și reîmprospătată.","Aqua (Water), Sodium Laureth Sulfate, Sodium Chloride, Parfum (Fragrance), Glycol Distearate, Cocamidopropyl Betaine, Cocamide MEA, Glycerin, Sodium Benzoate, Tetrasodium Glutamate Diacetate, Laureth-10, Panthenol (Vitamin B5), Potassium Sorbate, Avena Sativa (Oat) Seed Extract, Chamomilla Recutita (Matricaria) Flower Extract, Hexamethylindanopyran, Alpha-Isomethyl Ionone, Tetramethylacetyloctahydronaphthalenes, Coumarin",Nu ţineţi la îndemâna copiilor. Împotriva testării pe animale. Evitaţi contactul cu ochii. În caz de contact clătiți abundent cu apă. Nu este comestibil.,"Informatii privind identificarea producatorului, inclusiv datele de contact ale acestuia. Denumirea companiei: Scottish Fine Soaps Adresa Sediului: North Main Street, Carronshore, Falkirk, FK28HT Adresa email: sales@scottishfinesoaps.com",Scottish Fine Soaps
"Scottish Fine Soaps, Au Lait Lotiune pentru Maini si Corp, 300ml","Regenerează pielea aspră folosind o loțiune corp lapte calmantă, cu alantoină și ovăz scoțian. Hidratează mâinile și corpul, lăsând epiderma perfect netedă, protejată și delicat parfumată.",7888ab_5be29abd9179424593d703de08f08be9~mv2.png,Hidratare;Cremă de mâini;Au Lait;Cremă de corp;Baie & Corp;Îngrijire Corp;Scottish Fine Soaps,5016365100427,78,"Masați o cantitate mică pe toată pielea până se absoarbe complet pentru a vă lăsa pielea moale, catifelată, parfumată minunat.","Aqua (Water), Glycerin, Persea Gratissima (Avocado) Oil, Stearic Acid, Cetearyl Alcohol, Cathamus Tinctorius (Safflower) Oil, Phenoxyethanol, Glyceryl Stearate, Parfum (Fragrance), PEG-20 Stearate, Aminomethyl Propanol, Brassica Napus (Rapeseed) Seed Oil, Disodium EDTA, Ethylhexylglycerin, Allantoin, Carbomer, Avena Sativa (Oat) Seed Extract, Chamomilla Recutita (Matricaria) Flower Extract, Hexamethylindanopyran, Alpha-Isomethyl Ionone, Tetramethylacetyloctahydronaphthalenes, Coumarin, Geranyl Acetate",Nu ţineţi la îndemâna copiilor. Împotriva testării pe animale. Evitaţi contactul cu ochii. În caz de contact clătiți abundent cu apă. Nu este comestibil.,"Informatii privind identificarea producatorului, inclusiv datele de contact ale acestuia. Denumirea companiei: Scottish Fine Soaps Adresa Sediului: North Main Street, Carronshore, Falkirk, FK28HT Adresa email: sales@scottishfinesoaps.com",Scottish Fine Soaps
"Scottish Fine Soaps, Au Lait Lapte de Baie, 440ml","Repară și reîmprospătează pielea cu un lapte de baie hidratant cu extract de ovăz și mușețel. Vitamina E și acidul lactic purifică blând corpul, oferind o baie relaxantă și plină de spumă.",7888ab_77fbb684fd604a449f91703fe5aa6daa~mv2.png,Lapte de corp;Baie;Au Lait;Baie & Corp;Scottish Fine Soaps,5016365100441,64,"Adăugați o cantitate generoasă în cadă, în timp ce curge apa caldă pentru a pentru a te bucura de o experiență de baie plină de spumă albă, cremoasă și liniștitoare.","Aqua (Water), Sodium Laureth Sulfate, Sodium Chloride, Ethylene Glycol Monostearate, Parfum (Fragrance), Cocamidopropyl Betaine, Glycerin, Sodium Benzoate, Tetrasodium Glutamate Diacetate, Tocopheryl Acetate (Vitamin E), Lactic Acid, Potassium Sorbate, Avena Sativa (Oat) Seed Extract, Chamomilla Recutita (Matricaria) Flower Extract, Hexamethylindanopyran, Alpha-Isomethyl Ionone, Tetramethylacetyloctahydronaphthalenes, Coumarin",Nu ţineţi la îndemâna copiilor. Împotriva testării pe animale. Evitaţi contactul cu ochii. În caz de contact clătiți abundent cu apă. Nu este comestibil.,"Informatii privind identificarea producatorului, inclusiv datele de contact ale acestuia. Denumirea companiei: Scottish Fine Soaps Adresa Sediului: North Main Street, Carronshore, Falkirk, FK28HT Adresa email: sales@scottishfinesoaps.com",Scottish Fine Soaps
"Scottish Fine Soaps, Au Lait Crema pentru Maini, 30ml","Nutriție la purtător: o cremă de mâini mini ideală pentru geantă, cu 10% unt de shea hrănitor. Mușețelul scoțian calmează roșeața și lasă pielea parfumată cu violete și lemn de santal.",7888ab_64071e1364a74f8ba6f0555d6c00ee95~mv2.png,Cremă de mâini;Au Lait;Baie & Corp;Îngrijire Corp;Scottish Fine Soaps,5016365100458,33,Masați pe mâinile curate până se absoarbe complet,"Aqua (Water), Butyrospermum Parkii (Shea) Butter, Prunus Amygdalus Dulcis (Sweet Almond) Oil, Cetearyl Alcohol, Glycerin, Olea Europaea (Olive) Fruit Oil, Phenoxyethanol, Parfum (Fragrance), Ethylhexylglycerin, Theobroma Cacao (Cocoa) Seed Butter, Glyceryl Stearate, PEG-20 Stearate, Carbomer, Aminomethyl Propanol, Avena Sativa (Oat) Seed Extract, Chamomilla Recutita (Matricaria) Flower Extract, Hexamethylindanopyran, Alpha-Isomethyl Ionone, Tetramethylacetyloctahydronaphthalenes, Coumarin, Geranyl Acetate",Nu ţineţi la îndemâna copiilor. Împotriva testării pe animale. Evitaţi contactul cu ochii. În caz de contact clătiți abundent cu apă. Nu este comestibil.,"Informatii privind identificarea producatorului, inclusiv datele de contact ale acestuia. Denumirea companiei: Scottish Fine Soaps Adresa Sediului: North Main Street, Carronshore, Falkirk, FK28HT Adresa email: sales@scottishfinesoaps.com",Scottish Fine Soaps
"Scottish Fine Soaps, Au Lait Crema pentru Maini, 75ml","Restaurează protecția mâinilor cu o cremă de mâini nutritivă bogată în lapte de ovăz și mușețel. Untul de shea (10%) catifelează profund, oferind o senzație relaxantă și o aromă cremoasă.",7888ab_60a9a8238e7b40f48ac3484613873aa7~mv2.png,Cremă de mâini;Au Lait;Baie & Corp;Îngrijire Corp;Scottish Fine Soaps,5016365100465,64,Masați pe mâinile curate până se absoarbe complet,"Aqua (Water), Butyrospermum Parkii (Shea) Butter, Prunus Amygdalus Dulcis (Sweet Almond) Oil, Cetearyl Alcohol, Glycerin, Olea Europaea (Olive) Fruit Oil, Phenoxyethanol, Parfum (Fragrance), Ethylhexylglycerin, Theobroma Cacao (Cocoa) Seed Butter, Glyceryl Stearate, PEG-20 Stearate, Carbomer, Aminomethyl Propanol, Avena Sativa (Oat) Seed Extract, Chamomilla Recutita (Matricaria) Flower Extract, Hexamethylindanopyran, Alpha-Isomethyl Ionone, Tetramethylacetyloctahydronaphthalenes, Coumarin, Geranyl Acetate",Nu ţineţi la îndemâna copiilor. Împotriva testării pe animale. Evitaţi contactul cu ochii. În caz de contact clătiți abundent cu apă. Nu este comestibil.,"Informatii privind identificarea producatorului, inclusiv datele de contact ale acestuia. Denumirea companiei: Scottish Fine Soaps Adresa Sediului: North Main Street, Carronshore, Falkirk, FK28HT Adresa email: sales@scottishfinesoaps.com",Scottish Fine Soaps
"Scottish Fine Soaps, Au Lait Rezerva Sapun Lichid pentru Maini, 700ml","Refill inteligent și parfumat: rezervă săpun lichid hidratant plină de antioxidanți din mușețel. Pantenolul adăugat redă textura moale a mâinilor, curățând delicat cu proprietăți relaxante.",7888ab_841f469a1fa341c999e05a4e0b8c8c01~mv2.png,Săpun de mâini;Baie;Au Lait;Baie & Corp;Scottish Fine Soaps,5016365100496,106,"Scoateți pompița de la recipientul de 300 ml existent și puneți-o pe o suprafață curată care poate fi ștearsă. Turnați cu grijă săpunul din recipientul rezervă în flaconul de 300ml având grijă să nu umpleți prea mult, deoarece produsul se va deplasa atunci când pompița este introdusă la loc. Înșurubați bine pompa la loc.","Aqua (Water), Sodium Laureth Sulfate, Sodium Chloride, Parfum (Fragrance), Glycol Distearate, Cocamidopropyl Betaine, Cocamide MEA, Glycerin, Sodium Benzoate, Tetrasodium Glutamate Diacetate, Laureth-10, Panthenol (Vitamin B5), Potassium Sorbate, Avena Sativa (Oat) Seed Extract, Chamomilla Recutita (Matricaria) Flower Extract, Hexamethylindanopyran, Alpha-Isomethyl Ionone, Tetramethylacetyloctahydronaphthalenes, Coumarin",Nu ţineţi la îndemâna copiilor. Împotriva testării pe animale. Evitaţi contactul cu ochii. În caz de contact clătiți abundent cu apă. Nu este comestibil.,"Informatii privind identificarea producatorului, inclusiv datele de contact ale acestuia. Denumirea companiei: Scottish Fine Soaps Adresa Sediului: North Main Street, Carronshore, Falkirk, FK28HT Adresa email: sales@scottishfinesoaps.com",Scottish Fine Soaps
"Scottish Fine Soaps, Au Lait Gel de dus, 75ml","Păstrează rutina de exfoliere la drum cu un gel de duș mini infuzat cu acid lactic. Calmează și purifică pielea datorită ovăzului scoțian, lăsând o textură fină și un parfum discret.",7888ab_02070530b5e34936a8e8e6d44eb37b36~mv2.png,Baie;Gel de duș;Au Lait;Baie & Corp;Scottish Fine Soaps,5016365100502,33,"Aplicați o cantitate generoasă pe pielea umedă, apoi clătiți cu apă caldă, pentru a vă lăsa pielea curată și revigorată","Aqua (Water), Sodium Laureth Sulfate, Sodium Chloride, Lactic Acid, Parfum (Fragrance), Glycol Distearate, Cocamidopropyl Betaine, Cocamide MEA, Glycerin, Sodium Benzoate, Tetrasodium Glutamate Diacetate, Laureth-10, Potassium Sorbate, Avena Sativa (Oat) Seed Extract, Chamomilla Recutita (Matricaria) Flower Extract, Hexamethylindanopyran, Alpha-Isomethyl Ionone, Tetramethylacetyloctahydronaphthalenes, Coumarin",Nu ţineţi la îndemâna copiilor. Împotriva testării pe animale. Evitaţi contactul cu ochii. În caz de contact clătiți abundent cu apă. Nu este comestibil.,"Informatii privind identificarea producatorului, inclusiv datele de contact ale acestuia. Denumirea companiei: Scottish Fine Soaps Adresa Sediului: North Main Street, Carronshore, Falkirk, FK28HT Adresa email: sales@scottishfinesoaps.com",Scottish Fine Soaps
"Scottish Fine Soaps, Au Lait Crema de Corp, 75ml","Asigură hrănirea intensivă în deplasare folosind o cremă de corp travel size puternic hidratantă. Uleiul de jojoba, untul de shea și acidul hialuronic lasă pielea vizibil catifelată și moale.",7888ab_0f9f63252bf14145ba6d80b57cdd6d71~mv2.png,Hidratare;Au Lait;Cremă de corp;Baie & Corp;Îngrijire Corp;Scottish Fine Soaps,5016365100519,33,"Masați o cantitate mică pe toată pielea până se absoarbe complet pentru a vă lăsa pielea moale, catifelată, parfumată minunat.","Aqua (Water), Prunus Amygdalus Dulcis (Sweet Almond) Oil, Butyrospermum Parkii (Shea) Butter, Cetearyl Alcohol, Stearic Acid, Glycerin, Phenoxyethanol, Glyceryl Stearate, Parfum (Fragrance), Simmondsia Chinensis (Jojoba) Seed Oil, Brassica Napus (Rapeseed) Seed Oil, PEG-20 Stearate, Aminomethyl Propanol, Disodium EDTA, Ethylhexylglycerin, Hydrolyzed Hyaluronic Acid, Carbomer, Avena Sativa (Oat) Seed Extract, Chamomilla Recutita (Matricaria) Flower Extract, Hexamethylindanopyran, Alpha-Isomethyl Ionone, Tetramethylacetyloctahydronaphthalenes, Coumarin, Geranyl Acetate",Nu ţineţi la îndemâna copiilor. Împotriva testării pe animale. Evitaţi contactul cu ochii. În caz de contact clătiți abundent cu apă. Nu este comestibil.,"Informatii privind identificarea producatorului, inclusiv datele de contact ale acestuia. Denumirea companiei: Scottish Fine Soaps Adresa Sediului: North Main Street, Carronshore, Falkirk, FK28HT Adresa email: sales@scottishfinesoaps.com",Scottish Fine Soaps
"Scottish Fine Soaps, Au Lait Gel de dus, 300ml","Începe ziua cu purificarea delicată a unui gel de duș 300ml pe bază de lapte de mușețel. Acidul lactic oferă o exfoliere naturală pentru o piele proaspătă, fină și incredibil de mătăsoasă.",7888ab_8fc36b5654f74839b7e00d4995e2e4ac~mv2.png,Baie;Gel de duș;Au Lait;Baie & Corp;Scottish Fine Soaps,5016365101462,78,"Pompați o cantitate generoasă pe pielea umedă, spumați, apoi clătiți pentru a vă lăsa pielea curată și reîmprospătată.","Aqua (Water), Sodium Laureth Sulfate, Sodium Chloride, Lactic Acid, Parfum (Fragrance), Glycol Distearate, Cocamidopropyl Betaine, Cocamide MEA, Glycerin, Sodium Benzoate, Tetrasodium Glutamate Diacetate, Laureth-10, Potassium Sorbate, Avena Sativa (Oat) Seed Extract, Chamomilla Recutita (Matricaria) Flower Extract, Hexamethylindanopyran, Alpha-Isomethyl Ionone, Tetramethylacetyloctahydronaphthalenes, Coumarin",Nu ţineţi la îndemâna copiilor. Împotriva testării pe animale. Evitaţi contactul cu ochii. În caz de contact clătiți abundent cu apă. Nu este comestibil.,"Informatii privind identificarea producatorului, inclusiv datele de contact ale acestuia. Denumirea companiei: Scottish Fine Soaps Adresa Sediului: North Main Street, Carronshore, Falkirk, FK28HT Adresa email: sales@scottishfinesoaps.com",Scottish Fine Soaps
"Scottish Fine Soaps, Au Lait Rezerva Sapun Lichid pentru Maini, 1.2l","Ai grijă de hidratarea familiei cu o rezervă săpun lichid 1.2l cu proprietăți intens purificatoare. Formula sa cu pantenol, ovăz și mușețel menține mâinile moi, reparate și catifelate.",7888ab_975e0f7350d84e9b9dd106227776f92f~mv2.png,Săpun de mâini;Baie;Au Lait;Baie & Corp;Scottish Fine Soaps,5016365101486,133,"Scoateți pompița de la recipientul de 300 ml existent și puneți-o pe o suprafață curată care poate fi ștearsă. Turnați cu grijă săpunul din recipientul rezervă în flaconul de 300ml având grijă să nu umpleți prea mult, deoarece produsul se va deplasa atunci când pompița este introdusă la loc. Înșurubați bine pompa la loc. Această rezervă ar trebui să reumple sticla de 300 ml de 4 ori.","Aqua (Water), Sodium Laureth Sulfate, Sodium Chloride, Parfum (Fragrance), Glycol Distearate, Cocamidopropyl Betaine, Cocamide MEA, Glycerin, Sodium Benzoate, Tetrasodium Glutamate Diacetate, Laureth-10, Panthenol (Vitamin B5), Potassium Sorbate, Avena Sativa (Oat) Seed Extract, Chamomilla Recutita (Matricaria) Flower Extract, Hexamethylindanopyran, Alpha-Isomethyl Ionone, Tetramethylacetyloctahydronaphthalenes, Coumarin",Nu ţineţi la îndemâna copiilor. Împotriva testării pe animale. Evitaţi contactul cu ochii. În caz de contact clătiți abundent cu apă. Nu este comestibil.,"Informatii privind identificarea producatorului, inclusiv datele de contact ale acestuia. Denumirea companiei: Scottish Fine Soaps Adresa Sediului: North Main Street, Carronshore, Falkirk, FK28HT Adresa email: sales@scottishfinesoaps.com",Scottish Fine Soaps
"Scottish Fine Soaps, Thistle & Pepper, Sampon si Gel de dus Barbati, 500ml","Curăță eficient sebumul cu un șampon și gel de duș bărbați fortificat cu extract de armurariu. Pantenolul hidratează intens, lăsând o aromă revigorantă de piper și ambră pe piele și păr.",7888ab_fa27d1c9900c4fdc8bfa34cfb9382bd2~mv2.png,Ingrijire Par MEN;Baie;Gel de duș;Thistle & Pepper;MEN;Men Face & Body;Baie & Corp;Scottish Fine Soaps,5016365100557,105,"Aplicați o cantitate generoasă pe pielea umedă și pe părul umed, apoi clătiți cu apă caldă, pentru a vă lăsa pielea și părul curate, revigorate cu parfum rafinat masculin.","Aqua (Water), Sodium Laureth Sulfate, Sodium Chloride, Parfum (Fragrance), Cocamidopropyl Betaine, Citric Acid, Sodium Benzoate, Glycerin, Tetrasodium Glutamate Diacetate, Magnesium PCA, Potassium Sorbate, Panthenol (Vitamin B5), Propylene Glycol, PEG-120 Methyl Glucose Trioleate, Avena Sativa (Oat) Seed Extract, Silybum Marianum (Milk Thistle) Extract, Tetramethylacetyloctahydroaphthalenes, Coumarin, Citronellol, Linalyl Acetate, Lavandula Oil/Extract",Nu ţineţi la îndemâna copiilor. Împotriva testării pe animale. Evitaţi contactul cu ochii. În caz de contact clătiți abundent cu apă. Nu este comestibil.,"Informatii privind identificarea producatorului, inclusiv datele de contact ale acestuia. Denumirea companiei: Scottish Fine Soaps Adresa Sediului: North Main Street, Carronshore, Falkirk, FK28HT Adresa email: sales@scottishfinesoaps.com",Scottish Fine Soaps
"Scottish Fine Soaps, Thistle & Pepper Sapun lichid pentru Fata si Barba, 150ml","Spală blând tenul cu un gel curățare barbă infuzat cu acid lactic pentru catifelare. Curăță perfect, hidratează fața și răspândește note condimentate, extrem de fine de piper negru.",7888ab_b6f2ca87882d43bba214f19d20ac4c34~mv2.png,Thistle & Pepper;Ingrijire Față;Ingrijire Barbă;MEN;Men Face & Body;Baie & Corp;Scottish Fine Soaps,5016365100564,44,"Aplicați o cantitate mică pe pielea umedă, spumați, apoi clătiți cu apă caldă, pentru a vă lăsa pielea și barba curate, revigorate cu parfum rafinat masculin.","Aqua (Water), Sodium Laureth Sulfate, Sodium Chloride, Parfum (Fragrance), Lactic Acid, Cocamidopropyl Betaine, Sodium Benzoate, Tetrasodium Glutamate Diacetate, Magnesium PCA, Potassium Sorbate, Panthenol (Vitamin B5), Propylene Glycol, PEG-120 Methyl Glucose Trioleate, Glycerin, Silybum Marianum (Milk Thistle) Extract, Tetramethylacetyloctahydroaphthalenes, Coumarin, Citronellol",Nu ţineţi la îndemâna copiilor. Împotriva testării pe animale. Evitaţi contactul cu ochii. În caz de contact clătiți abundent cu apă. Nu este comestibil.,"Informatii privind identificarea producatorului, inclusiv datele de contact ale acestuia. Denumirea companiei: Scottish Fine Soaps Adresa Sediului: North Main Street, Carronshore, Falkirk, FK28HT Adresa email: sales@scottishfinesoaps.com",Scottish Fine Soaps
"Scottish Fine Soaps, Thistle & Pepper Ulei pentru Barba, 30ml","Menține firul puternic și disciplinat cu un ulei de barbă hidratant pe bază de jojoba și avocado. Calmează pielea cu ulei de migdale dulci, lăsând un parfum subtil de armurariu.",7888ab_8c21afa6d15c4a478f14a3cfb11d6a21~mv2.png,Thistle & Pepper;Ingrijire Barbă;MEN;Men Face & Body;Baie & Corp;Scottish Fine Soaps,5016365100656,85,Picurați cantitatea dorită de ulei în palmă și masați uniform barba,"Prunus Amygdalus Dulcis (Sweet Almond) Oil, Cathamus Tinctorius (Safflower) Oil, Simmondsia Chinensis (Jojoba) Seed Oil, Persea Gratissima (Avocado) Oil, Parfum (Fragrance), Tocopheryl Acetate (Vitamin E), Tetramethylacetyloctahydroaphthalenes, Citronellol, Linalyl Acetate, Lavandula Oil/Extract, Linalool",Nu ţineţi la îndemâna copiilor. Împotriva testării pe animale. Evitaţi contactul cu ochii. În caz de contact clătiți abundent cu apă. Nu este comestibil.,"Informatii privind identificarea producatorului, inclusiv datele de contact ale acestuia. Denumirea companiei: Scottish Fine Soaps Adresa Sediului: North Main Street, Carronshore, Falkirk, FK28HT Adresa email: sales@scottishfinesoaps.com",Scottish Fine Soaps
"Scottish Fine Soaps, Thistle & Pepper Balsam pentru Barba, 95ml","Modelează și hidratează zilnic folosind un balsam hidratant barbă cu fixare medie, delicat parfumat. Untul de cacao și aloe vera hrănesc intens, menținând aspectul impecabil și curat.",7888ab_72b081d797414e33b9e9bb6372cbb4a4~mv2.png,Thistle & Pepper;Ingrijire Barbă;MEN;Men Face & Body;Baie & Corp;Scottish Fine Soaps,5016365100663,85,"Masați o cantitate mică de balsam în palme și aplicați uniform pe barbă, înainte de a o aranja în modul dorit.","Aqua (Water), Cetearyl Alcohol, Glycerin, Prunus Amygdalus Dulcis (Sweet Almond) Oil, Cathamus Tinctorius (Safflower) Oil, Stearic Acid, Glyceryl Stearate, Jojoba Esters, Theobroma Cacao (Cocoa) Seed Butter, PEG-20 Stearate, Phenoxyethanol, Parfum (Fragrance), Tocopheryl Acetate (Vitamin E), Aloe Barbadendis (Aloe vera) Leaf Juice, Aminomethyl Propanol, Ethylhexylglycerin, Carbomer, Polyquarternium-10, Silybum Marianum (Milk Thistle) Extract, Citric Acid, Potassium Sorbate, Sodium Benzoate, Tetramethylacetyloctahydroaphthalenes, Coumarin, Citronellol, Linalyl Acetate, Lavandula Oil/Extract, Linalool",Nu ţineţi la îndemâna copiilor. Împotriva testării pe animale. Evitaţi contactul cu ochii. În caz de contact clătiți abundent cu apă. Nu este comestibil.,"Informatii privind identificarea producatorului, inclusiv datele de contact ale acestuia. Denumirea companiei: Scottish Fine Soaps Adresa Sediului: North Main Street, Carronshore, Falkirk, FK28HT Adresa email: sales@scottishfinesoaps.com",Scottish Fine Soaps
"Scottish Fine Soaps, Thistle & Pepper Balsam Aftershave, 75ml","Reduce iritația imediat cu un balsam aftershave bărbați răcoritor și puternic nutritiv. Mentolul, armurariul și vitamina E repară pielea, oferind o esență elegantă de santal și cătină.",7888ab_fd7bc90648134ea39891d41aa53fc2cd~mv2.png,Thistle & Pepper;Ingrijire Față;MEN;Men Face & Body;Baie & Corp;Bărbierit;Scottish Fine Soaps,5016365100649,78,"Aplicaţi cu moderație, după ras, acest balsam hidratant şi masați uşor până se absoarbe complet","Aqua (Water), Cetearyl Alcohol, Glycerin, Dimethicone, Phenoxyethanol, PEG-20 Stearate, Denatured Alcohol, Theobroma Cacao (Cocoa) Seed Butter, Parfum (Fragrance), Carbomer, Aminomethyl Propanol, Menthol, Disodium EDTA, Allantoin, Ethylhexylglycerin, Tocopheryl Acetate (Vitamin E), Aloe Barbadensis (Aloe Vera) Leaf Juice, Silybum Marianum (Milk Thistle) Extract, Citric Acid, Sodium Benzoate, Potassium Sorbate, Tetramethylacetyl",Nu ţineţi la îndemâna copiilor. Împotriva testării pe animale. Evitaţi contactul cu ochii. În caz de contact clătiți abundent cu apă. Nu este comestibil.,"Informatii privind identificarea producatorului, inclusiv datele de contact ale acestuia. Denumirea companiei: Scottish Fine Soaps Adresa Sediului: North Main Street, Carronshore, Falkirk, FK28HT Adresa email: sales@scottishfinesoaps.com",Scottish Fine Soaps
"Scottish Fine Soaps, Wild Heather Sapun Lichid pentru Maini, 300ml","Experimentează puritatea unei spălări cu un săpun lichid floral mâini bogat în pantenol. Revitalizează epiderma lăsând un parfum bogat și relaxant, plin de esența naturii sălbatice.",7888ab_4649936f585c4be1a532c6a8f1168864~mv2.png,Săpun de mâini;Baie;Wild Heather;Baie & Corp;Scottish Fine Soaps,5016365100953,78,"Pompați o cantitate mică pe pielea umedă, spumați, apoi clătiți pentru a vă lăsa pielea curată și reîmprospătată.","Aqua (Water), Sodium Laureth Sulfate, Sodium Chloride, Parfum (Fragrance), Cocoamidopropyl Betaine, Citric Acid, Sodium Benzoate, Tetrasodium Glutamate Diacetate, Panthenol (Vitamin B5), Potassium Sorbate, Glycerin, Propylene Glycol, PEG-120 Methyl Glucose Trioleate, Calluna Vulgaris (Heather) Extract , Geraniol, Tetramethylacetyloctahydronaphthalenes, Hexamethylindanopyran, Juniperus Virginiana Oil, Limonene, Pogostemon Cablin Oil, Citronellol, Citrus Aurantium Peel",Nu ţineţi la îndemâna copiilor. Împotriva testării pe animale. Evitaţi contactul cu ochii. În caz de contact clătiți abundent cu apă. Nu este comestibil.,"Informatii privind identificarea producatorului, inclusiv datele de contact ale acestuia. Denumirea companiei: Scottish Fine Soaps Adresa Sediului: North Main Street, Carronshore, Falkirk, FK28HT Adresa email: sales@scottishfinesoaps.com",Scottish Fine Soaps
"Scottish Fine Soaps, Wild Heather Lotiune pentru Maini si Corp, 300ml","Calmează instantaneu cu o loțiune corp florală formulată cu alantoină protectoare pentru piele. Reface intens hidratarea mâinilor și corpului, lăsând un miros de iarbă neagră relaxant.",7888ab_ec576c6041fc435794d6fceda11b86a1~mv2.png,Hidratare;Cremă de mâini;Wild Heather;Cremă de corp;Baie & Corp;Îngrijire Corp;Scottish Fine Soaps,5016365100960,78,"Masați o cantitate mică pe toată pielea până se absoarbe complet pentru a vă lăsa pielea moale, catifelată, parfumată minunat.","Aqua (Water), Persea Gratissima (Avocado) Oil, Glycerin, Cathamus Tinctorius (Safflower) Oil, Stearic Acid, Cetearyl Alcohol, Phenoxyethanol, Parfum (Fragrance), Glyceryl Stearate, PEG-20 Stearate, Aminomethyl Propanol, Brassica Napus (Rapeseed) Seed Oil, Disodium EDTA, Tocopheryl Acetate, Ethylhexylglycerin, Allantoin, Carbomer, Calluna Vulgaris (Heather) Extract , Geraniol, Tetramethylacetyloctahydronaphthalenes, Hexamethylindanopyran, Juniperus Virginiana Oil, Limonene, Pogostemon Cablin Oil, Citronellol, Citrus Aurantium Peel, Linalool, Cinnamyl Alcohol, Pinene, Trimethylcyclopentenylmethylisopentenol, Alpha-Isomethyl Ionone",Nu ţineţi la îndemâna copiilor. Împotriva testării pe animale. Evitaţi contactul cu ochii. În caz de contact clătiți abundent cu apă. Nu este comestibil.,"Informatii privind identificarea producatorului, inclusiv datele de contact ale acestuia. Denumirea companiei: Scottish Fine Soaps Adresa Sediului: North Main Street, Carronshore, Falkirk, FK28HT Adresa email: sales@scottishfinesoaps.com",Scottish Fine Soaps
"Scottish Fine Soaps, Wild Heather Gel de dus, 300ml","Reînnoiește textura pielii corpului cu un gel de duș parfumat floral ce conține acid lactic. Efectul blând de exfoliere lasă pielea netedă, revitalizată și acoperită de note bogate.",7888ab_6b30037ee5a54f63a6006960d471f459~mv2.png,Baie;Gel de duș;Wild Heather;Baie & Corp;Scottish Fine Soaps,5016365101516,78,"Aplicați o cantitate generoasă pe pielea umedă, apoi clătiți cu apă caldă, pentru a vă lăsa pielea curată și revigorată","Aqua (Water), Sodium Laureth Sulfate, Sodium Chloride, Parfum (Fragrance), Lactic Acid, Cocamidopropyl Betaine, Coceth-7, PPG-1-PEG-9 Lauryl Glycol Ether, Glycerin, Sodium Benzoate, Tetrasodium Glutamate Diacetate, Potassium Sorbate, PEG-120 Methyl Glucose Trioleate, Propylene Glycol, PEG-40 Hydrogenated Castor Oil, Sorbus Aucuparia (Rowan) Fruit Extract, Pinus Sylvestris (Scots Pine) Bark Extract, Pogostemon Cablin Oil, Linalyl Acetate, Linalool, Lavandula Oil/Extract, Eucalyptus Globulus Oil, Beta-Caryophyllene, Pinene, Pelargonium Graveolens Flower Oil, Terpineol, Citronellol, Limonene, Geraniol",Nu ţineţi la îndemâna copiilor. Împotriva testării pe animale. Evitaţi contactul cu ochii. În caz de contact clătiți abundent cu apă. Nu este comestibil.,"Informatii privind identificarea producatorului, inclusiv datele de contact ale acestuia. Denumirea companiei: Scottish Fine Soaps Adresa Sediului: North Main Street, Carronshore, Falkirk, FK28HT Adresa email: sales@scottishfinesoaps.com",Scottish Fine Soaps
"Scottish Fine Soaps, Wild Heather Crema pentru Maini, 75ml","Menține-ți mâinile perfect fine cu o cremă de mâini parfumată bogată în uleiuri hrănitoare. Untul de shea 10% protejează, în timp ce piperul roz și vanilia lasă un parfum delicat pe piele.",7888ab_ed5406c27d574314b1cd7a5cf5fb888d~mv2.png,Cremă de mâini;Wild Heather;Baie & Corp;Îngrijire Corp;Scottish Fine Soaps,5016365101004,64,Masați pe mâinile curate până se absoarbe complet,"Aqua (Water), Butyrospermum Parkii (Shea) Butter, Prunus Amygdalus Dulcis (Sweet Almond) Oil, Cetearyl Alcohol, Olea Europaea (Olive) Fruit Oil, Parfum (Fragrance), Phenoxyethanol, Ethylhexylglycerin, Theobroma Cacao (Cocoa) Seed Butter, Glyceryl Stearate, PEG-20 Stearate, Carbomer, Glycerin, Aminomethyl Propanol, Brassica Napus (Rapeseed) Seed Oil, Pinus Sylvestris (Scots Pine) Bark Extract, Sorbus Aucuparia (Rowan) Fruit Extract, Pogostemon Cablin Oil, Linalyl Acetate, Linalool, Lavandula Oil/Extract, Eucalyptus Globulus Oil, Beta-Caryophyllene, Pinene, Pelargonium Graveolens Flower Oil, Terpineol, Citronellol, Geraniol, Limonene, Geranyl Acetate, Camphor, Eugenol, Evernia Prunastri Extract, Citral, Terpinolene",Nu ţineţi la îndemâna copiilor. Împotriva testării pe animale. Evitaţi contactul cu ochii. În caz de contact clătiți abundent cu apă. Nu este comestibil.,"Informatii privind identificarea producatorului, inclusiv datele de contact ale acestuia. Denumirea companiei: Scottish Fine Soaps Adresa Sediului: North Main Street, Carronshore, Falkirk, FK28HT Adresa email: sales@scottishfinesoaps.com",Scottish Fine Soaps
"Scottish Fine Soaps, Wild Heather Crema pentru maini, 30ml","Formatul perfect de călătorie: cremă de mâini poșetă super-hidratantă cu unt de shea. Combinația de extracte hrănitoare catifelează rapid cuticulele, oferind o mireasmă florală subtilă.",7888ab_bef4c5fcabbe433cb9c1b290e730d99d~mv2.png,Cremă de mâini;Wild Heather;Baie & Corp;Îngrijire Corp;Scottish Fine Soaps,5016365101011,35,Masați pe mâinile curate până se absoarbe complet,"Aqua (Water), Butyrospermum Parkii (Shea) Butter, Prunus Amygdalus Dulcis (Sweet Almond) Oil, Cetearyl Alcohol, Olea Europaea (Olive) Fruit Oil, Parfum (Fragrance), Phenoxyethanol, Ethylhexylglycerin, Theobroma Cacao (Cocoa) Seed Butter, Glyceryl Stearate, PEG-20 Stearate, Carbomer, Glycerin, Aminomethyl Propanol, Brassica Napus (Rapeseed) Seed Oil, Pinus Sylvestris (Scots Pine) Bark Extract, Sorbus Aucuparia (Rowan) Fruit Extract, Pogostemon Cablin Oil, Linalyl Acetate, Linalool, Lavandula Oil/Extract, Eucalyptus Globulus Oil, Beta-Caryophyllene, Pinene, Pelargonium Graveolens Flower Oil, Terpineol, Citronellol, Geraniol, Limonene, Geranyl Acetate, Camphor, Eugenol, Evernia Prunastri Extract, Citral, Terpinolene",Nu ţineţi la îndemâna copiilor. Împotriva testării pe animale. Evitaţi contactul cu ochii. În caz de contact clătiți abundent cu apă. Nu este comestibil.,"Informatii privind identificarea producatorului, inclusiv datele de contact ale acestuia. Denumirea companiei: Scottish Fine Soaps Adresa Sediului: North Main Street, Carronshore, Falkirk, FK28HT Adresa email: sales@scottishfinesoaps.com",Scottish Fine Soaps
"Scottish Fine Soaps, Oakmoss Sapun Lichid pentru Maini, 300ml","Spală și protejează delicat folosind un săpun lichid curățare profundă infuzat cu pantenol. Hidratează eficient mâinile lăsând aroma inconfundabilă de mușchi de stejar, cedru și ambră.",7888ab_403bce5ac68e4c6a96e5bff53d32ddfe~mv2.png,Săpun de mâini;Oakmoss;Baie;Baie & Corp;Scottish Fine Soaps,5016365100793,78,"Pompați o cantitate mică pe pielea umedă, spumați, apoi clătiți pentru a vă lăsa pielea curată și reîmprospătată.","Aqua (Water), Sodium Laureth Sulfate, Sodium Chloride, Parfum (Fragrance), Citric Acid, Cocamidopropyl Betaine, Coceth-7, PPG-1-PEG-9 Lauryl Glycol Ether, Glycerin, Sodium Benzoate, Tetrasodium Glutamate Diacetate, Panthenol (Vitamin B5), Potassium Sorbate, PEG-120 Methyl Glucose Trioleate, Propylene Glycol, PEG-40 Hydrogenated Castor Oil, Sorbus Aucuparia (Rowan) Fruit Extract, Pinus Sylvestris (Scots Pine) Bark Extract, Pogostemon Cablin Oil, Linalyl Acetate, Linalool, Lavandula Oil/Extract, Eucalyptus Globulus Oil, Beta-Caryophyllene, Pinene, Pelargonium Graveolens Flower Oil, Terpineol, Citronellol, Limonene, Geraniol",Nu ţineţi la îndemâna copiilor. Împotriva testării pe animale. Evitaţi contactul cu ochii. În caz de contact clătiți abundent cu apă. Nu este comestibil.,"Informatii privind identificarea producatorului, inclusiv datele de contact ale acestuia. Denumirea companiei: Scottish Fine Soaps Adresa Sediului: North Main Street, Carronshore, Falkirk, FK28HT Adresa email: sales@scottishfinesoaps.com",Scottish Fine Soaps
"Scottish Fine Soaps, Oakmoss Lotiune pentru Maini si Corp, 300ml","Reface textura pielii uscate cu o loțiune hidratantă corp fresh ce conține alantoină calmantă. Formula intens nutritivă îngrijește mâinile, oferind un parfum inspirat de pădurile scoțiene.",7888ab_e1fb9f8e0561487c8994cb96920828b9~mv2.png,Hidratare;Oakmoss;Cremă de mâini;Cremă de corp;Baie & Corp;Îngrijire Corp;Scottish Fine Soaps,5016365100809,78,"Masați o cantitate mică pe toată pielea până se absoarbe complet pentru a vă lăsa pielea moale, catifelată, parfumată minunat.","Aqua (Water), Persea Gratissima (Avocado) Oil, Glycerin, Cathamus Tinctorius (Safflower) Oil, Stearic Acid, Cetearyl Alcohol, Phenoxyethanol, Parfum (Fragrance), Glyceryl Stearate, PEG-20 Stearate, Aminomethyl Propanol, Brassica Napus (Rapeseed) Seed Oil, Disodium EDTA, Ethylhexylglycerin, Allantoin, Carbomer, Tocopheryl Acetate (Vitamin E), Pinus Sylvestris (Scots Pine) Bark Extract, Sorbus Aucuparia (Rowan) Fruit Extract, Pogostemon Cablin Oil, Linalyl Acetate, Linalool, Lavandula Oil/Extract, Eucalyptus Globulus Oil, Beta-Caryophyllene, Pinene, Pelargonium Graveolens Flower Oil, Terpineol, Citronellol, Limonene, Geraniol, Geranyl Acetate, Camphor, Eugenol, Evernia Prunastri extract, Terpinolene, Citral, Alpha-Terpinene",Nu ţineţi la îndemâna copiilor. Împotriva testării pe animale. Evitaţi contactul cu ochii. În caz de contact clătiți abundent cu apă. Nu este comestibil.,"Informatii privind identificarea producatorului, inclusiv datele de contact ale acestuia. Denumirea companiei: Scottish Fine Soaps Adresa Sediului: North Main Street, Carronshore, Falkirk, FK28HT Adresa email: sales@scottishfinesoaps.com",Scottish Fine Soaps
"Scottish Fine Soaps, Oakmoss Gel de dus, 300ml","Exfoliază corpul subtil cu un gel de duș fresh revigorant îmbogățit cu acid lactic. Lasă o piele moale și curată, însoțită de un parfum lemnos, plin de prospețimea pădurii umede.",7888ab_7ffb06edc5794036acf7b46680f75e75~mv2.png,Oakmoss;Baie;Gel de duș;Baie & Corp;Scottish Fine Soaps,5016365101509,78,"Aplicați o cantitate generoasă pe pielea umedă, apoi clătiți cu apă caldă, pentru a vă lăsa pielea curată și revigorată","Aqua (Water), Sodium Laureth Sulfate, Sodium Chloride, Parfum (Fragrance), Citric Acid, Cocamidopropyl Betaine, Coceth-7, PPG-1-PEG-9 Lauryl Glycol Ether, Glycerin, Sodium Benzoate, Tetrasodium Glutamate Diacetate, Panthenol (Vitamin B5), Potassium Sorbate, PEG-120 Methyl Glucose Trioleate, Propylene Glycol, PEG-40 Hydrogenated Castor Oil, Sorbus Aucuparia (Rowan) Fruit Extract, Pinus Sylvestris (Scots Pine) Bark Extract, Pogostemon Cablin Oil, Linalyl Acetate, Linalool, Lavandula Oil/Extract, Eucalyptus Globulus Oil, Beta-Caryophyllene, Pinene, Pelargonium Graveolens Flower Oil, Terpineol, Citronellol, Limonene, Geraniol",Nu ţineţi la îndemâna copiilor. Împotriva testării pe animale. Evitaţi contactul cu ochii. În caz de contact clătiți abundent cu apă. Nu este comestibil.,"Informatii privind identificarea producatorului, inclusiv datele de contact ale acestuia. Denumirea companiei: Scottish Fine Soaps Adresa Sediului: North Main Street, Carronshore, Falkirk, FK28HT Adresa email: sales@scottishfinesoaps.com",Scottish Fine Soaps
"Scottish Fine Soaps, Oakmoss Crema pentru Maini, 75ml","Regenerează-ți epiderma cu o cremă de mâini catifelantă bogată în antioxidanți de pin scoțian. Untul de shea hrănește profund, oferind note calde de ambră, piper, lemn de santal și stejar.",7888ab_96cb7b9f96424af8ace9b29f6c625e7d~mv2.png,Oakmoss;Cremă de mâini;Baie & Corp;Îngrijire Corp;Scottish Fine Soaps,5016365100830,64,Masați pe mâinile curate până se absoarbe complet,"Aqua (Water), Butyrospermum Parkii (Shea) Butter, Prunus Amygdalus Dulcis (Sweet Almond) Oil, Cetearyl Alcohol, Olea Europaea (Olive) Fruit Oil, Parfum (Fragrance), Phenoxyethanol, Ethylhexylglycerin, Theobroma Cacao (Cocoa) Seed Butter, Glyceryl Stearate, PEG-20 Stearate, Carbomer, Glycerin, Aminomethyl Propanol, Brassica Napus (Rapeseed) Seed Oil, Pinus Sylvestris (Scots Pine) Bark Extract, Sorbus Aucuparia (Rowan) Fruit Extract, Pogostemon Cablin Oil, Linalyl Acetate, Linalool, Lavandula Oil/Extract, Eucalyptus Globulus Oil, Beta-Caryophyllene, Pinene, Pelargonium Graveolens Flower Oil, Terpineol, Citronellol, Geraniol, Limonene, Geranyl Acetate, Camphor, Eugenol, Evernia Prunastri Extract, Citral, Terpinolene",Nu ţineţi la îndemâna copiilor. Împotriva testării pe animale. Evitaţi contactul cu ochii. În caz de contact clătiți abundent cu apă. Nu este comestibil.,"Informatii privind identificarea producatorului, inclusiv datele de contact ale acestuia. Denumirea companiei: Scottish Fine Soaps Adresa Sediului: North Main Street, Carronshore, Falkirk, FK28HT Adresa email: sales@scottishfinesoaps.com",Scottish Fine Soaps
"Scottish Fine Soaps, Oakmoss Crema pentru Maini, 30ml","Soluția on-the-go pentru piele aspră: o cremă de mâini travel bogată în uleiuri naturale. Sorb de pădure și untul de shea oferă hidratare, parfum delicat de cedru și o îngrijire superioară.",7888ab_153c40d33c5044a49f1dcfd2192388af~mv2.png,Oakmoss;Cremă de mâini;Baie & Corp;Îngrijire Corp;Scottish Fine Soaps,5016365100854,35,Masați pe mâinile curate până se absoarbe complet,"Aqua (Water), Butyrospermum Parkii (Shea) Butter, Prunus Amygdalus Dulcis (Sweet Almond) Oil, Cetearyl Alcohol, Olea Europaea (Olive) Fruit Oil, Parfum (Fragrance), Phenoxyethanol, Ethylhexylglycerin, Theobroma Cacao (Cocoa) Seed Butter, Glyceryl Stearate, PEG-20 Stearate, Carbomer, Glycerin, Aminomethyl Propanol, Brassica Napus (Rapeseed) Seed Oil, Pinus Sylvestris (Scots Pine) Bark Extract, Sorbus Aucuparia (Rowan) Fruit Extract, Pogostemon Cablin Oil, Linalyl Acetate, Linalool, Lavandula Oil/Extract, Eucalyptus Globulus Oil, Beta-Caryophyllene, Pinene, Pelargonium Graveolens Flower Oil, Terpineol, Citronellol, Geraniol, Limonene, Geranyl Acetate, Camphor, Eugenol, Evernia Prunastri Extract, Citral, Terpinolene",Nu ţineţi la îndemâna copiilor. Împotriva testării pe animale. Evitaţi contactul cu ochii. În caz de contact clătiți abundent cu apă. Nu este comestibil.,"Informatii privind identificarea producatorului, inclusiv datele de contact ale acestuia. Denumirea companiei: Scottish Fine Soaps Adresa Sediului: North Main Street, Carronshore, Falkirk, FK28HT Adresa email: sales@scottishfinesoaps.com",Scottish Fine Soaps
"Polaar, Ice Pure Deodorant Stick, 50ml","Rămâi fresh cu un deodorant stick revigorant formulat cu piatră de alaun și lichen arctic. Fără săruri de aluminiu, permite pielii sensibile să respire, neutralizând mirosurile perfect.",7888ab_a5032c3be4c0468baec05151cfcf7ee1~mv2.png,Parfum & Deodorant;Ice Pure;Polaar;Baie & Corp;Îngrijire Corp,3760114996138,110,"1.Aplicați zilnic pe pielea curată și sănătoasă de sub brațe. Vă recomandăm să agitați deodorantul înainte de a-l utiliza pentru prima dată, pentru a vă asigura că formula este în contact cu bila. 2. Pielea dvs. a fost obișnuită cu substanțele chimice ani de zile. Prin urmare, este posibil să treacă ceva timp până când deodorantul dumneavoastră natural să fie la capacitate maximă, așa că aveți răbdare.",<p>aqua (water/eau); glycerin; triethyl citrate; xanthan gum; citric acid; parfum(fragrance); sodium benzoate; potassium sorbate; eriophorum spissum flower/stem extract.</p>,Nu ţineţi la îndemâna copiilor. Împotriva testării pe animale. Evitaţi contactul cu ochii. În caz de contact clătiți abundent cu apă. Nu este comestibil.,"Informatii privind identificarea producatorului, inclusiv datele de contact ale acestuia. Denumirea companiei: Polaar Adresa Sediului: 53, rue du Rocher, 75008 Paris, France Adresa email: info@polaar.com",Polaar
"Polaar, Ice Pure Masca, 30ml","Detoxifică intens cu o mască facială purifiantă ce se transformă din gel în spumă activă. Floarea de bumbac curăță porii, iluminează tenul și lasă o piele matifiată, curată și clară.",7888ab_6b410150c43d4db5b4edf95d28fff29a~mv2.jpeg,Îngrijire Față;Curățare;Ice Pure;SKINCARE;Polaar,3760114997388,140,"Potrivit pentru toate tipurile de piele. Utilizați o dată sau de două ori pe săptămână. 1 - Aplicați o dată sau de două ori pe săptămână un strat subțire pe față, evitând zona ochilor. 2 - Bucurați-vă de senzația gelului care se transformă în spumă și începe să facă bule! 3 - Când toate bulele au dispărut, clătiți cu apă. Completează-ți rutina cu: - Pureté Arctique Balsam Demachiant - Pureté Arctique Pudră Exfoliantă - Aux Sources des Glaciers Gel Hidratant","<table> 
 <tbody> 
  <tr> 
   <td><br> Ingrediente:aqua (water/eau); propanediol; pentylene glycol; glycerin. polysorbate 20; sodiumpolyacrylate starch;perfluorodecalin; decyl glucoside;glyceryl glucoside. perfluoromethylcyclopentane; eriophorum spissum flower/stem extract; chlorphenesin; sodiumbenzoate; parfum (fragrance); disodium edta; hexyl cinnamal; potassium sorbate; sorbic acid. CI14700 (red 4); CI 17200 (red 33)<br> Extractul de floare de bumbac - proprietăți detoxifiante, calmante și hidratante<br> Apă celulară (Cellular water) - crește hidratarea<br> Cocktail oxigenant (Oxygenating cocktail) - purifică, matifiază, clarifică, netezește textura pielii</td> 
  </tr> 
 </tbody> 
</table>",Nu ţineţi la îndemâna copiilor. Împotriva testării pe animale. Evitaţi contactul cu ochii. În caz de contact clătiți abundent cu apă. Nu este comestibil.,"Informatii privind identificarea producatorului, inclusiv datele de contact ale acestuia. Denumirea companiei: Polaar Adresa Sediului: 53, rue du Rocher, 75008 Paris, France Adresa email: info@polaar.com",Polaar
"Polaar, Ice Pure Pudra Exfolianta, 40g","Rafinează-ți tenul cu un scrub facial blând ce folosește pudră din floare de bumbac. La contactul cu apa devine spumă, absorbind sebumul, netezind textura și lăsând pielea radiantă.",7888ab_320c6f9a82c54e8995d0eccbc84c467d~mv2.jpg,Îngrijire Față;Curățare;Ice Pure;SKINCARE;Polaar,3760114997357,120,"Potrivit pentru toate tipurile de piele. Folosiți o dată sau de două ori pe săptămână. 1 - Turnați o doză de pudră în palma mâinilor, adăugați puțină apă și amestecați. 2 - Pudra albă se transformă într-o spumă cremoasă, ușor rozalie, care se aplică pe fața curățată. 3 - Masați ușor, evitând zona ochilor, apoi clătiți. Nu inhalați. Completează-ți rutina: - Pureté Arctique Balsam Demachiant - Pureté Arctique Mască cu Bule - Aux Sources des Glaciers Mască Hidratantă","<p>Bumbac de Zăpadă, Sâmburi de caise, Caolin.</p>",Nu ţineţi la îndemâna copiilor. Împotriva testării pe animale. Evitaţi contactul cu ochii. În caz de contact clătiți abundent cu apă. Nu este comestibil.,,Polaar
"Polaar, Ice Pure Balsam Demachiant, 150ml","Îndepărtează machiajul rezistent cu un balsam demachiant purifiant extrem de delicat. Textura untoasă se face ulei, iar extractul de bumbac și untul de shea curăță, calmând tenul sensibil.",7888ab_a4dfb363753949189998b50621fd3423~mv2.jpg,Cremă hidratantă;Hidratare;Îngrijire Față;Ice Source;SKINCARE;Polaar;Cremă de Față,3760114997364,140,"Potrivit pentru toate tipurile de piele. 1 - Aplicați o cantitate mică de balsam pe pielea uscată folosind vârful degetelor și masați ușor fața, acordând o atenție deosebită zonelor cu machiaj rezistent, cum ar fi ochii și buzele. 2 - Textura balsamului se transformă treptat în ulei pe măsură ce masați, oferind o demachiere perfectă și o curățare blândă, senzorială, fără un film gras. 3 - Clătiți bine cu apă călduță și uscați ușor fața. Pielea rămâne perfect curățată, clară și confortabilă. Completează-ți rutina: - Pureté Arctique Pudră Exfoliantă - Pureté Arctique Mască cu Bule - Aux Sources des Glaciers Cremă Hidratantă","<p>Ulei de floarea-soarelui, ulei de cocos, unt de shea, extract de bumbac nordic.</p>",Nu ţineţi la îndemâna copiilor. Împotriva testării pe animale. Evitaţi contactul cu ochii. În caz de contact clătiți abundent cu apă. Nu este comestibil.,"Informatii privind identificarea producatorului, inclusiv datele de contact ale acestuia. Denumirea companiei: Polaar Adresa Sediului: 53, rue du Rocher, 75008 Paris, France Adresa email: info@polaar.com",Polaar
"Polaar, Ice Source Crema hidratanta, 50ml","Revigorează celulele cu o cremă de față hidratantă bazată pe apă de aisberg lipozomală. Combinată cu acid hialuronic și alge arctice, oferă un plus de prospețime și hidratare optimă.",7888ab_6905303da70344a29df2da9e2bc1f2fd~mv2.jpg,Cremă hidratantă;Hidratare;Îngrijire Față;Ice Source;SKINCARE;Polaar;Cremă de Față,3760114995827,179,"Aplicați dimineața și seara pe fața și gâtul perfect curățate și uscate. Masați și neteziți fața din centru spre exterior, apoi spre gât. Descoperiți Gelée Hydratante și Masque Super Hydratant","<table> 
 <tbody> 
  <tr> 
   <td>eth-20, steareth-20, etilhexilglicerină, butilen glicol, sorbitol, acrilați/C10-30 acrilat alchil crosspolimer, lecitină, parfum, hialuronat de sodiu, acetat de tocoferil, o-cimen-5-ol, acrilat de sodiu/acrilotaurat de sodiu copolimer, caprilil glicol, extract de plancton, hidroxid de sodiu, gumă xantan, poligliceril-6 laurat, limonen, benzil salicilat, linalool, tetrasodiu glutamat diacetat, poliglicerin-6, benzoat de sodiu, oleat de sorbitan, izostearat de sorbitan, sorbat de potasiu, citronelol, acid citric&nbsp;&nbsp;</td> 
  </tr> 
 </tbody> 
</table>",Nu ţineţi la îndemâna copiilor. Împotriva testării pe animale. Evitaţi contactul cu ochii. În caz de contact clătiți abundent cu apă. Nu este comestibil.,"Informatii privind identificarea producatorului, inclusiv datele de contact ale acestuia. Denumirea companiei: Polaar Adresa Sediului: 53, rue du Rocher, 75008 Paris, France Adresa email: info@polaar.com",Polaar
"Polaar, Ice Source Gel Hidratant, 50ml","Matifiază și catifelează tenul mixt folosind un gel hidratant față super-răcoritor. Apa polară și acidul hialuronic infuzează pielea, micșorând porii pentru o bază de machiaj excelentă.",7888ab_2405fd677973412497527f592b5722ec~mv2.jpg,Seruri & Măști;Hidratare;Îngrijire Față;Ice Source;SKINCARE;Polaar,3760114995803,179,"Aplicați dimineața și seara pe pielea curățată și uscată. Masați și neteziți fața din centru spre exterior, apoi spre gât. Excelentă bază de machiaj. Potrivit pentru pielea normală, mixtă și grasă. Poate fi aplicat în sinergie cu Crema Hidratantă și Masca Super-Hidratantă","<table> 
 <tbody> 
  <tr> 
   <td>aqua (apă), glicerină, octildodecanol, coco-caprylat, prunus amygdalus dulcis (ulei de migdale dulci), metil metacrilat crosspolimer, butyrospermum parkii (unt de shea), pentilen glicol, acrilat de sodiu/acrilotaurat de sodiu copolimer, C15-19 alkan, dehidroacetat de sodiu, butilen glicol, acrilați/C10-30 acrilat alchil crosspolimer, acetat de tocoferil, sorbitol, lecitină, parfum, poligliceril-6 laurat, fitat de sodiu, o-cimen-5-ol, bisabolol, poliglicerin-6, hidroxid de sodiu, oleat de sorbitan, caprilil glicol, izostearat de sorbitan, extract de plancton, gumă xantan, alcool fenetil, izomerat de zaharidă, limonen, benzil salicilat, tetrasodiu glutamat diacetat, linalool, benzoat de sodiu, sorbat de potasiu, CI 42090 (albastru 1), acid citric&nbsp;&nbsp;</td> 
  </tr> 
 </tbody> 
</table>",Nu ţineţi la îndemâna copiilor. Împotriva testării pe animale. Evitaţi contactul cu ochii. În caz de contact clătiți abundent cu apă. Nu este comestibil.,"Informatii privind identificarea producatorului, inclusiv datele de contact ale acestuia. Denumirea companiei: Polaar Adresa Sediului: 53, rue du Rocher, 75008 Paris, France Adresa email: info@polaar.com",Polaar
"Polaar, Ice Source Masca Hidratanta, 50ml","Redă strălucirea tinerească cu o mască hidratare intensă cu acid hialuronic și Thalassiosira. Oferă o veritabilă baie de apă de aisberg, netezind ridurile adânci provocate de deshidratare.",7888ab_19831a71ff934c2d8f0dc8c99f111f55~mv2.png,Seruri & Măști;Îngrijire Față;SKINCARE;Polaar;Icy Magic,3760114995841,179,"Aplicați un strat gros pe fața și gâtul perfect curățate. Lăsați să acționeze timp de 10 minute. Clătiți sau îndepărtați excesul cu un tampon de bumbac. Pentru un tratament și mai intens, lăsați masca să acționeze peste noapte. Ideal după Gommage Tendre IcePure pentru a aduce confort pielii. Poate fi utilizat în completare cu Gelée Hydratante sau Crema Hidratantă","<table> 
 <tbody> 
  <tr> 
   <td>aqua (apă), propanediol, C15-19 alkan, poliacrilat de sodiu, pentilen glicol, apă, glicină caprilil, pantenol, trometamină, glicerină, acrilați/C10-30 acrilat alchil crosspolimer, hialuronat de sodiu, glicină undecilenoyl, butilen glicol, etilhexilglicerină, fitat de sodiu, sorbitol, lecitină, parfum, caprilil glicol, gumă xantan, extract de plancton, fosfat disodic, fosfat de sodiu, izomerat de zaharidă, gliceryl caprilat, tetrasodiu glutamat diacetat, benzoat de sodiu, limonen, acid citric, sorbat de potasiu, CI 19140 (galben 5), CI 42090 (albastru 1)&nbsp;&nbsp;</td> 
  </tr> 
 </tbody> 
</table>",Nu ţineţi la îndemâna copiilor. Împotriva testării pe animale. Evitaţi contactul cu ochii. În caz de contact clătiți abundent cu apă. Nu este comestibil.,"Informatii privind identificarea producatorului, inclusiv datele de contact ale acestuia. Denumirea companiei: Polaar Adresa Sediului: 53, rue du Rocher, 75008 Paris, France Adresa email: info@polaar.com",Polaar
"Polaar, Icy Magic Ser Contur Ochi Revitalizant, 10ml","Corectează zona ochilor folosind un ser contur ochi anticearcăn cu aplicator roll-on răcoritor. Ginsengul siberian cu flavonoide elimină oboseala, diminuează pungile și vitalizează privirea.",7888ab_a4b91298c916408fbe88f757af1205f9~mv2.png;7888ab_8067768162f24c2085f8231656977a29~mv2.jpg,Îngrijire Față;SKINCARE;Polaar;Icy Magic,3760114995872,187,Apăsați ușor pe pompiță pentru a obține 1 doză. Efectuați un oval în jurul ochiului cu bila. Începeți de la colțul intern și masați sub ochi până la zona exterioară din jurul ochilor Continuați pe pleoapa mobilă de la zona exterioară a ochilor până la colțul intern. Treceți peste rădăcina genelor.,"<table> 
 <tbody> 
  <tr> 
   <td>aqua (apă), butilen glicol, glicerină, coco-caprylat/caprat, dicaprilil carbonat, fenoxietanol, hidroxi-etil acrilat/acrilotaurat de sodiu copolimer, mica, isohexadecan, acrilați/C10-30 acrilat alchil crosspolimer, acetat de tocoferil, CI 77891/ dioxid de titan, etilhexilglicerină, hidroxid de sodiu, edta disodic, polisorbat 60, izostearat de sorbitan, extract din rădăcină de acanthopanax senticosus, pantenol, acetil tetrapeptid-5, biotinoil tripeptid-1&nbsp;&nbsp;</td> 
  </tr> 
 </tbody> 
</table>",Nu ţineţi la îndemâna copiilor. Împotriva testării pe animale. Evitaţi contactul cu ochii. În caz de contact clătiți abundent cu apă. Nu este comestibil.,"Informatii privind identificarea producatorului, inclusiv datele de contact ale acestuia. Denumirea companiei: Polaar Adresa Sediului: 53, rue du Rocher, 75008 Paris, France Adresa email: info@polaar.com",Polaar
"Polaar, Icy Magic Serum Gene & Sprancene, 6ml","Obține un volum hipnotic folosind un ser creștere gene și sprâncene cu ginseng siberian. Fortifică firele, stimulând lungimea și rezistența pentru rezultate vizibile în doar patru săptămâni.",7888ab_d70bdb4237234034ad0d5de2707aacdb~mv2.png;7888ab_606e1e60f62e4fee81aa1a0ec702cba8~mv2.png,Cremă hidratantă;Hidratare;The Genuine Lapland;Îngrijire Față;SKINCARE;Polaar;Cremă de Față,3760114997203,150,"Utilizare Frecvență: Dimineața și/sau seara pe gene și sprâncene curate și uscate. Tip de piele: Potrivit pentru toate tipurile de ochi, chiar și pentru cei sensibili, precum și pentru purtătorii de lentile de contact. Durata de utilizare: 2 luni, pe baza utilizării de două ori pe zi Scoateți peria din sticlă. După curățarea și uscarea ochilor, aplicați serul pe toată lungimea genelor, de la rădăcină până la vârf, apoi pe sprâncene, pieptănând dinspre interior spre exterior. Lăsați să acționeze câteva minute înainte de a aplica machiajul pentru ochi. Între timp, admirați! Genele și sprâncenele dvs. arată învăluite și deja evidențiate.","<table> 
 <tbody> 
  <tr> 
   <td>aqua (apă/eau); butilen glicol; arginină; extract de rădăcină de acantopanax senticosus; extract de flori de trillium pretense; ulei din semințe de ricinus communis; hidroxid de sodiu; dextran; acetil tetrapeptid-3; carbomer; 1,2-hexanediol; clorfenesin</td> 
  </tr> 
 </tbody> 
</table>",Nu ţineţi la îndemâna copiilor. Împotriva testării pe animale. Evitaţi contactul cu ochii. În caz de contact clătiți abundent cu apă. Nu este comestibil.,"Informatii privind identificarea producatorului, inclusiv datele de contact ale acestuia. Denumirea companiei: Polaar Adresa Sediului: 53, rue du Rocher, 75008 Paris, France Adresa email: info@polaar.com",Polaar
"Polaar, The Genuine Lapland Crema hidratanta, 50ml","Protejează epiderma cu o cremă hidratantă ten 50ml bazată pe fructe polare puternic antioxidante. Zmeura și afinele arctice hrănesc tenul uscat, netezind delicat pielea atacată de frig.",7888ab_d23e8b3ae96c4f4aad47b3ffec914c76~mv2.png;7888ab_90a020d0814b48129ca91055d8c43c07~mv2.png;7888ab_f01d854e73cd453eb116300caef1ea4f~mv2.png;7888ab_462b2df054a243b2be9e628cd11b7f33~mv2.png,Cremă hidratantă;Hidratare;The Genuine Lapland;Îngrijire Față;SKINCARE;Polaar;Cremă de Față,3760114995957,140,"Aplicați dimineața și seara pe toată fața și gâtul sau pe zonele sensibile: genunchi, coate, călcâie. Masează ușor și neteziți fața din centru spre exterior, apoi spre gât. Descoperiți, de asemenea, și celelalte produse de îngrijire cocooning din gama La Véritable Crème de Laponie: Crema pentru Față și Zone Sensibile de 50 ml, Balsamul pentru Buze, Balsamul pentru Corp și Crema pentru Mâini.","<table> 
 <tbody> 
  <tr> 
   <td>aqua, coco-caprylat/caprat, triglicerid caprilic/capric, alcool cetearylic, unt de butyrospermum parkii, glicerină, poliizobutenă hidrogenată, ulei de semințe de macadamia ternifolia, trimellitat tridecil, octenilsuccinat de amidon de aluminiu, stearat de glicerină, ulei de prunus amygdalus dulcis, fenoxietanol, glucozid cetearylic, acrilat hidroxi-etilic/acrilotaurat de sodiu copolimer, isohexadecan, glutamat stearoil de sodiu, parfum, acrilați/C10-30 acrilat alchil crosspolimer, acetat de tocoferil, etilhexilglicerină, polisorbat 60, edta disodic, algin hidrolizat, izostearat de sorbitan, hidroxid de sodiu, extract de fructe de rubus arcticus, extract de fructe de rubus chamaemorus, extract de fructe de vaccinium vitis-idaea, linalool, limonen.</td> 
  </tr> 
 </tbody> 
</table>",Nu ţineţi la îndemâna copiilor. Împotriva testării pe animale. Evitaţi contactul cu ochii. În caz de contact clătiți abundent cu apă. Nu este comestibil.,"Informatii privind identificarea producatorului, inclusiv datele de contact ale acestuia. Denumirea companiei: Polaar Adresa Sediului: 53, rue du Rocher, 75008 Paris, France Adresa email: info@polaar.com",Polaar
"Polaar, The Genuine Lapland Crema hidratanta, 100ml","Calmează și repară pielea expusă vremii aspre cu o cremă hidratare intensă 100ml. Acest balsam se absoarbe rapid, infuzând fața cu vitamine arctice pentru a lăsa o moliciune fără cusur.",7888ab_20d2f22cd4c44dfbb0710d710519708d~mv2.png;7888ab_b972e49f8e5e435281f262fa2f21d099~mv2.png;7888ab_881da1ba9b68442e80c2cb9d95203b5c~mv2.png;7888ab_e18f7d0ca9e547d2a5e5240b6eef719c~mv2.png,Hidratare;The Genuine Lapland;Îngrijire Față;SKINCARE;Polaar,3760114995933,203,"Aplicați dimineața și seara pe toată fața și gâtul sau pe zonele sensibile: genunchi, coate, călcâie. Masează ușor și neteziți fața din centru spre exterior, apoi spre gât. Descoperiți, de asemenea, și celelalte produse de îngrijire cocooning din gama La Véritable Crème de Laponie: Crema pentru Față și Zone Sensibile de 50 ml, Balsamul pentru Buze, Balsamul pentru Corp și Crema pentru Mâini.","<table> 
 <tbody> 
  <tr> 
   <td>aqua, coco-caprylat/caprat, triglicerid caprilic/capric, alcool cetearylic, unt de butyrospermum parkii, glicerină, poliizobutenă hidrogenată, ulei de semințe de macadamia ternifolia, trimellitat tridecil, octenilsuccinat de amidon de aluminiu, stearat de glicerină, ulei de prunus amygdalus dulcis, fenoxietanol, glucozid cetearylic, acrilat hidroxi-etilic/acrilotaurat de sodiu copolimer, isohexadecan, glutamat stearoil de sodiu, parfum, acrilați/C10-30 acrilat alchil crosspolimer, acetat de tocoferil, etilhexilglicerină, polisorbat 60, edta disodic, algin hidrolizat, izostearat de sorbitan, hidroxid de sodiu, extract de fructe de rubus arcticus, extract de fructe de rubus chamaemorus, extract de fructe de vaccinium vitis-idaea, linalool, limonen.</td> 
  </tr> 
 </tbody> 
</table>",Nu ţineţi la îndemâna copiilor. Împotriva testării pe animale. Evitaţi contactul cu ochii. În caz de contact clătiți abundent cu apă. Nu este comestibil.,"Informatii privind identificarea producatorului, inclusiv datele de contact ale acestuia. Denumirea companiei: Polaar Adresa Sediului: 53, rue du Rocher, 75008 Paris, France Adresa email: info@polaar.com",Polaar
"Polaar, The Genuine Lapland Balsam Buze, 10 ml","Previne crăparea cu un balsam de buze reparator puternic antioxidant pe bază de boabe arctice. Hidratează și hrănește profund buzele deshidratate, lăsându-le moi, catifelate și protejate.",7888ab_76db69fca11146c182c63d0730ecd069~mv2.avif,Hidratare;The Genuine Lapland;Polaar,3760114994493,60,"Utilizați în orice moment al zilei, de preferință înainte de a ieși afară. Reaplicați ori de câte ori este necesar. Aplicați un strat gros pe timpul nopții pentru a repara buzele până dimineața. Descoperiți, de asemenea, și celelalte produse de îngrijire cocooning din gama La Véritable Crème de Laponie: Crema pentru Față, Crema pentru Mâini și Balsamul pentru Corp.","<table> 
 <tbody> 
  <tr> 
   <td>""Doar lista de pe eticheta produsului este validă. ulei de semințe de ricinus communis (ricin), glicerină, trigliceride c10-18, ulei de semințe de helianthus annuus (floarea-soarelui), unt de butyrospermum parkii (shea), ulei de sâmbure de prunus armeniaca (caise), ulei de ricin hidrogenat, cera alba (ceară de albine), dibehenați de glicerină, esteri de jojoba, parfum, tribehenin, poliglicerină-3, triglicerid caprilic/capric, cera copernicia cerifera (ceară de carnauba), extract de flori de calendula officinalis, cera de flori de acacia decurrens (ceară de flori de salcâm), ceară de semințe de helianthus annuus (floarea-soarelui), extract de fructe de rubus arcticus, extract de fructe de rubus chamaemorus, extract de fructe de vaccinium vitis-idaea, tocoferol, behenați de glicerină, linalool, limonen, citral, citronelol, geraniol, eugenol.""</td> 
  </tr> 
 </tbody> 
</table>",Nu ţineţi la îndemâna copiilor. Împotriva testării pe animale. Evitaţi contactul cu ochii. În caz de contact clătiți abundent cu apă. Nu este comestibil.,"Informatii privind identificarea producatorului, inclusiv datele de contact ale acestuia. Denumirea companiei: Polaar Adresa Sediului: 53, rue du Rocher, 75008 Paris, France Adresa email: info@polaar.com",Polaar
"Polaar, The Genuine Lapland Crema de Maini, 50ml","Acționează ca o mănușă invizibilă cu o cremă de mâini reparatoare plină de vitaminele A, C, E. Extractul de afine netezește cuticulele, menținând hidratarea timp de 24 de ore, fără film gras.",7888ab_b0f6a87de3df4203ac4c78a06c1c21fc~mv2.jpg;7888ab_85ead4a50d8e4da39bad154841fd87f8~mv2.jpg;7888ab_dcd79eb1ca7d4c3983dc3f0e89809341~mv2.png,Hidratare;The Genuine Lapland;Cremă de corp;Polaar;Îngrijire Corp,3760114995919,82,"Aplicați de fiecare dată când este nevoie pe mâinile uscate, masând mâna cu vârful degetelor spre interiorul palmei. Poate fi aplicat pe cuticule pentru a le înmuia. Descoperiți, de asemenea, și celelalte produse de îngrijire cocooning din gama La Véritable Crème de Laponie: Crema pentru Față, Balsamul pentru Buze și Lotiunea pentru Corp.","<table> 
 <tbody> 
  <tr> 
   <td>aqua (apă), glicerină, unt de butyrospermum parkii (shea), amidon de oryza sativa (orez), alcool cetearylic, stearat cetilic, C15-19 alkan, ceteareth-20, triglicerid caprilic/capric, acid stearic, extract de fructe de rubus arcticus, extract de fructe de rubus chamaemorus, extract de fructe de vaccinium vitis-idaea, acid palmitic, carbomer, ceară de copernicia cerifera (carnauba), ceară de rhus verniciflua, acetat de tocoferil, parfum, benzoat de sodiu, caprilil glicol, trietanolamină, algin hidrolizat, linalool, limonen, citral, citronelol, geraniol&nbsp;&nbsp;</td> 
  </tr> 
 </tbody> 
</table>",Nu ţineţi la îndemâna copiilor. Împotriva testării pe animale. Evitaţi contactul cu ochii. În caz de contact clătiți abundent cu apă. Nu este comestibil.,"Informatii privind identificarea producatorului, inclusiv datele de contact ale acestuia. Denumirea companiei: Polaar Adresa Sediului: 53, rue du Rocher, 75008 Paris, France Adresa email: info@polaar.com",Polaar
"Polaar, The Genuine Lapland Lapte de Corp, 200ml","Relaxează-ți pielea uscată folosind o loțiune de corp nutritivă cu extract de fructe arctice. Textura bogată se absoarbe instantaneu, reparând, protejând și lăsând pielea incredibil de suplă.",7888ab_98df37c1b8024009a95c7dc8c5467914~mv2.jpg,Lapte de corp;Îngrijire Față;Northern Light;Strălucire și depigmentare;SKINCARE;Polaar;Baie & Corp,3760114995544,179,"Aplicați dimineața și seara de sus în jos pe tot corpul, pe pielea uscată, insistând pe zonele cele mai deshidratate. Reînnoiți aplicarea ori de câte ori este necesar. Descoperiți produsele de îngrijire din gama La Véritable Crème de Laponie: Crema pentru Față de 50/100 ml, Balsamul pentru Buze și Crema pentru Mâini.","<table> 
 <tbody> 
  <tr> 
   <td>Aqua (apă/eau), glicerină, coco-caprylat/caprat, gliceride vegetale hidrogenate, glutamat stearoil de sodiu, triglicerid caprilic/capric, ulei de semințe de ricinus communis, extract de fructe de rubus arcticus, extract de fructe de rubus chamaemorus, extract de fructe de vaccinium vitis-idaea, acid citric, ulei de ricin hidrogenat, gumă xantan, C15-19 alkan, acrilat de sodiu/acrilotaurat de sodiu copolimer, benzoat de sodiu, parfum, sorbat de potasiu, poligliceril-6 laurat, poliglicerin-6, oleat de sorbitan, izostearat de sorbitan, linalool, limonen&nbsp;&nbsp;</td> 
  </tr> 
 </tbody> 
</table>",Nu ţineţi la îndemâna copiilor. Împotriva testării pe animale. Evitaţi contactul cu ochii. În caz de contact clătiți abundent cu apă. Nu este comestibil.,"Informatii privind identificarea producatorului, inclusiv datele de contact ale acestuia. Denumirea companiei: Polaar Adresa Sediului: 53, rue du Rocher, 75008 Paris, France Adresa email: info@polaar.com",Polaar
"Polaar, Northern Light Exfoliant Fata, 100 ml","Îmbunătățește claritatea cu un scrub față iluminator îmbogățit cu vitamina C din măslin siberian. Acidul salicilic natural acționează ca un micro-peeling, matifiind și reducând vizibil ridurile.",7888ab_98a5a0c3a2ed40f2ab9cdc32da5104b2~mv2.png;7888ab_c11f8e1479794c2980aaa5e18edefbed~mv2.jpg;7888ab_29d3bd1094a948bf86bece94a65d1980~mv2.jpg;7888ab_964bc3ca03d74fd1b3a35daaf760f945~mv2.png,Îngrijire Față;Northern Light;Strălucire și depigmentare;SKINCARE;Polaar;Cremă de Față,3760114995469,187,"Se utilizează dimineața și seara după demachiere, pe pielea uscată. Distribuiți uniform pe față masând ușor. Evitați ochii. Lăsați să acționeze 30 de secunde: spuma se topește treptat, apoi clătiți bine cu apă. Se utilizează în completarea Fluidului sau a Cremei Éclat Boréal.","<table> 
 <tbody> 
  <tr> 
   <td>aqua (apă), coco-glucozid, butilen glicol, extract de frunze de gaultheria procumbens (wintergreen), glicerină, pullulan, acid citric, hidroxid de sodiu, parfum, cetrimoniu bromid, extract de fructe de hippophae rhamnoides, algin hidrolizat&nbsp;&nbsp;</td> 
  </tr> 
 </tbody> 
</table>",Nu ţineţi la îndemâna copiilor. Împotriva testării pe animale. Evitaţi contactul cu ochii. În caz de contact clătiți abundent cu apă. Nu este comestibil.,"Informatii privind identificarea producatorului, inclusiv datele de contact ale acestuia. Denumirea companiei: Polaar Adresa Sediului: 53, rue du Rocher, 75008 Paris, France Adresa email: info@polaar.com",Polaar
"Polaar, Northern Light Solutie Anti-Imperfectiuni, 30ml","Protejează tenul de poluare cu un tratament anti-imperfecțiuni față fluid și proaspăt. Elimina excesul de sebum, purifică porii și asigură o strălucire de neegalat, estompând ridurile.",7888ab_f87957df43a5490aa097f2f5552f99ee~mv2.png;7888ab_7029e236399341fb90be6f4b792929ab~mv2.jpg;7888ab_621584376a694a33a200ed506ce98e71~mv2.png,Îngrijire Față;Antirid;SKINCARE;Polaar;Cremă de Față;Eternal Snow,3760114996428,214,"Pe pielea curată și uscată, aplicați 2/3 picături dimineața și seara, concentrându-vă pe întreaga față. Se poate folosi singur sau înainte de crema de zi sau de noapte.","<table> 
 <tbody> 
  <tr> 
   <td>aqua (apă); extract fermentat de fructe de lactobacillus/punica granatum; glicerină; extract de fructe de citrus grandis (grapefruit); pentilen glicol; polisorbat 20; sulfat de dextran de sodiu; extract fermentat de pseudoalteromonas; gumă xanthan; benzoat de sodiu; 1-2-hexanediol; caprilil glicol; parfum; extract de scoarță de populus tremuloides; extract de fructe de hippophae rhamnoides; acid citric; salicilat de sodiu; sorbat de potasiu; tropolonă; linalool; limonen.</td> 
  </tr> 
 </tbody> 
</table>",Nu ţineţi la îndemâna copiilor. Împotriva testării pe animale. Evitaţi contactul cu ochii. În caz de contact clătiți abundent cu apă. Nu este comestibil.,"Informatii privind identificarea producatorului, inclusiv datele de contact ale acestuia. Denumirea companiei: Polaar Adresa Sediului: 53, rue du Rocher, 75008 Paris, France Adresa email: info@polaar.com",Polaar
"Polaar, Eternal Snow Crema Fata, 50 ml","Regăsește fermitatea pielii cu o cremă anti-aging ten inovatoare cu extract de flori de nunatak. Textura unică se topește în piele, creând un scut protector hidratant ce estompează imperfecțiunile.",7888ab_9540d7915a3b45b8bb6e5650c72718f4~mv2.jpg;7888ab_da904b7b78dc408783e434c38df01283~mv2.jpg;7888ab_4814859ab9e140c692b555e835cc634b~mv2.png,Seruri & Măști;Îngrijire Față;Antirid;SKINCARE;Polaar;Eternal Snow,3760114996381,258,"Aplicați zilnic. Masați ușor și neteziți fața din centru spre exterior, apoi spre gât. Se utilizează atât pentru prevenirea ridurilor, cât și pentru corectarea ridurilor deja instalate. Poate fi utilizat în sinergie cu Serul Jeunesse și Conturul de Ochi Jeunesse Neige Eternelle.","<table> 
 <tbody> 
  <tr> 
   <td>aqua (apă), glicerină, etilhexanoat de cetearyl, ulei din semințe de vitis vinifera (struguri), stearat de glicerină se, distearat de pentaeritritil, poligliceride hidroxi-stearice/linolenice/oleice, polimetil metacrilat, extract de cultură de calus de saponaria pumila, amidon de poliacrilat de sodiu, izomalt, clorfenesină, fenilpropanol, propanediol, caprilil glicol, gumă xanthan, parfum, salicilat de benzil, tocoferol, ulei de glycine soja (soia), limonen, linalool, alfa-izometil ionon, geraniol, lecitină, cumarină</td> 
  </tr> 
 </tbody> 
</table>",Nu ţineţi la îndemâna copiilor. Împotriva testării pe animale. Evitaţi contactul cu ochii. În caz de contact clătiți abundent cu apă. Nu este comestibil.,"Informatii privind identificarea producatorului, inclusiv datele de contact ale acestuia. Denumirea companiei: Polaar Adresa Sediului: 53, rue du Rocher, 75008 Paris, France Adresa email: info@polaar.com",Polaar
"Polaar, Eternal Snow Serum de Fata, 30 ml","Stimulează regenerarea cu un ser facial anti-îmbătrânire ce combate eficient semnele trecerii timpului. Florile nordului îndepărtat oferă fermitate și o hidratare profundă, lăsând un finiș catifelat.",7888ab_8695788f8faa45b988ad674f555acb3c~mv2.jpeg;7888ab_58b9862909ca4debaba8016ea54e8f6d~mv2.jpg;7888ab_c0698cea62724f37a6a2686631449b0c~mv2.png,Îngrijire Față;Antirid;SKINCARE;Polaar;Eternal Snow,3760114995995,285,"Pentru o rutină perfectă și pentru a amplifica eficacitatea tratamentului, curățați-vă pielea în prealabil cu Spuma Micro-Peeling din gama Éclat Boréal.","<table> 
 <tbody> 
  <tr> 
   <td>aqua (apă), glicerină, C15-19 alkan, izononanoat de cetearyl, pentilen glicol, triglicerid caprilic/capric, amidon de tapioca, ceteareth-20, alcool cetearylic, extract de cultură de calus de globularia cordifolia, extract de cultură de calus de saponaria pumila, izomalt, copolimer de acrilat de sodiu/acrilotaurat de sodiu, etilhexilglicerină, stearat de glicerină, copolimer de amoniu acryloyldimethyltaurate/vp, o-cimen-5-ol, parfum, acid benzoic, ceteareth-12, palmitat cetilic, poligliceril-6 laurat, poliglicerin-6, oleat de sorbitan, izostearat de sorbitan, lecitină, acid citric, hidroxid de sodiu, sorbat de potasiu</td> 
  </tr> 
 </tbody> 
</table>",Nu ţineţi la îndemâna copiilor. Împotriva testării pe animale. Evitaţi contactul cu ochii. În caz de contact clătiți abundent cu apă. Nu este comestibil.,"Informatii privind identificarea producatorului, inclusiv datele de contact ale acestuia. Denumirea companiei: Polaar Adresa Sediului: 53, rue du Rocher, 75008 Paris, France Adresa email: info@polaar.com",Polaar
"Polaar, Eternal Snow Crema de Ochi, 15 ml","Întinerește privirea folosind o cremă ochi antirid bogată în antioxidanți puternici. Redă fermitatea zonei conturului ochilor, hidratând profund pentru a corecta semnele lăsate de oboseală.",7888ab_8c56a070b2a345c0b952953bde6aab1c~mv2.png;7888ab_e84bfcd74c5d46f485d7e8cbcd0c3fae~mv2.png,Cremă de noapte;Îngrijire Față;Antirid;SKINCARE;Polaar;Cremă de Față;Polar Night,3760114994707,239,"Aplicați zilnic. Masați ușor și neteziți fața din centru spre exterior, apoi spre gât. Se utilizează atât pentru prevenirea ridurilor, cât și pentru corectarea ridurilor deja instalate. Poate fi utilizat în sinergie cu Serul Jeunesse și Conturul de Ochi Jeunesse Neige Eternelle.","<table> 
 <tbody> 
  <tr> 
   <td>aqua (apă), propanediol, coco-caprylat/caprat, glicerină, citrat de stearat de glicerină, triglicerid caprilic/capric, hidroxi-stearat de glicerină, lisină lauroil, nylon 6/12, unt de semințe de shorea robusta, extract fermentat de pseudoalteromonas, ulei de glycine soja (soia), acid salicilic, tetra-di-t-butil hidroxi-hidrocinnamat de pentaeritritil, extract de cultură de calus de saponaria pumila, lecitină, carbomer, fosfat cetilic de potasiu, acid levulinic, levulinat de sodiu, izomalt, tocoferol, hidroxid de sodiu, gumă xanthan, fenoxietanol, clorfenesină, diacetat de glutamat tetrasodic</td> 
  </tr> 
 </tbody> 
</table>",Nu ţineţi la îndemâna copiilor. Împotriva testării pe animale. Evitaţi contactul cu ochii. În caz de contact clătiți abundent cu apă. Nu este comestibil.,"Informatii privind identificarea producatorului, inclusiv datele de contact ale acestuia. Denumirea companiei: Polaar Adresa Sediului: 53, rue du Rocher, 75008 Paris, France Adresa email: info@polaar.com",Polaar
"Polaar, Polar Night Crema Revitalizanta, 50ml","Relaxează pielea stresată cu o cremă de noapte revitalizantă cu fitomelatonină din alge boreale. Elimină toxinele și netezește epiderma pe parcursul nopții, pentru un aspect vizibil odihnit.",7888ab_2c0d063854b84d5bb8ad48258f8cc151~mv2.jpg;7888ab_57b73ebf96b847ffa8b7eb674eede3e2~mv2.png;7888ab_79253c3aeb054004874be1eddbbc900d~mv2.jpg;7888ab_69f07a35c912445284e837f2fdbac412~mv2.png,Seruri & Măști;Cremă de noapte;Îngrijire Față;SKINCARE;Polaar;Polar Night,3760114996237,265,"3 moduri de a folosi Masca Revitalizantă Nuit Polaire > Ocazional: 1-2 ori pe săptămână, seara, în locul Cremei Revitalizante Nuit Polaire de la Polaar pentru o revitalizare ocazională. > Într-o cură de 1 săptămână: aplicați în fiecare seară și lăsați să acționeze toată noaptea pentru a repara pielea foarte obosită și/sau tenurile tern. > Ca tratament expres „răcoritor”: puneți masca la frigider și aplicați timp de 10 minute, chiar înainte de un eveniment sau în timpul unei călătorii, pentru a reda strălucirea și suplețea pielii instantaneu! Gestul: Aplicați masca pe o piele curată și purificată. Acoperiți întreaga față cu un strat generos, efectuând mișcări circulare. Evitați contactul cu ochii. După utilizare, îndepărtați excesul cu un tampon de bumbac, clătiți dacă doriți. Este posibil să aplicați un ser înainte de mască pentru a-i amplifica efectul. Nu este grasă sau lipicioasă pe pernă datorită absorbției rapide.","<table> 
 <tbody> 
  <tr> 
   <td>aqua (apă), coco-caprylat/caprat, glicerină, octildodecanol, poliacrilat-13, tocoferol, extract de palmaria palmata, extract de helichrysum italicum, xilosid octildodecilic, PEG-30 dipolihidroxystearat, poliizobutenă, parfum, polisorbat 20, izostearat de sorbitan, acid dehidroacetic, alcool benzilic, salicilat de benzil, limonen, linalool, alfa-izometil ionon, geraniol, cumarină&nbsp;&nbsp;</td> 
  </tr> 
 </tbody> 
</table>",Nu ţineţi la îndemâna copiilor. Împotriva testării pe animale. Evitaţi contactul cu ochii. În caz de contact clătiți abundent cu apă. Nu este comestibil.,"Informatii privind identificarea producatorului, inclusiv datele de contact ale acestuia. Denumirea companiei: Polaar Adresa Sediului: 53, rue du Rocher, 75008 Paris, France Adresa email: info@polaar.com",Polaar
"Polaar, Polar Night Masca Revitalizanta, 50ml","Curăță blând noaptea folosind o mască de noapte regenerantă cu textură spumoasă delicioasă. Algele boreale stimulează microcirculația cutanată și hidratează, lăsând pielea tonifiată dimineața.",7888ab_d7b78f1c0bd3478590f7c85531eea1d5~mv2.png;7888ab_84dc4387bfe3491bb7202849d3cf373d~mv2.jpg,Hidratare;Cremă de corp;Polaar;Polar Night,3760114995377,214,Aplicați ori de câte ori este necesar pe pielea perfect curățată și uscată. Masează corpul aplicând laptele pentru o penetrare mai rapidă.,"<table> 
 <tbody> 
  <tr> 
   <td>Aqua (apă/eau); glicerină; coco-caprylat/caprat; gliceride vegetale hidrogenate; glutamat stearoil de sodiu; ulei de semințe de ricinus communis; trigliceride caprilic/capric; extract de palmaria palmata; copolimer de acrilat de sodiu/acrilotaurat de sodiu; ulei de ricin hidrogenat; gumă xantan; acid citric; C15-19 alkan; benzoat de sodiu; sorbat de potasiu; parfum; sorbat de potasiu; poligliceril-6 laurat; poliglicerin-6; oleat de sorbitan; izostearat de sorbitan; linalool; limonen; alfa-izometil ionon; geraniol&nbsp;&nbsp;</td> 
  </tr> 
 </tbody> 
</table>",Nu ţineţi la îndemâna copiilor. Împotriva testării pe animale. Evitaţi contactul cu ochii. În caz de contact clătiți abundent cu apă. Nu este comestibil.,"Informatii privind identificarea producatorului, inclusiv datele de contact ale acestuia. Denumirea companiei: Polaar Adresa Sediului: 53, rue du Rocher, 75008 Paris, France Adresa email: info@polaar.com",Polaar
"Polaar, Polar Night Lapte Hidratant de Corp, 200ml","Calmează iritațiile cu o loțiune de corp relaxantă ce utilizează puterea algelor boreale. Formula decongestionantă curăță corpul blând, revitalizează și hidratează excelent pielea.",7888ab_9dc08964fb89404fa45d6fd349d7cc57~mv2.jpg,Seruri & Măști;Lapte de corp;Îngrijire Față;SKINCARE;Polaar;Polar Night,3760114996091,198,Aplicați ori de câte ori este necesar pe pielea perfect curățată și uscată. Masează corpul aplicând laptele pentru o penetrare mai rapidă.,"<table> 
 <tbody> 
  <tr> 
   <td>Aqua (apă/eau); glicerină; coco-caprylat/caprat; gliceride vegetale hidrogenate; glutamat stearoil de sodiu; ulei de semințe de ricinus communis; trigliceride caprilic/capric; extract de palmaria palmata; copolimer de acrilat de sodiu/acrilotaurat de sodiu; ulei de ricin hidrogenat; gumă xantan; acid citric; C15-19 alkan; benzoat de sodiu; sorbat de potasiu; parfum; sorbat de potasiu; poligliceril-6 laurat; poliglicerin-6; oleat de sorbitan; izostearat de sorbitan; linalool; limonen; alfa-izometil ionon; geraniol&nbsp;&nbsp;</td> 
  </tr> 
 </tbody> 
</table>",Nu ţineţi la îndemâna copiilor. Împotriva testării pe animale. Evitaţi contactul cu ochii. În caz de contact clătiți abundent cu apă. Nu este comestibil.,"Informatii privind identificarea producatorului, inclusiv datele de contact ale acestuia. Denumirea companiei: Polaar Adresa Sediului: 53, rue du Rocher, 75008 Paris, France Adresa email: info@polaar.com",Polaar
"Polaar, Polar Night Elixir Revitalizant, 15ml","Detoxifică epiderma devitalizată cu un ser elixir de noapte pe bază de fitomelatonină polară. Extractul marin activează regenerarea celulară, aducând luminozitate și o senzație de relaxare.",7888ab_24131b5cafb544fdb62bcffe9da62c35~mv2.png;7888ab_5205fa2b3a154d5d8c5f13cc5ed0359a~mv2.png,Îngrijire Față;Antirid;SKINCARE;Polaar,3760114996077,198,"Aplicați în fiecare seară pe pielea perfect curățată și uscată. Încălziți câteva picături de produs în palma mâinii, apoi aplicați pe întreaga față și gât. Textura sa uleioasă, uscată, pătrunde instantaneu, nu lipește și lasă pielea moale și confortabilă. Pentru un confort și mai mare, folosiți după Crema revitalizantă Nuit Polaire. În caz de contact cu ochii, clătiți abundent.","<table> 
 <tbody> 
  <tr> 
   <td>Triglicerid caprilic/capric - ulei de semințe de helianthus annuus (floarea-soarelui) - ulei de sesamum indicum (susan) - dicaprilil carbonat - ulei de olus (ulei vegetal) - parfum - extract de crithmum maritimum - extract de rădăcină de daucus carota sativa (morcov) - extract de porphyra umbilicalis - tocoferol - linalool - extract de durvillaea antarctica - limonen - alfa-izometil ionon - beta-caroten - geraniol&nbsp;&nbsp;</td> 
  </tr> 
 </tbody> 
</table>",Nu ţineţi la îndemâna copiilor. Împotriva testării pe animale. Evitaţi contactul cu ochii. În caz de contact clătiți abundent cu apă. Nu este comestibil.,"Informatii privind identificarea producatorului, inclusiv datele de contact ale acestuia. Denumirea companiei: Polaar Adresa Sediului: 53, rue du Rocher, 75008 Paris, France Adresa email: info@polaar.com",Polaar
"Polaar, Gel contur ochi Anticearcan & Antirid, 30ml","Crește elasticitatea privirii cu un gel contur ochi antirid cu extract de ginseng siberian. Tonifică pielea, reduce cearcănele și pungile, redând vitalitatea conturului delicat al ochilor.",7888ab_fa25c92820944868a62b5d52ddbb6dd7~mv2.jpg,Polaar;GIFTS;Seturi Cadou;Seturi,3760114996534,240,"Răcoritor, aplicați zilnic, dimineața, la după-amiază sau de îndată ce începeți să vă simțiți obosit. Pe conturul ochilor, tapotați ușor și neteziți pielea din colțul intern spre colțul extern al ochiului. Conturul ochilor își recapătă tinerețea și strălucirea.","<table> 
 <tbody> 
  <tr> 
   <td>Ingrediente: aqua (apă/eau), propanediol, coco-caprylat/caprat, glicerină, triglicerid caprilic/capric, hidroxi-stearat de glicerină, citrat de stearat de glicerină, lisină lauroil, nylon 6/12, pentilen glicol, unt de semințe de shorea robusta, carbomer, fosfat cetilic de potasiu, acid levulinic, butilen glicol, extract fermentat de pseudoalteromonas, hidroxid de sodiu, gumă xantan, levulinat de sodiu, clorfenesină, ulei de semințe de helianthus annuus (floarea-soarelui), tocoferol, diacetat de glutamat tetrasodic, caprilil glicol, extract de rădăcină de acanthopanax senticosus (eleuthero)</td> 
  </tr> 
 </tbody> 
</table>",Nu ţineţi la îndemâna copiilor. Împotriva testării pe animale. Evitaţi contactul cu ochii. În caz de contact clătiți abundent cu apă. Nu este comestibil.,"Informatii privind identificarea producatorului, inclusiv datele de contact ale acestuia. Denumirea companiei: Polaar Adresa Sediului: 53, rue du Rocher, 75008 Paris, France Adresa email: info@polaar.com",Polaar
"Polaar, Maxi Set","Evadează din rutină cu un set cadou complet cosmetice ce reunește nevoile depline ale tenului. Include îngrijire de zi, noapte, balsam pentru buze și mâini în format practic de călătorie.",7888ab_bfe34a244fc84b5881882700bc697530~mv2.png,Seturi Cadou;The Genuine Lapland;Îngrijire Față;GIFTS;Seturi;SKINCARE;Polaar,3760114996657,154,"Regăsiți produsele esențiale Polaar în această trusă frumoasă! O rutină completă de îngrijire (zi/noapte/mâini/buze) De luat oriunde cu voi Fără parabeni și fără alcool Pentru zi: Crema Tinerețe Neige Éternelle. Fermă, suplă, revitalizată și protejată – menținerea unui ten tânăr și frumos nu a fost niciodată mai ușoară cu Crema Tinerețe Neige Éternelle și ingredientele sale active anti-îmbătrânire excepționale! Textura sa spumoasă și aeriană ca zăpada se topește instantaneu la contactul cu pielea. Finisajul este pudrat, moale și catifelat. Parfumul său proaspăt este o adevărată invitație la călătorie. 95% ingrediente de origine naturală. Pentru noapte: Crema Revitalizantă Nuit Polaire. Datorită virtuților revitalizante ale algelor boreale, acest tratament regenerează și revitalizează pielea în profunzime. Noapte după noapte, toxinele sunt eliminate, pielea devine mai netedă și încărcată cu oxigen. Textura sa spumoasă și parfumul său adictiv vă vor cuceri rapid. 95% ingrediente de origine naturală. Pentru față și zonele sensibile: inspirată de rețetele de înfrumusețare tradiționale ale femeilor lapone, Crema Adevărată din Laponia oferă un concentrat de hidratare și delicatețe pentru pielea întregii familii. 95% ingrediente de origine naturală. Pentru mâini: Crema pentru Mâini La Véritable Crème de Laponie menține frumusețea și confortul mâinilor, învăluindu-le în delicatețe și formând un „mănușă” invizibilă și protectoare. Textura sa ultra-fină, cremoasă și catifelată este absorbită instantaneu și nu lasă niciun film gras. 96% ingrediente de origine naturală. Pentru buze: Balsamul de Buze fondant La Véritable Crème de Laponie hidratează, hrănește și protejează buzele în orice moment al zilei, oferind o experiență senzorială unică. 98% ingrediente de origine naturală.","<table> 
 <tbody> 
  <tr> 
   <td>Produse:<br> <br> Crème Revitalisante Nuit Polaire<br> Crème Jeunesse Neige Éternelle<br> Crème Visage et Zones Sensibles<br> Crème Mains și Baume Lèvres La Véritable Crème de Laponie</td> 
  </tr> 
 </tbody> 
</table>",Nu ţineţi la îndemâna copiilor. Împotriva testării pe animale. Evitaţi contactul cu ochii. În caz de contact clătiți abundent cu apă. Nu este comestibil.,"Informatii privind identificarea producatorului, inclusiv datele de contact ale acestuia. Denumirea companiei: Polaar Adresa Sediului: 53, rue du Rocher, 75008 Paris, France Adresa email: info@polaar.com",Polaar
"Polaar, The Genuine Lapland Set Duo Crema & Balsam","Răsfață pielea afectată de climatul dur cu un set cadou hidratare ten cu ingrediente arctice. Boabele de zmeură, merișor și camemora conferă formulei proprietăți protectoare esențiale.",7888ab_b76df965068a48c49628b3ded81ad270~mv2.jpeg,Seturi Cadou;GIFTS;Seturi;Vetiver & Sandalwood;Polaar;Seturi MEN,3760114996336,76,"Cremă de mâini: Aplicați ori de câte ori este nevoie pe mâinile curate și uscate, masând mâna cu vârful degetelor către interiorul palmei. Poate fi aplicată și pe cuticule pentru a le înmuia. Balsam de buze: Folosiți în orice moment al zilei, de preferat înainte de a ieși afară. Reaplicați ori de câte ori este necesar. Aplicați un strat gros seara, înainte de culcare, pentru buze reparate dimineața.","<table> 
 <tbody> 
  <tr> 
   <td>Tip de piele: Toate tipurile de piele, inclusiv pielea sensibilă/uscată<br> <br> Textură: Crema/Balsam<br> <br> INGREDIENT ACTIV NATURAL POLAR: Fructe de pădure arctice</td> 
  </tr> 
 </tbody> 
</table>",Nu ţineţi la îndemâna copiilor. Împotriva testării pe animale. Evitaţi contactul cu ochii. În caz de contact clătiți abundent cu apă. Nu este comestibil.,"Informatii privind identificarea producatorului, inclusiv datele de contact ale acestuia. Denumirea companiei: Polaar Adresa Sediului: 53, rue du Rocher, 75008 Paris, France Adresa email: info@polaar.com",Polaar
"Scottish Fine Soaps, Vetiver & Sandalwood Set Cadou Well Groomed","Oferă eleganță cu un set cadou bărbați grooming infuzat cu parfum de vetiver și lemn de santal. Apa de toaletă, balsamul aftershave și gelul de duș revitalizează complet rutina de îngrijire.",7888ab_25d8c703369646798e2696df71887fef~mv2.png,Seturi Cadou;GIFTS;Seturi;Vetiver & Sandalwood;Baie & Corp;Seturi MEN;Scottish Fine Soaps,5016365032131,193,"Apă de Toaletă (EDT): Apăsați pompița pentru o pulverizare proaspătă de parfum. Balsam Aftershave: Masați gelul pe pielea umedă și bărbieriți-vă, acordând o atenție specială zonelor sensibile. Clătiți bine și uscați pielea prin tamponare. Pentru cele mai bune rezultate, bărbieriți-vă după o baie caldă sau un duș. (Notă: Instrucțiunile din sursă descriu utilizarea unui gel de bărbierit, deși produsul este denumit Balsam Aftershave). Gel de duș (Body Wash): Spumați generos pe pielea umedă, apoi clătiți cu apă caldă, pentru a lăsa pielea curată și revigorată.","<p>APĂ DE TOALETĂ (EDT): Alcohol Denat., Aqua (Water), Parfum (Fragrance), Citral, Eugenol, Limonene, Methyl 2-Octynoate, Alpha-Isomethyl Ionone. (Notă: Lista de ingrediente furnizată în textul sursă este doar pentru Apa de Toaletă).</p> 
<p>BALSAM AFTERSHAVE: Aqua (Water), Cetearyl Alcohol, Glycerin, Prunus Amygdalus Dulcis (Sweet Almond) Oil, Phenoxyethanol, PEG-20 Stearate, Alcohol Denat, Theobroma Cacao (Cocoa) Seed Butter, Carbomer, Parfum (Fragrance), Aminomethyl Propanol, Menthol, Cannabis Sativa (Hemp) Seed Oil, Allantoin, Disodium EDTA, Ethylhexylglycerin, Tocopheryl Acetate, Aloe Barbadensis Leaf Juice, Citric acid, Ascorbic acid, Limonene, Alpha-Isomethyl Ionone, Citral</p> 
<p>SĂPUN SOLID: Sodium Palmate, Sodium Palm Kernelate, Aqua (Water), Glycerin, Parfum (Fragrance), Cannabis Sativa (Hemp) Seed Oil, Sodium Chloride, Tetrasodium EDTA, Tetrasodium Etidronate, Limonene, Alpha-Isomethyl Ionone</p>",Nu ţineţi la îndemâna copiilor. Împotriva testării pe animale. Evitaţi contactul cu ochii. În caz de contact clătiți abundent cu apă. Nu este comestibil.,"Informatii privind identificarea producatorului, inclusiv datele de contact ale acestuia. Denumirea companiei: Scottish Fine Soaps Adresa Sediului: North Main Street, Carronshore, Falkirk, FK28HT Adresa email: sales@scottishfinesoaps.com",Scottish Fine Soaps
"Scottish Fine Soaps, Vetiver & Sandalwood Set Cadou","Menține aspectul domnesc cu un set cadou îngrijire bărbați ideal pentru deplasări scurte. Include produse premium pentru exfoliere pre-bărbierit, cremă și balsam calmant, pline de șarm.",7888ab_85ed0ad1224f4bedb22fbded39c71ae6~mv2.png;7888ab_0046e7c7682a4c2181919db71e2aa6b5~mv2.jpg;7888ab_f1485f560f1846b1a19688d5c451b667~mv2.jpg,Seturi Cadou;Oakmoss;GIFTS;Seturi;Baie & Corp;Scottish Fine Soaps,5016365032094,155,"Exfoliant Pre-Shave: Masați pe pielea umedă pentru o exfoliere blândă. Clătiți bine înainte de bărbierit. Cremă de bărbierit: Udați fața cu apă caldă și masați crema în barbă. Bărbieriți și clătiți. Balsam Aftershave: Aplicați cu moderație după bărbierit, apoi tapotați ușor până la absorbție. Săpun solid: Spumați cu apă caldă. Ideal pentru utilizare frecventă pe mâini și corp.","<p>EXFOLIANT PRE-SHAVE: Aqua (Water), Lava Powder, Cetearyl Alcohol, Glycerin, Glyceryl Stearate, Butyrospermum Parkii (Shea Butter), Parfum (Fragrance), Prunus Amygdalus Dulcis (Sweet Almond) Oil, Phenoxyethanol, PEG-20 Stearate, Aminomethyl Propanol, Carbomer, Cannabis Sativa (Hemp) Seed Oil, Ethylhexylglycerin, Disodium EDTA, Tocopheryl Acetate (Vitmin E), Charcoal Powder, Limonene</p> 
<p>CREMĂ DE BĂRBIERIT: Aqua (Water), Stearic Acid, Glycerin, Cetearyl Alcohol, Parfum (Fragrance), Caprylic/Capric Trigylceride, Butyrospermum Parkii (Shea Butter), Phenoxyethanol, Cannabis Sativa (Hemp) Seed Oil, PEG-20 Stearate, Glyceryl Stearate, Jojoba Esters, Aloe Barbadensis Leaf Juice, Aminomethyl Propanol, Ethylhexylglycerin, Polyquaternium-10, Disodium EDTA, Tocopheryl Acetate, Limonene</p> 
<p>BALSAM AFTERSHAVE: Aqua (Water), Cetearyl Alcohol, Glycerin, Prunus Amygdalus Dulcis (Sweet Almond) Oil, Phenoxyethanol, PEG-20 Stearate, Alcohol Denat, Theobroma Cacao (Cocoa) Seed Butter, Carbomer, Parfum (Fragrance), Aminomethyl Propanol, Menthol, Cannabis Sativa (Hemp) Seed Oil, Allantoin, Disodium EDTA, Ethylhexylglycerin, Tocopheryl Acetate, Aloe Barbadensis Leaf Juice, Citric acid, Ascorbic acid, Limonene, Alpha-Isomethyl Ionone, Citral</p> 
<p>SĂPUN SOLID: Sodium Palmate, Sodium Palm Kernelate, Aqua (Water), Glycerin, Parfum (Fragrance), Cannabis Sativa (Hemp) Seed Oil, Sodium Chloride, Tetrasodium EDTA, Tetrasodium Etidronate, Limonene, Alpha-Isomethyl Ionone</p>",Nu ţineţi la îndemâna copiilor. Împotriva testării pe animale. Evitaţi contactul cu ochii. În caz de contact clătiți abundent cu apă. Nu este comestibil.,"Informatii privind identificarea producatorului, inclusiv datele de contact ale acestuia. Denumirea companiei: Scottish Fine Soaps Adresa Sediului: North Main Street, Carronshore, Falkirk, FK28HT Adresa email: sales@scottishfinesoaps.com",Scottish Fine Soaps
"Scottish Fine Soaps, Oakmoss Set Ingrijire Maini, 2x300ml",Hrănește bariera pielii cu un set îngrijire mâini premium bogat în extract de pin și scoruș. Parfumul natural de mușchi de stejar din săpun și loțiune lasă mâinile protejate și catifelate.,7888ab_0169e0daea57446e84d3b8ae40fb835d~mv2.png;7888ab_9dc133889b1c4def8955f0911817cef5~mv2.jpg,Seturi Cadou;Oakmoss;GIFTS;Cremă de mâini;Seturi;Baie & Corp;Scottish Fine Soaps,5016365100892,180,"Săpun mâini: Spumați generos pe pielea umedă, apoi clătiți. Cremă de corp: Masați pe piele până la absorbția completă.","<p>SĂPUN LICHID (Hand Wash): Aqua (Water), Sodium Laureth Sulfate, Sodium Chloride, Parfum (Fragrance), Citric Acid, Cocamidopropyl Betaine, Coceth-7, PPG-1-PEG-9 Lauryl Glycol Ether, Glycerin, Sodium Benzoate, Tetrasodium Glutamate Diacetate, Panthenol (Vitamin B5), Potassium Sorbate, PEG-120 Methyl Glucose Trioleate, Propylene Glycol, PEG-40 Hydrogenated Castor Oil, Sorbus Aucuparia (Rowan) Fruit Extract, Pinus Sylvestris (Scots Pine) Bark Extract, Pogostemon Cablin Oil, Linalyl Acetate, Linalool, Lavandula Oil/Extract, Eucalyptus Globulus Oil, Beta-Caryophyllene, Pinene, Pelargonium Graveolens Flower Oil, Terpineol, Citronellol, Limonene, Geraniol</p> 
<p>LOȚIUNE MÂINI &amp; CORP (Hand &amp; Body Lotion): Aqua (Water), Persea Gratissima (Avocado) Oil, Glycerin, Cathamus Tinctorius (Safflower) Oil, Stearic Acid, Cetearyl Alcohol, Phenoxyethanol, Parfum (Fragrance), Glyceryl Stearate, PEG-20 Stearate, Aminomethyl Propanol, Brassica Napus (Rapeseed) Seed Oil, Disodium EDTA, Ethylhexylglycerin, Allantoin, Carbomer, Tocopheryl Acetate (Vitamin E), Pinus Sylvestris (Scots Pine) Bark Extract, Sorbus Aucuparia (Rowan) Fruit Extract, Pogostemon Cablin Oil, Linalyl Acetate, Linalool, Lavandula Oil/Extract, Eucalyptus Globulus Oil, Beta-Caryophyllene, Pinene, Pelargonium Graveolens Flower Oil, Terpineol, Citronellol, Limonene, Geraniol, Geranyl Acetate, Camphor, Eugenol, Evernia Prunastri extract, Terpinolene, Citral, Alpha-Terpinene</p>",Nu ţineţi la îndemâna copiilor. Împotriva testării pe animale. Evitaţi contactul cu ochii. În caz de contact clătiți abundent cu apă. Nu este comestibil.,"Informatii privind identificarea producatorului, inclusiv datele de contact ale acestuia. Denumirea companiei: Scottish Fine Soaps Adresa Sediului: North Main Street, Carronshore, Falkirk, FK28HT Adresa email: sales@scottishfinesoaps.com",Scottish Fine Soaps
"Scottish Fine Soaps, Oakmoss Trusa de Calatorie , 2x75ml","Păstrează tonusul cu o trusă călătorie cosmetice ideală pentru o evadare în natură. Setul de gel de duș și cremă de corp te îmbracă în arome hrănitoare de cedru, mușchi și ambră.",7888ab_8c79c69d491f4bdda6f1a12eee3799e7~mv2.png,Seturi Cadou;Seturi Baie&Corp;Oakmoss;GIFTS;Seturi;Baie & Corp;Scottish Fine Soaps,5016365100885,89,"Gel de duș: Spumați generos pe pielea umedă, apoi clătiți. Cremă de corp: Masați pe piele până la absorbția completă.","<p>GEL DE DUȘ (Body Wash): Aqua (Water), Sodium Laureth Sulfate, Sodium Chloride, Parfum (Fragrance), Lactic Acid, Cocamidopropyl Betaine, Coceth-7, PPG-1-PEG-9 Lauryl Glycol Ether, Glycerin, Sodium Benzoate, Tetrasodium Glutamate Diacetate, Potassium Sorbate, PEG-120 Methyl Glucose Trioleate, Propylene Glycol, PEG-40 Hydrogenated Castor Oil, Sorbus Aucuparia (Rowan) Fruit Extract, Pinus Sylvestris (Scots Pine) Bark Extract, Pogostemon Cablin Oil, Linalyl Acetate, Linalool, Lavandula Oil/Extract, Eucalyptus Globulus Oil, Beta-Caryophyllene, Pinene, Pelargonium Graveolens Flower Oil, Terpineol, Citronellol, Limonene, Geraniol</p> 
<p>CREMĂ DE CORP (Body Cream): Aqua (Water), Prunus Amygdalus Dulcis (Sweet Almond) Oil, Butyrospermum Parkii (Shea) Butter, Cetearyl Alcohol, Stearic Acid, Glycerin, Phenoxyethanol, Glyceryl Stearate, Parfum (Fragrance), Simmondsia Chinensis (Jojoba) Seed Oil, PEG-20 Stearate, Aminomethyl Propanol, Disodium EDTA, Ethylhexylglycerin, Hydrolyzed Hyaluronic Acid, Carbomer, Pinus Sylvestris (Scots Pine) Bark Extract, Sorbus Aucuparia (Rowan) Fruit Extract, Pogostemon Cablin Oil, Linalyl Acetate, Linalool, Lavandula Oil/Extract, Eucalyptus Globulus Oil, Beta-Caryophyllene, Pinene, Pelargonium Graveolens Flower Oil, Terpineol, Citronellol, Geraniol, Limonene, Geranyl Acetate, Camphor, Eugenol, Evernia Prunastri Extract, Citral, Terpinolene</p> 
<p>&nbsp;</p>",Nu ţineţi la îndemâna copiilor. Împotriva testării pe animale. Evitaţi contactul cu ochii. În caz de contact clătiți abundent cu apă. Nu este comestibil.,"Informatii privind identificarea producatorului, inclusiv datele de contact ale acestuia. Denumirea companiei: Scottish Fine Soaps Adresa Sediului: North Main Street, Carronshore, Falkirk, FK28HT Adresa email: sales@scottishfinesoaps.com",Scottish Fine Soaps
"Scottish Fine Soaps, Oakmoss Set Cadou Signature","Revitalizează spiritul cu un set cadou baie premium formulat cu antioxidanți naturali de pădure. Conține exfoliant, cremă de corp nutritivă, loțiune de mâini și săpun solid pentru un răsfăț.",7888ab_2c853b9569f040379819f38388fa4ab2~mv2.png;7888ab_d5791c4e0e4042f6aaa1090b2d363085~mv2.jpg,Seturi Cadou;GIFTS;Thistle & Pepper;Seturi;Ingrijire Barbă;Baie & Corp;Seturi MEN;Scottish Fine Soaps,5016365100878,155,"Gel față și barbă: Spumați generos pe pielea umedă și barbă, apoi clătiți. Balsam de barbă: Frecați o cantitate mică în palme și aplicați uniform prin barbă, înainte de a o stiliza în forma dorită. Ulei de barbă: Turnați cantitatea dorită în palmă și masați uniform prin barbă.","<p>GEL DE DUȘ (Body Wash): Aqua (Water), Sodium Laureth Sulfate, Sodium Chloride, Parfum (Fragrance), Lactic Acid, Cocamidopropyl Betaine, Coceth-7, PPG-1-PEG-9 Lauryl Glycol Ether, Glycerin, Sodium Benzoate, Tetrasodium Glutamate Diacetate, Potassium Sorbate, PEG-120 Methyl Glucose Trioleate, Propylene Glycol, PEG-40 Hydrogenated Castor Oil, Sorbus Aucuparia (Rowan) Fruit Extract, Pinus Sylvestris (Scots Pine) Bark Extract, Pogostemon Cablin Oil, Linalyl Acetate, Linalool, Lavandula Oil/Extract, Eucalyptus Globulus Oil, Beta-Caryophyllene, Pinene, Pelargonium Graveolens Flower Oil, Terpineol, Citronellol, Limonene, Geraniol</p> 
<p>CREMĂ DE CORP (Body Cream): Aqua (Water), Prunus Amygdalus Dulcis (Sweet Almond) Oil, Butyrospermum Parkii (Shea) Butter, Cetearyl Alcohol, Stearic Acid, Glycerin, Phenoxyethanol, Glyceryl Stearate, Parfum (Fragrance), Simmondsia Chinensis (Jojoba) Seed Oil, PEG-20 Stearate, Aminomethyl Propanol, Disodium EDTA, Ethylhexylglycerin, Hydrolyzed Hyaluronic Acid, Carbomer, Pinus Sylvestris (Scots Pine) Bark Extract, Sorbus Aucuparia (Rowan) Fruit Extract, Pogostemon Cablin Oil, Linalyl Acetate, Linalool, Lavandula Oil/Extract, Eucalyptus Globulus Oil, Beta-Caryophyllene, Pinene, Pelargonium Graveolens Flower Oil, Terpineol, Citronellol, Geraniol, Limonene, Geranyl Acetate, Camphor, Eugenol, Evernia Prunastri Extract, Citral, Terpinolene</p> 
<p>CREMĂ DE MÂINI (Hand Cream): Aqua (Water), Butyrospermum Parkii (Shea) Butter, Prunus Amygdalus Dulcis (Sweet Almond) Oil, Cetearyl Alcohol, Olea Europaea (Olive) Fruit Oil, Parfum (Fragrance), Phenoxyethanol, Ethylhexylglycerin, Theobroma Cacao (Cocoa) Seed Butter, Glyceryl Stearate, PEG-20 Stearate, Carbomer, Glycerin, Aminomethyl Propanol, Brassica Napus (Rapeseed) Seed Oil, Pinus Sylvestris (Scots Pine) Bark Extract, Sorbus Aucuparia (Rowan) Fruit Extract, Pogostemon Cablin Oil, Linalyl Acetate, Linalool, Lavandula Oil/Extract, Eucalyptus Globulus Oil, Beta-Caryophyllene, Pinene, Pelargonium Graveolens Flower Oil, Terpineol, Citronellol, Geraniol, Limonene, Geranyl Acetate, Camphor, Eugenol, Evernia Prunastri Extract, Citral, Terpinolene&nbsp;</p>",Nu ţineţi la îndemâna copiilor. Împotriva testării pe animale. Evitaţi contactul cu ochii. În caz de contact clătiți abundent cu apă. Nu este comestibil.,"Informatii privind identificarea producatorului, inclusiv datele de contact ale acestuia. Denumirea companiei: Scottish Fine Soaps Adresa Sediului: North Main Street, Carronshore, Falkirk, FK28HT Adresa email: sales@scottishfinesoaps.com",Scottish Fine Soaps
"Scottish Fine Soaps, Thistle & Black Pepper Trusa Barba","Păstrează forma impecabilă a feței cu un kit îngrijire barbă parfum de whisky și piper negru. Pachetul complet include gel de curățare, balsam hidratant, ulei nutritiv și pieptene din lemn.",7888ab_9d783ead68ab47859bc4c2958de3eda4~mv2.png;7888ab_a74b9170fea24c46b0532082fffab3ad~mv2.jpg,Seturi Cadou;GIFTS;Thistle & Pepper;Seturi;MEN;Baie & Corp;Seturi MEN;Scottish Fine Soaps,5016365100748,243,"Gel față și barbă: Spumați generos pe pielea umedă și barbă, apoi clătiți. Balsam de barbă: Frecați o cantitate mică în palme și aplicați uniform prin barbă, înainte de a o stiliza în forma dorită. Ulei de barbă: Turnați cantitatea dorită în palmă și masați uniform prin barbă.","<p>&nbsp;</p> 
<p>GEL FAȚĂ ȘI BARBĂ (Face &amp; Beard Wash): Aqua (Water), Sodium Laureth Sulfate, Sodium Chloride, Parfum (Fragrance), Lactic Acid, Cocamidopropyl Betaine, Sodium Benzoate, Tetrasodium Glutamate Diacetate, Magnesium PCA, Potassium Sorbate, Panthenol (Vitamin B5), Propylene Glycol, PEG-120 Methyl Glucose Trioleate, Glycerin, Silybum Marianum (Milk Thistle) Extract, Tetramethylacetyloctahydroaphthalenes, Coumarin, Citronellol</p> 
<p>BALSAM AFTERSHAVE: Aqua (Water), Cetearyl Alcohol, Glycerin, Dimethicone, Phenoxyethanol, PEG-20 Stearate, Denatured Alcohol, Theobroma Cacao (Cocoa) Seed Butter, Parfum (Fragrance), Carbomer, Aminomethyl Propanol, Menthol, Disodium EDTA, Allantoin, Ethylhexylglycerin, Tocopheryl Acetate (Vitamin E), Aloe Barbadensis (Aloe Vera) Leaf Juice, Silybum Marianum (Milk Thistle) Extract, Citric Acid, Sodium Benzoate, Potassium Sorbate, Tetramethylacetyloctahydroaphthalenes, Coumarin, Citronellol, Linalyl Acetate, Lavandula Oil/Extract, Linalool</p> 
<p>CREMĂ HIDRATANTĂ (Moisturiser): Aqua (Water), Prunus Amygdalus Dulcis (Sweet Almond) Oil, Cetearyl Alcohol, Phenoxyethanol, Glyceryl Stearate, Glycerin, PEG-20 Stearate, Parfum (Fragrance), Hydrolyzed Hyaluronic Acid, Ethylhexylglycerin, Carbomer, Aminomethyl Propanol, Silybum Marianum (Milk Thistle) Extract, Tetramethylacetyloctahydroaphthalenes, Coumarin, Citronellol, Linalyl Acetate, Lavandula Oil/Extract</p> 
<p>BALSAM DE BARBĂ (Beard Balm): Aqua (Water), Cetearyl Alcohol, Glycerin, Prunus Amygdalus Dulcis (Sweet Almond) Oil, Cathamus Tinctorius (Safflower) Oil, Stearic Acid, Glyceryl Stearate, Jojoba Esters, Theobroma Cacao (Cocoa) Seed Butter, PEG-20 Stearate, Phenoxyethanol, Parfum (Fragrance), Tocopheryl Acetate (Vitamin E), Aloe Barbadendis (Aloe vera) Leaf Juice, Aminomethyl Propanol, Ethylhexylglycerin, Carbomer, Polyquarternium-10, Silybum Marianum (Milk Thistle) Extract, Citric Acid, Potassium Sorbate, Sodium Benzoate, Tetramethylacetyloctahydroaphthalenes, Coumarin, Citronellol, Linalyl Acetate, Lavandula Oil/Extract, Linalool</p> 
<p>ULEI DE BARBĂ (Beard Oil): Prunus Amygdalus Dulcis (Sweet Almond) Oil, Cathamus Tinctorius (Safflower) Oil, Simmondsia Chinensis (Jojoba) Seed Oil, Persea Gratissima (Avocado) Oil, Parfum (Fragrance), Tocopheryl Acetate (Vitamin E), Tetramethylacetyloctahydroaphthalenes, Citronellol, Linalyl Acetate, Lavandula Oil/Extract, Linalool (Ingredientul Gel Față &amp; Barbă este listat la produsele anterioare)</p>",Nu ţineţi la îndemâna copiilor. Împotriva testării pe animale. Evitaţi contactul cu ochii. În caz de contact clătiți abundent cu apă. Nu este comestibil.,"Informatii privind identificarea producatorului, inclusiv datele de contact ale acestuia. Denumirea companiei: Scottish Fine Soaps Adresa Sediului: North Main Street, Carronshore, Falkirk, FK28HT Adresa email: sales@scottishfinesoaps.com",Scottish Fine Soaps
"Scottish Fine Soaps, Thistle & Black Pepper Set Cadou Signature","Răsfață pielea cu un set cadou bărbați complet ce asigură o îngrijire plină de vigoare. Infuzat cu lapte de ciulin, hidratează corpul, fața și părul, lăsând parfumul emblematic al Highland-ului.",7888ab_130123cae0824954bc66922268e6f1b2~mv2.png;7888ab_71b356c1a5ee43bebca9a462ae5ce82c~mv2.jpg;7888ab_c7c3e73b2a354004bce8ae2137487dec~mv2.jpg,Seturi Cadou;GIFTS;Thistle & Pepper;Seturi;MEN;Baie & Corp;Seturi MEN;Scottish Fine Soaps,5016365100731,155,"Gel față și barbă: Spumați generos pe pielea umedă și barbă, apoi clătiți. Gel păr și corp: Spumați generos pe piele și păr, apoi clătiți. Cremă hidratantă: Aplicați zilnic după spălare pe față și gât. Săpun de lux: Spumați cu apă caldă pe pielea umedă, apoi clătiți.","<p>GEL PĂR ȘI CORP (Hair &amp; Body Wash): Aqua (Water), Sodium Laureth Sulfate, Sodium Chloride, Cocoamidopropyl Betaine, Citric Acid, Sodium Benzoate, Tetrasodium Glutamate Diacetate, Parfum (Fragrance), Potassium Sorbate, Panthenol (Vitamin B5), Propylene Glycol, PEG-120 Methyl Glucose Trioleate, Glycerin, Silybum Marianum (Milk Thistle) Extract, Tetramethylacetyloctahydroaphthalenes, Coumarin, Citronellol, Linalyl Acetate, Lavandula Oil/Extract, CI 19140 (Yellow No.5), CI 14700 (Red No.4), CI 42090 (Blue No.1)</p> 
<p>GEL FAȚĂ ȘI BARBĂ (Face &amp; Beard Wash): Aqua (Water), Sodium Laureth Sulfate, Sodium Chloride, Parfum (Fragrance), Lactic Acid, Cocamidopropyl Betaine, Sodium Benzoate, Tetrasodium Glutamate Diacetate, Magnesium PCA, Potassium Sorbate, Panthenol (Vitamin B5), Propylene Glycol, PEG-120 Methyl Glucose Trioleate, Glycerin, Silybum Marianum (Milk Thistle) Extract, Tetramethylacetyloctahydroaphthalenes, Coumarin, Citronellol</p> 
<p>BALSAM AFTERSHAVE: Aqua (Water), Cetearyl Alcohol, Glycerin, Dimethicone, Phenoxyethanol, PEG-20 Stearate, Denatured Alcohol, Theobroma Cacao (Cocoa) Seed Butter, Parfum (Fragrance), Carbomer, Aminomethyl Propanol, Menthol, Disodium EDTA, Allantoin, Ethylhexylglycerin, Tocopheryl Acetate (Vitamin E), Aloe Barbadensis (Aloe Vera) Leaf Juice, Silybum Marianum (Milk Thistle) Extract, Citric Acid, Sodium Benzoate, Potassium Sorbate, Tetramethylacetyloctahydroaphthalenes, Coumarin, Citronellol, Linalyl Acetate, Lavandula Oil/Extract, Linalool</p> 
<p>CREMĂ HIDRATANTĂ (Moisturiser): Aqua (Water), Prunus Amygdalus Dulcis (Sweet Almond) Oil, Cetearyl Alcohol, Phenoxyethanol, Glyceryl Stearate, Glycerin, PEG-20 Stearate, Parfum (Fragrance), Hydrolyzed Hyaluronic Acid, Ethylhexylglycerin, Carbomer, Aminomethyl Propanol, Silybum Marianum (Milk Thistle) Extract, Tetramethylacetyloctahydroaphthalenes, Coumarin, Citronellol, Linalyl Acetate, Lavandula Oil/Extract</p> 
<p><br> SĂPUN SOLID (Body Bar): Sodium Palmate, Sodium Palm Kernelate , Aqua (Water), Glycerin, Parfum (Fragrance), Titanium Dioxide, Tetrasodium Etidronate, Tetrasodium EDTA, Sodium Gluconate, Silybum Marianum (Milk Thistle) Extract, Tetramethylacetyloctahydroaphthalenes, Coumarin, Citronellol, Linalyl Acetate, Lavandula Oil/Extract</p>",Nu ţineţi la îndemâna copiilor. Împotriva testării pe animale. Evitaţi contactul cu ochii. În caz de contact clătiți abundent cu apă. Nu este comestibil.,"Informatii privind identificarea producatorului, inclusiv datele de contact ale acestuia. Denumirea companiei: Scottish Fine Soaps Adresa Sediului: North Main Street, Carronshore, Falkirk, FK28HT Adresa email: sales@scottishfinesoaps.com",Scottish Fine Soaps
"Scottish Fine Soaps, Thistle & Black Pepper Geanta de Calatorie","Menține rutina oriunde cu o geantă călătorie cosmetice bărbați echipată complet pentru vacanță. Produsele pentru păr, barbă, corp și față hidratează intens și aduc prospețimea Scoției.",7888ab_efdd10fda1834e55b3f5a641f611f7c7~mv2.png;7888ab_649975cb890045c9b9365afa755109dc~mv2.jpg;7888ab_9e2526da438444a2ac4d43cca3757be3~mv2.jpg,Seturi Cadou;Seturi Baie&Corp;GIFTS;Seturi WOMEN;Seturi;MEN;Baie & Corp;Scottish Fine Soaps,5016365100724,235,"Gel pentru păr și corp: Spumați generos pe pielea și părul ud, apoi clătiți cu apă caldă. Gel pentru față și barbă: Spumați generos pe pielea umedă și pe barbă, apoi clătiți. Cremă hidratantă: Aplicați zilnic după spălare. Întindeți pe față și gât pentru a lăsa pielea reîntinerită și hrănită. Balsam Aftershave: Aplicați cu moderație după bărbierit și tapotați ușor pielea până la absorbția completă.","<p>GEL PĂR ȘI CORP (Hair &amp; Body Wash): Aqua (Water), Sodium Laureth Sulfate, Sodium Chloride, Cocoamidopropyl Betaine, Citric Acid, Sodium Benzoate, Tetrasodium Glutamate Diacetate, Parfum (Fragrance), Potassium Sorbate, Panthenol (Vitamin B5), Propylene Glycol, PEG-120 Methyl Glucose Trioleate, Glycerin, Silybum Marianum (Milk Thistle) Extract, Tetramethylacetyloctahydroaphthalenes, Coumarin, Citronellol, Linalyl Acetate, Lavandula Oil/Extract, CI 19140 (Yellow No.5), CI 14700 (Red No.4), CI 42090 (Blue No.1)</p> 
<p>GEL FAȚĂ ȘI BARBĂ (Face &amp; Beard Wash): Aqua (Water), Sodium Laureth Sulfate, Sodium Chloride, Parfum (Fragrance), Lactic Acid, Cocamidopropyl Betaine, Sodium Benzoate, Tetrasodium Glutamate Diacetate, Magnesium PCA, Potassium Sorbate, Panthenol (Vitamin B5), Propylene Glycol, PEG-120 Methyl Glucose Trioleate, Glycerin, Silybum Marianum (Milk Thistle) Extract, Tetramethylacetyloctahydroaphthalenes, Coumarin, Citronellol</p> 
<p>BALSAM AFTERSHAVE: Aqua (Water), Cetearyl Alcohol, Glycerin, Dimethicone, Phenoxyethanol, PEG-20 Stearate, Denatured Alcohol, Theobroma Cacao (Cocoa) Seed Butter, Parfum (Fragrance), Carbomer, Aminomethyl Propanol, Menthol, Disodium EDTA, Allantoin, Ethylhexylglycerin, Tocopheryl Acetate (Vitamin E), Aloe Barbadensis (Aloe Vera) Leaf Juice, Silybum Marianum (Milk Thistle) Extract, Citric Acid, Sodium Benzoate, Potassium Sorbate, Tetramethylacetyloctahydroaphthalenes, Coumarin, Citronellol, Linalyl Acetate, Lavandula Oil/Extract, Linalool</p> 
<p>CREMĂ HIDRATANTĂ (Moisturiser): Aqua (Water), Prunus Amygdalus Dulcis (Sweet Almond) Oil, Cetearyl Alcohol, Phenoxyethanol, Glyceryl Stearate, Glycerin, PEG-20 Stearate, Parfum (Fragrance), Hydrolyzed Hyaluronic Acid, Ethylhexylglycerin, Carbomer, Aminomethyl Propanol, Silybum Marianum (Milk Thistle) Extract, Tetramethylacetyloctahydroaphthalenes, Coumarin, Citronellol, Linalyl Acetate, Lavandula Oil/Extract</p>",Nu ţineţi la îndemâna copiilor. Împotriva testării pe animale. Evitaţi contactul cu ochii. În caz de contact clătiți abundent cu apă. Nu este comestibil.,"Informatii privind identificarea producatorului, inclusiv datele de contact ale acestuia. Denumirea companiei: Scottish Fine Soaps Adresa Sediului: North Main Street, Carronshore, Falkirk, FK28HT Adresa email: sales@scottishfinesoaps.com",Scottish Fine Soaps
"Scottish Fine Soaps, Au Lait Set Nutritiv pentru Piele, 1x30ml+1x75ml",Hrănește profund pielea crăpată cu un set îngrijire corp piele uscată. Crema de mâini regenerantă și loțiunea de corp pe bază de ovăz lasă o aromă cremoasă de mosc și flori de câmp.,7888ab_fed5d30ac61443f1b8f76cd99e6418b1~mv2.png;7888ab_bd2e6b4055444260ab66f1f4c1b01617~mv2.jpg,Seturi Cadou;GIFTS;Seturi;Au Lait;Baie & Corp;Scottish Fine Soaps,5016365100472,89,Cremă de corp: Masați pe piele până la absorbția completă. Cremă de mâini: Aplicați această cremă hrănitoare pe mâinile curate până la absorbția completă.,"<p>CREMĂ DE MÂINI (Hand Cream): Aqua (Water), Butyrospermum Parkii (Shea) Butter, Prunus Amygdalus Dulcis (Sweet Almond) Oil, Cetearyl Alcohol, Glycerin, Olea Europaea (Olive) Fruit Oil, Phenoxyethanol, Parfum (Fragrance), Ethylhexylglycerin, Theobroma Cacao (Cocoa) Seed Butter, Glyceryl Stearate, PEG-20 Stearate, Carbomer, Aminomethyl Propanol, Avena Sativa (Oat) Seed Extract, Chamomilla Recutita (Matricaria) Flower Extract, Hexamethylindanopyran, Alpha-Isomethyl Ionone, Tetramethylacetyloctahydronaphthalenes, Coumarin, Geranyl Acetate</p> 
<p>CREMĂ DE CORP (Body Cream): Aqua (Water), Prunus Amygdalus Dulcis (Sweet Almond) Oil, Butyrospermum Parkii (Shea) Butter, Cetearyl Alcohol, Stearic Acid, Glycerin, Phenoxyethanol, Glyceryl Stearate, Parfum (Fragrance), Simmondsia Chinensis (Jojoba) Seed Oil, Brassica Napus (Rapeseed) Seed Oil, PEG-20 Stearate, Aminomethyl Propanol, Disodium EDTA, Ethylhexylglycerin, Hydrolyzed Hyaluronic Acid, Carbomer, Avena Sativa (Oat) Seed Extract, Chamomilla Recutita (Matricaria) Flower Extract, Hexamethylindanopyran, Alpha-Isomethyl Ionone, Tetramethylacetyloctahydronaphthalenes, Coumarin, Geranyl Acetate</p>",Nu ţineţi la îndemâna copiilor. Împotriva testării pe animale. Evitaţi contactul cu ochii. În caz de contact clătiți abundent cu apă. Nu este comestibil.,"Informatii privind identificarea producatorului, inclusiv datele de contact ale acestuia. Denumirea companiei: Scottish Fine Soaps Adresa Sediului: North Main Street, Carronshore, Falkirk, FK28HT Adresa email: sales@scottishfinesoaps.com",Scottish Fine Soaps
"Scottish Fine Soaps, Au Lait Set Ingrijire Maini, 2x300ml",Reîmprospătează pielea obosită cu un set produse mâini bazat pe lapte purificator de mușețel. Loțiunea și săpunul asigură curățarea optimă și hidratarea de durată a pielii mâinilor.,7888ab_816b4f739473438fb7014ccf036e14e2~mv2.png;7888ab_8725215314674b628be9fefe439ab514~mv2.jpg;7888ab_e7899d5f560b4041a43a1ab51f031928~mv2.jpg,Seturi Cadou;Seturi Baie&Corp;GIFTS;Cremă de mâini;Seturi WOMEN;Seturi;Au Lait;Baie & Corp;Scottish Fine Soaps,5016365100434,180,"Săpun lichid (Hand Wash): Pompați o cantitate mică pe mâinile umede. Spumați, apoi clătiți pentru a lăsa mâinile curate și reîmprospătate. Loțiune pentru mâini și corp (Hand & Body Lotion): Masați o cantitate mică pe toată pielea până la absorbția completă, lăsând-o moale, catifelată și minunat parfumată.","<p>SĂPUN LICHID (Hand Wash): Aqua (Water), Sodium Laureth Sulfate, Sodium Chloride, Parfum (Fragrance), Glycol Distearate, Cocamidopropyl Betaine, Cocamide MEA, Glycerin, Sodium Benzoate, Tetrasodium Glutamate Diacetate, Laureth-10, Panthenol (Vitamin B5), Potassium Sorbate, Avena Sativa (Oat) Seed Extract, Chamomilla Recutita (Matricaria) Flower Extract, Hexamethylindanopyran, Alpha-Isomethyl Ionone, Tetramethylacetyloctahydronaphthalenes, Coumarin</p> 
<p>LOȚIUNE PENTRU MÂINI ȘI CORP (Hand &amp; Body Lotion): Aqua (Water), Glycerin, Persea Gratissima (Avocado) Oil, Stearic Acid, Cetearyl Alcohol, Cathamus Tinctorius (Safflower) Oil, Phenoxyethanol, Glyceryl Stearate, Parfum (Fragrance), PEG-20 Stearate, Aminomethyl Propanol, Brassica Napus (Rapeseed) Seed Oil, Disodium EDTA, Ethylhexylglycerin, Allantoin, Carbomer, Avena Sativa (Oat) Seed Extract, Chamomilla Recutita (Matricaria) Flower Extract, Hexamethylindanopyran, Alpha-Isomethyl Ionone, Tetramethylacetyloctahydronaphthalenes, Coumarin, Geranyl Acetate</p>",Nu ţineţi la îndemâna copiilor. Împotriva testării pe animale. Evitaţi contactul cu ochii. În caz de contact clătiți abundent cu apă. Nu este comestibil.,"Informatii privind identificarea producatorului, inclusiv datele de contact ale acestuia. Denumirea companiei: Scottish Fine Soaps Adresa Sediului: North Main Street, Carronshore, Falkirk, FK28HT Adresa email: sales@scottishfinesoaps.com",Scottish Fine Soaps
"Scottish Fine Soaps, Au Lait Set Cadou Signature","Bucură-te de finețea unui set cadou premium cu arome pudrate de violete și lemn de santal. Produsele exfoliază, curăță, hrănesc și protejează trupul pentru o piele impecabil de moale.",7888ab_69033cddbbdb44578f5fa9ea1950dd6e~mv2.png;7888ab_45abc63c16904b4ea1be4a0dbef6d7ca~mv2.jpg,Seturi Cadou;Sea Kelp;GIFTS;Seturi;Au Lait;Baie & Corp;Scottish Fine Soaps,5016365100403,155,"Gel de duș: Spumați generos pe pielea umedă, apoi clătiți cu apă caldă, pentru a lăsa pielea curată și revigorată. Cremă de corp: Masați pe piele până la absorbția completă. Cremă de mâini: Aplicați această cremă hrănitoare pe mâinile curate până la absorbția completă. Săpun solid: Spumați cu apă caldă pe pielea umedă, apoi clătiți.","<p>GEL DE DUȘ (Body Wash): Aqua (Water), Sodium Laureth Sulfate, Sodium Chloride, Lactic Acid, Parfum (Fragrance), Glycol Distearate, Cocamidopropyl Betaine, Cocamide MEA, Glycerin, Sodium Benzoate, Tetrasodium Glutamate Diacetate, Laureth-10, Potassium Sorbate, Avena Sativa (Oat) Seed Extract, Chamomilla Recutita (Matricaria) Flower Extract, Hexamethylindanopyran, Alpha-Isomethyl Ionone, Tetramethylacetyloctahydronaphthalenes, Coumarin</p> 
<p>CREMĂ DE CORP (Body Cream): Aqua (Water), Prunus Amygdalus Dulcis (Sweet Almond) Oil, Butyrospermum Parkii (Shea) Butter, Cetearyl Alcohol, Stearic Acid, Glycerin, Phenoxyethanol, Glyceryl Stearate, Parfum (Fragrance), Simmondsia Chinensis (Jojoba) Seed Oil, Brassica Napus (Rapeseed) Seed Oil, PEG-20 Stearate, Aminomethyl Propanol, Disodium EDTA, Ethylhexylglycerin, Hydrolyzed Hyaluronic Acid, Carbomer, Avena Sativa (Oat) Seed Extract, Chamomilla Recutita (Matricaria) Flower Extract, Hexamethylindanopyran, Alpha-Isomethyl Ionone, Tetramethylacetyloctahydronaphthalenes, Coumarin, Geranyl Acetate</p> 
<p>CREMĂ DE MÂINI (Hand Cream): Aqua (Water), Butyrospermum Parkii (Shea) Butter, Prunus Amygdalus Dulcis (Sweet Almond) Oil, Cetearyl Alcohol, Glycerin, Olea Europaea (Olive) Fruit Oil, Phenoxyethanol, Parfum (Fragrance), Ethylhexylglycerin, Theobroma Cacao (Cocoa) Seed Butter, Glyceryl Stearate, PEG-20 Stearate, Carbomer, Aminomethyl Propanol, Avena Sativa (Oat) Seed Extract, Chamomilla Recutita (Matricaria) Flower Extract, Hexamethylindanopyran, Alpha-Isomethyl Ionone, Tetramethylacetyloctahydronaphthalenes, Coumarin, Geranyl Acetate</p> 
<p>SĂPUN SOLID (Soap): Sodium Palmate, Sodium Palm Kernelate , Aqua (Water), Glycerin, Parfum (Fragrance), Butyrospermum Parkii (Shea Butter), Titanium Dioxide , Sodium Chloride, Tetrasodium Etidronate, Tetrasodium EDTA, Sodium Gluconate, Chamomilla Recutita (Matricaria) Flower Extract, Avena Sativa (Oat) Seed Extract, Hexamethylindanopyran, Alpha-Isomethyl Ionone, Tetramethylacetyloctahydronaphthalenes, Coumarin</p>",Nu ţineţi la îndemâna copiilor. Împotriva testării pe animale. Evitaţi contactul cu ochii. În caz de contact clătiți abundent cu apă. Nu este comestibil.,"Informatii privind identificarea producatorului, inclusiv datele de contact ale acestuia. Denumirea companiei: Scottish Fine Soaps Adresa Sediului: North Main Street, Carronshore, Falkirk, FK28HT Adresa email: sales@scottishfinesoaps.com",Scottish Fine Soaps
"Scottish Fine Soaps, Sea Kelp Set de Calatorie, 2x75ml","Elimină stresul călătoriilor cu un set cosmetice travel formulat din extracte de alge scoțiene. Gelul și crema oferă un adevărat tratament hidratant, calmant, inspirat de aerul proaspăt marin.",7888ab_06ece91db7144ecc87a32ca4be7d4c37~mv2.png;7888ab_7c9171c627ed4a7a8f5272aa1aa2cee0~mv2.jpg,Seturi Cadou;Sea Kelp;GIFTS;Seturi;Baie & Corp;Îngrijire Corp;Scottish Fine Soaps,5016365100229,89,"Gel de duș: Spumați generos pe pielea umedă, apoi clătiți cu apă caldă, pentru a lăsa pielea curată și revigorată. Cremă de corp: Masați pe piele până la absorbția completă.","<p>GEL DE DUȘ (Body Wash): Aqua (Water), Sodium Laureth Sulfate, Sodium Chloride, Parfum (Fragrance), Lactic Acid, Cocoamidopropyl Betaine, Sodium Benzoate, Tetrasodium Glutamate Diacetate, Potassium Sorbate, Propylene Glycol, PEG-120 Methyl Glucose Trioleate, Glycerin, Fucus Vesiculosus Extract, Laminaria Digitata Extract, Hexamethylindanopyran, Benzyl Salicylate, Acetyl Cedrene, Hydroxycitronellal, Linalool, Citronellol, CI 19140 (Yellow No.5), CI 42090 (Blue No.1)</p> 
<p>CREMĂ DE CORP (Body Cream): Aqua (Water), Prunus Amygdalus Dulcis (Sweet Almond) Oil, Butyrospermum Parkii (Shea) Butter, Cetearyl Alcohol, Stearic Acid, Glycerin, Phenoxyethanol, Glyceryl Stearate, Parfum (Fragrance), Simmondsia Chinensis (Jojoba) Seed Oil, Brassica Napus (Rapeseed) Seed Oil, PEG-20 Stearate, Aminomethyl Propanol, Disodium EDTA, Ethylhexylglycerin, Hydrolyzed Hyaluronic Acid, Carbomer, Fucus Vesiculosus Extract, Laminaria Digitata Extract, Hexamethylindanopyran, Benzyl Salicylate, Acetyl Cedrene, Hydroxycitronellal, Linalool, Citronellol, Isoeugenol Acetate, Tetramethylacetyloctahydronapthlenes, Eugenol, Alpha-Isomethyl Ionone, Geraniol, Amyl Cinnamal</p>",Nu ţineţi la îndemâna copiilor. Împotriva testării pe animale. Evitaţi contactul cu ochii. În caz de contact clătiți abundent cu apă. Nu este comestibil.,"Informatii privind identificarea producatorului, inclusiv datele de contact ale acestuia. Denumirea companiei: Scottish Fine Soaps Adresa Sediului: North Main Street, Carronshore, Falkirk, FK28HT Adresa email: sales@scottishfinesoaps.com",Scottish Fine Soaps
"Scottish Fine Soaps, Sea Kelp Set Ingrijire Picioare","Netezește călcâiele aspre cu un set îngrijire picioare cu eucalipt și piatră ponce naturală. Exfoliază pielea moartă, răcește și hidratează picioarele, lăsând un parfum purificator de spa.",7888ab_9efa0ecbfa924647951d19397fc91d26~mv2.png;7888ab_5b127411171f4602ae8b939bd934ff1b~mv2.jpg;7888ab_b63cdc04901241ceaaf4b1c09997e986~mv2.jpg,Seturi Cadou;Seturi Baie&Corp;Sea Kelp;GIFTS;Seturi;Baie & Corp;Scottish Fine Soaps,5016365100137,120,"Exfoliant pentru picioare cu mentă: Masați cu mișcări circulare pe picioarele umede, apoi clătiți cu apă caldă pentru a lăsa pielea netedă și revigorată. Balsam răcoritor pentru picioare: Masați o cantitate mică din acest balsam hrănitor pe picioare până la absorbția completă.","<p>BALSAM PENTRU PICIOARE (Foot Balm): Aqua (Water), Caprylic/Capric Triglyceride, Cetearyl Alcohol, Prunus Amygdalus Dulcis (Sweet Almond) Oil, Olea Europaea (Olive) Oil, Parfum (Fragrance), Phenoxyethanol, Glyceryl Stearate, Theobroma Cacoa (Cocoa) Seed Butter, PEG-20 Stearate, Carbomer, Eucalyptus Globulus Leaf Oil, Aminomethyl Propanol, Menthol, Ethylhexylglycerin, Glycerin, Cucumber Sativus Juice, Fucus Vesiculosus Extract, Laminaria Digitata Extract, Potassium Sorbate, Eucalyptus Leaf Oil, Linalool, Limonene, Hexamethylindanopyran, Benzyl Salicylate, Acetyl Cedrene, Hydroxycitronellal, Citronellol, Alpha-Pinene, Eugenol, Isoeugenol Acetate, Tetramethylacetyloctahydronaphthalenes, Alpha-Isomethyl Ionone, Geraniol, Amyl Cinnamal, Rose Ketones, Terpineol, Alpha-Terpinene, Terpinolene</p> 
<p>EXFOLIANT PENTRU PICIOARE (Foot Scrub): Aqua (Water), Glycerin, Pumice, Juglans Regia (Walnut) Shell Powder, Methyl Gluceth-20, Phenoxyethanol, Xanthan Gum, Carbomer, Mentha Piperta (Peppermint) Oil, Eucalyptus Globulus Leaf Oil, Citrus Limon (Lemon) Peel Oil, Ethylhexylglycerin, Cucumber Sativus Juice, Fucus Vesiculosus Extract, Laminaria Digitata Extract, Potassium Sorbate, Limonene, Eucalyptus Leaf Oil, Alpha-Pinene, Beta-Pinene, Alpha-Terpinene, Citral</p>",Nu ţineţi la îndemâna copiilor. Împotriva testării pe animale. Evitaţi contactul cu ochii. În caz de contact clătiți abundent cu apă. Nu este comestibil.,"Informatii privind identificarea producatorului, inclusiv datele de contact ale acestuia. Denumirea companiei: Scottish Fine Soaps Adresa Sediului: North Main Street, Carronshore, Falkirk, FK28HT Adresa email: sales@scottishfinesoaps.com",Scottish Fine Soaps
"Scottish Fine Soaps, Sea Kelp Set Cadou","Experimentează calmul valurilor cu un set cadou cosmetice marin super-hidratant. Spumantul bogat în vitamina E, crema cu acid hialuronic și scrub-ul exfoliant refac structura epidermei.",7888ab_3c348f9f2d824ea399b47d2fc0a8caa3~mv2.png;7888ab_5a1c7703dd2247f5806b9078b60f5423~mv2.jpg,Seturi Cadou;GIFTS;Thistle & Pepper;Seturi;Baie & Corp;Seturi MEN;Scottish Fine Soaps,5016365100120,155,"Gel de duș: Spumați generos pe pielea umedă, apoi clătiți cu apă caldă, pentru a lăsa pielea curată și revigorată. Cremă de corp: Masați pe piele până la absorbția completă. Spumant de baie: Turnați în apa de baie în timp ce curge, îmbăiați-vă și relaxați-vă. Săpun solid: Spumați cu apă caldă pe pielea umedă, apoi clătiți.","<p>SPUMANT DE BAIE: Aqua (Water), Sodium Laureth Sulfate, Sodium Chloride, Parfum (Fragrance), Lactic Acid, Cocamidopropyl Betaine, Sodium Benzoate, Tetrasodium Glutamate Diacetate, Glycerin, Potassium Sorbate, Propylene Glycol, PEG-120 Methyl Glucose Trioleate, Cucumis Sativus (Cucumber) Juice, Fucus Vesiculosus Extract, Laminaria Digitata Extract, Hexamethylindanopyran, Benzyl Salicylate, Acetyl Cedrene, Hydroxycitronellal, Linalool, Citronellol, CI 42090 (Blue No.1), CI 19140 (Yellow No.5), CI 14700 (Red No.4)</p> 
<p>CREMĂ DE CORP: Aqua (Water), Prunus Amygdalus Dulcis (Sweet Almond) Oil, Butyrospermum Parkii (Shea) Butter, Cetearyl Alcohol, Stearic Acid, Glycerin, Phenoxyethanol, Glyceryl Stearate, Parfum (Fragrance), Simmondsia Chinensis (Jojoba) Seed Oil, Brassica Napus (Rapeseed) Seed Oil, PEG-20 Stearate, Aminomethyl Propanol, Disodium EDTA, Ethylhexylglycerin, Hydrolyzed Hyaluronic Acid, Carbomer, Fucus Vesiculosus Extract, Laminaria Digitata Extract, Hexamethylindanopyran, Benzyl Salicylate, Acetyl Cedrene, Hydroxycitronellal, Linalool, Citronellol, Isoeugenol Acetate, Tetramethylacetyloctahydronapthlenes, Eugenol, Alpha-Isomethyl Ionone, Geraniol, Amyl Cinnamal</p> 
<p>GEL DE DUȘ: Aqua (Water), Sodium Laureth Sulfate, Sodium Chloride, Parfum (Fragrance), Lactic Acid, Cocoamidopropyl Betaine, Sodium Benzoate, Tetrasodium Glutamate Diacetate, Potassium Sorbate, Propylene Glycol, PEG-120 Methyl Glucose Trioleate, Glycerin, Fucus Vesiculosus Extract, Laminaria Digitata Extract, Hexamethylindanopyran, Benzyl Salicylate, Acetyl Cedrene, Hydroxycitronellal, Linalool, Citronellol, CI 19140 (Yellow No.5), CI 42090 (Blue No.1)</p> 
<p>SĂPUN SOLID: Sodium Palmate, Sodium Palm Kernelate , Aqua (Water), Glycerin, Parfum (Fragrance), Tetrasodium Etidronate, Tetrasodium EDTA, Sodium Gluconate, Fucus Vesiculosus Extract, Laminaria Digitata Extract, Hexamethylindanopyran, Benzyl Salicylate, Acetyl Cedrene, Hydroxycitronellal, Linalool, Citronellol</p>",Nu ţineţi la îndemâna copiilor. Împotriva testării pe animale. Evitaţi contactul cu ochii. În caz de contact clătiți abundent cu apă. Nu este comestibil.,"Informatii privind identificarea producatorului, inclusiv datele de contact ale acestuia. Denumirea companiei: Scottish Fine Soaps Adresa Sediului: North Main Street, Carronshore, Falkirk, FK28HT Adresa email: sales@scottishfinesoaps.com",Scottish Fine Soaps
"Scottish Fine Soaps, Thistle & Pepper Set Cadou Well Groomed","Începe ziua cu forță folosind un set îngrijire personală bărbați cu o puternică aromă condimentată. Gelul și balsamul hrănesc pielea, iar apa de toaletă fixează un parfum masculin robust.",7888ab_d6f464dc769f42cfb22a777924277ae3~mv2.png,Seturi Cadou;Winterwood;X-MAS;GIFTS;Cremă de mâini;Seturi;MEN;Baie & Corp;Scottish Fine Soaps,5016365100700,203,"Gel de duș pentru corp și păr: Se spumează generos pe pielea și pe părul umede și apoi se clătește cu apă caldă. Balsam după ras: Aplicați după ras acest balsam hidratant, cu moderație, apoi tapotați pielea până se absoarbe complet. Apă de toaletă: Apăsați pe pompiță pentru un strop prospăt de parfum.","<table> 
 <tbody> 
  <tr> 
   <td> <p>Gel de duș și șampon de păr: Aqua (Water), Sodium Laureth Sulfate, Sodium Chloride, Cocoamidopropyl Betaine, Citric Acid, Sodium Benzoate, Tetrasodium Glutamate Diacetate, Parfum (Fragrance), Potassium Sorbate, Panthenol (Vitamin B5), Propylene Glycol, PEG-120 Methyl Glucose Trioleate, Glycerin, Silybum Marianum (Milk Thistle) Extract, Tetramethylacetyloctahydroaphthalenes, Coumarin, Citronellol, Linalyl Acetate, Lavandula Oil/Extract, CI 19140 (Yellow No.5), CI 14700 (Red No.4), CI 42090 (Blue No.1);</p> <p>&nbsp;</p> <p>Balsam după ras: Aqua (Water), Cetearyl Alcohol, Glycerin, Dimethicone, Phenoxyethanol, PEG-20 Stearate, Denatured Alcohol, Theobroma Cacao (Cocoa) Seed Butter, Parfum (Fragrance), Carbomer, Aminomethyl Propanol, Menthol, Disodium EDTA, Allantoin, Ethylhexylglycerin, Tocopheryl Acetate (Vitamin E), Aloe Barbadensis (Aloe Vera) Leaf Juice, Silybum Marianum (Milk Thistle) Extract, Citric Acid, Sodium Benzoate, Potassium Sorbate, Tetramethylacetyloctahydroaphthalenes, Coumarin, Citronellol, Linalyl Acetate, Lavandula Oil/Extract, Linalool;</p> <p>&nbsp;</p> <p>Apa de toaletă: Alcohol denatured, Aqua (Water), Parfum (Fragrance), Tetramethylacetyloctahydroaphthalenes, Coumarin, Citronellol, Linalyl Acetate, Lavandula Oil/Extract, Linalool, Citral, Pelargonium Graveolens Flower Oil, Camphor, Limonene, Beta-Caryophyllene, Rose Ketones, Geraniol, Terpineol</p> </td> 
  </tr> 
 </tbody> 
</table>",Nu ţineţi la îndemâna copiilor. Împotriva testării pe animale. Evitaţi contactul cu ochii. În caz de contact clătiți abundent cu apă. Nu este comestibil.,"Informatii privind identificarea producatorului, inclusiv datele de contact ale acestuia. Denumirea companiei: Scottish Fine Soaps Adresa Sediului: North Main Street, Carronshore, Falkirk, FK28HT Adresa email: sales@scottishfinesoaps.com",Scottish Fine Soaps
"Scottish Fine Soaps, Winterwood Set Duo Crema de Maini, 2x30ml","Repară crăpăturile fine cu un set creme mâini iarnă ce acționează ca un scut protector. Combinația de unt de cacao și uleiuri hrănește pielea, lăsând arome calde de măr și lemn condimentat.",7888ab_add02a38626547d4a82e2d6d56a1439d~mv2.png;7888ab_b95c03b103a64e1dbe28e9ba47b5d9f5~mv2.jpg,X-MAS;Săpun;Cremă de mâini;Baie & Corp;Îngrijire Corp;Apple & Spice;Scottish Fine Soaps,5016365101745,69,Masați pe mâinile curate până se absoarbe complet.,"<table> 
 <tbody> 
  <tr> 
   <td> <p>Winterwood Hand Cream: Aqua (Water), Butyrospermum Parkii (Shea) Butter, Prunus Amygdalus Dulcis (Sweet Almond) Oil, Parfum (Fragrance), Cetearyl Alcohol, Olea Europaea (Olive) Fruit Oil, Phenoxyethanol, Aminomethyl Propanol, Glyceryl Stearate, PEG-20 Stearate, Theobroma Cacao (Cocoa) Seed Butter, Ethylhexylglycerin, Carbomer, Acetyl Cedrene, Benzyl Alcohol, Benzyl Cinnamate, Benzyl Salicylate, Coumarin, Eugenol, Hexamethylindanopyran, Isoeugenyl Acetate, Juniperus Virginiana Oil, Linalyl Acetate, Tetramethyl Acetyloctahydronaphthalenes;</p> <p>&nbsp;</p> <p>Apple&amp;Spice: Aqua (Water), Butyrospermum Parkii (Shea) Butter, Prunus Amygdalus Dulcis (Sweet Almond) Oil, Cetearyl Alcohol, Olea Europaea (Olive) Fruit Oil, Phenoxyethanol, Parfum (Fragrance), Theobroma Cacao (Cocoa) Seed Butter, Glyceryl Stearate, PEG-20 Stearate, Carbomer, Aminomethyl Propanol, Ethylhexylglycerin, Benzaldehyde, Cinnamal, Cinnamyl Alcohol, Coumarin, Rose Ketones</p> </td> 
  </tr> 
 </tbody> 
</table>",Nu ţineţi la îndemâna copiilor. Împotriva testării pe animale. Evitaţi contactul cu ochii. În caz de contact clătiți abundent cu apă. Nu este comestibil.,"Informatii privind identificarea producatorului, inclusiv datele de contact ale acestuia. Denumirea companiei: Scottish Fine Soaps Adresa Sediului: North Main Street, Carronshore, Falkirk, FK28HT Adresa email: sales@scottishfinesoaps.com",Scottish Fine Soaps
"Scottish Fine Soaps, Apple & Spice Sapun Solid, 220g","Adu nostalgia iernii la spălare cu un săpun solid măr scorțișoară cu efect fin și hidratant. Infuzia sa cu glicerină netezește pielea, oferind o aromă irezistibilă de mere proaspăt coapte.",7888ab_1d2234177d604e45a52addbba97ba6a3~mv2.png;7888ab_6c1a85e338684e76a66751cd1acda7ee~mv2.jpg,X-MAS;Apple & Spice;Scottish Fine Soaps;Baie & Corp,5016365101738,48,"Faceți spumă pe pielea umedă pentru a curăța delicat pielea, apoi clătiți bine cu apă caldă.","<table> 
 <tbody> 
  <tr> 
   <td>Sodium Palmate, Sodium Palm Kernelate, Aqua (Water), Glycerin, Parfum (Fragrance), Titanium Dioxide, Sodium Chloride, Tetrasodium EDTA, Tetrasodium Etidronate, Sodium Gluconate, Cinnamal</td> 
  </tr> 
 </tbody> 
</table>",Nu ţineţi la îndemâna copiilor. Împotriva testării pe animale. Evitaţi contactul cu ochii. În caz de contact clătiți abundent cu apă. Nu este comestibil.,"Informatii privind identificarea producatorului, inclusiv datele de contact ale acestuia. Denumirea companiei: Scottish Fine Soaps Adresa Sediului: North Main Street, Carronshore, Falkirk, FK28HT Adresa email: sales@scottishfinesoaps.com",Scottish Fine Soaps
"Scottish Fine Soaps, Apple & Spice Crema pentru Maini, 75ml",Păstrează mâinile ferite de ger folosind o cremă de mâini festivă cu unt de shea și unt de cacao. Emulsia hrănește epiderma și aduce note subtile și picante de scorțișoară și cuișoare.,7888ab_b526ce52bdb744d09286e70d03cb0dc9~mv2.png;7888ab_6c1a85e338684e76a66751cd1acda7ee~mv2.jpg,Seturi Cadou;Seturi Baie&Corp;X-MAS;GIFTS;Cremă de mâini;Seturi;Baie & Corp;Îngrijire Corp;Apple & Spice;Scottish Fine Soaps,5016365101721,64,Masați pe mâinile curate până se absoarbe complet,"<table> 
 <tbody> 
  <tr> 
   <td>Aqua (Water), Butyrospermum Parkii (Shea) Butter, Prunus Amygdalus Dulcis (Sweet Almond) Oil, Cetearyl Alcohol, Olea Europaea (Olive) Fruit Oil, Phenoxyethanol, Parfum (Fragrance), Theobroma Cacao (Cocoa) Seed Butter, Glyceryl Stearate, PEG-20 Stearate, Carbomer, Aminomethyl Propanol, Ethylhexylglycerin, Benzaldehyde, Cinnamal, Cinnamyl Alcohol, Coumarin, Rose Ketones</td> 
  </tr> 
 </tbody> 
</table>",Nu ţineţi la îndemâna copiilor. Împotriva testării pe animale. Evitaţi contactul cu ochii. În caz de contact clătiți abundent cu apă. Nu este comestibil.,"Informatii privind identificarea producatorului, inclusiv datele de contact ale acestuia. Denumirea companiei: Scottish Fine Soaps Adresa Sediului: North Main Street, Carronshore, Falkirk, FK28HT Adresa email: sales@scottishfinesoaps.com",Scottish Fine Soaps
"Scottish Fine Soaps, Apple & Spice Set pentru Ingrijire Corp si Maini, 2x300ml",Relaxează-te cu un set îngrijire măr scorțișoară ce învăluie corpul în aroma mărului roșu crocant. Loțiunea și săpunul lichid spală blând și hidratează epiderma cu proprietăți catifelante.,7888ab_34f2020526ec406d9c40f081dc1ec66c~mv2.png;7888ab_6c1a85e338684e76a66751cd1acda7ee~mv2.jpg,Hidratare;X-MAS;Cremă de mâini;Cremă de corp;Baie & Corp;Îngrijire Corp;Apple & Spice;Scottish Fine Soaps,5016365101707,160,"Loțiune pentru mâini și corp: Masați o cantitate mică pe toată pielea până se absoarbe complet pentru a vă lăsa pielea moale, catifelată, parfumată minunat; Gel pentru mâini și corp: Pompați o cantitate mică pe pielea umedă, spumați, apoi clătiți pentru a vă lăsa pielea curată și reîmprospătată.","<table> 
 <tbody> 
  <tr> 
   <td> <p>Gel pentru mâini și corp: Aqua (Water), Sodium Laureth Sulphate, Sodium Chloride, Parfum (Fragrance), Glycol Distearate, Cocamidopropyl Betaine, Cocamide MEA, Sodium Benzoate, Tetrasodium Glutamate Diacetate, Panthenol, Laureth-10, Potassium Sorbate;</p> <p>&nbsp;</p> <p>Loțiune pentru mâini și corp: Aqua (Water), Helianthus Annuus (Sunflower) Seed Oil, Prunus Amygdalus Dulcis (Sweet Almond) Oil, Stearic Acid, Cetearyl Alcohol, Phenoxyethanol, Glyceryl Stearate, Parfum (Fragrance), Glycerin, PEG-20 Stearate, Aminomethyl Propanol, Disodium EDTA, Allantoin, Ethylhexylglycerin, Carbomer, Benzaldehyde, Cinnamal, Cinnamyl Alcohol, Coumarin, Rose Ketones.</p> </td> 
  </tr> 
 </tbody> 
</table>",Nu ţineţi la îndemâna copiilor. Împotriva testării pe animale. Evitaţi contactul cu ochii. În caz de contact clătiți abundent cu apă. Nu este comestibil.,"Informatii privind identificarea producatorului, inclusiv datele de contact ale acestuia. Denumirea companiei: Scottish Fine Soaps Adresa Sediului: North Main Street, Carronshore, Falkirk, FK28HT Adresa email: sales@scottishfinesoaps.com",Scottish Fine Soaps
"Scottish Fine Soaps, Apple & Spice Lotiune pentru Maini si Corp, 300ml","Regenerează-ți pielea zilnic cu o loțiune corp măr îmbogățită cu extract de ulei de migdale dulci. Formula emolientă lasă un parfum reconfortant festiv, asigurând o hidratare superioară.",7888ab_4a595d505226475cb9da1eac9f949a62~mv2.png;7888ab_6c1a85e338684e76a66751cd1acda7ee~mv2.jpg,Săpun de mâini;X-MAS;Gel de duș;Cremă de mâini;Baie & Corp;Îngrijire Corp;Apple & Spice;Scottish Fine Soaps,5016365101691,78,"Masați o cantitate mică pe toată pielea până se absoarbe complet pentru a vă lăsa pielea moale, catifelată, parfumată minunat.","<table> 
 <tbody> 
  <tr> 
   <td>Aqua (Water), Helianthus Annuus (Sunflower) Seed Oil, Prunus Amygdalus Dulcis (Sweet Almond) Oil, Stearic Acid, Cetearyl Alcohol, Phenoxyethanol, Glyceryl Stearate, Parfum (Fragrance), Glycerin, PEG-20 Stearate, Aminomethyl Propanol, Disodium EDTA, Allantoin, Ethylhexylglycerin, Carbomer, Benzaldehyde, Cinnamal, Cinnamyl Alcohol, Coumarin, Rose Ketones.</td> 
  </tr> 
 </tbody> 
</table>",Nu ţineţi la îndemâna copiilor. Împotriva testării pe animale. Evitaţi contactul cu ochii. În caz de contact clătiți abundent cu apă. Nu este comestibil.,"Informatii privind identificarea producatorului, inclusiv datele de contact ale acestuia. Denumirea companiei: Scottish Fine Soaps Adresa Sediului: North Main Street, Carronshore, Falkirk, FK28HT Adresa email: sales@scottishfinesoaps.com",Scottish Fine Soaps
"Scottish Fine Soaps, Apple & Spice Gel de Dus si pentru Maini, 300ml","Curăță-ți corpul blând cu un gel de duș festiv ideal pentru sezonul de iarnă. Protejează pielea împotriva deshidratării, menținând o aromă minunată de mere și condimente calde.",7888ab_abff879223ce40fd9400e02fee81c851~mv2.png;7888ab_6c1a85e338684e76a66751cd1acda7ee~mv2.jpg,Winterwood;X-MAS;Săpun;Baie & Corp;Scottish Fine Soaps,5016365101653,78,"Pompați o cantitate mică pe pielea umedă, spumați, apoi clătiți pentru a vă lăsa pielea curată și reîmprospătată.","<table> 
 <tbody> 
  <tr> 
   <td>Aqua (Water), Sodium Laureth Sulphate, Sodium Chloride, Parfum (Fragrance), Glycol Distearate, Cocamidopropyl Betaine, Cocamide MEA, Sodium Benzoate, Tetrasodium Glutamate Diacetate, Panthenol, Laureth-10, Potassium Sorbate</td> 
  </tr> 
 </tbody> 
</table>",Nu ţineţi la îndemâna copiilor. Împotriva testării pe animale. Evitaţi contactul cu ochii. În caz de contact clătiți abundent cu apă. Nu este comestibil.,"Informatii privind identificarea producatorului, inclusiv datele de contact ale acestuia. Denumirea companiei: Scottish Fine Soaps Adresa Sediului: North Main Street, Carronshore, Falkirk, FK28HT Adresa email: sales@scottishfinesoaps.com",Scottish Fine Soaps
"Scottish Fine Soaps, Winterwood Sapun Solid, 220g",Simte spiritul pădurii cu un săpun solid iarnă extrem de luxos. Notele sezoniere de vanilie și mosc auriu se îmbină perfect cu hidratarea oferită de glicerină pentru o spălare delicată.,7888ab_20683329277e47b3995f5173eeacf590~mv2.png;7888ab_507aa631aa614a7a9d75c0d7a3c97b8d~mv2.jpg,Seturi Cadou;Winterwood;X-MAS;GIFTS;Seturi;Baie & Corp;Scottish Fine Soaps,5016365101646,48,"Faceți spumă pe pielea umedă pentru a curăța delicat pielea, apoi clătiți bine cu apă caldă.","<table> 
 <tbody> 
  <tr> 
   <td>Aqua (Water), Butyrospermum Parkii (Shea) Butter, Prunus Amygdalus Dulcis (Sweet Almond) Oil, Parfum (Fragrance), Cetearyl Alcohol, Olea Europaea (Olive) Fruit Oil, Phenoxyethanol, Aminomethyl Propanol, Glyceryl Stearate, PEG-20 Stearate, Theobroma Cacao (Cocoa) Seed Butter, Ethylhexylglycerin, Carbomer, Acetyl Cedrene, Benzyl Alcohol, Benzyl Cinnamate, Benzyl Salicylate, Coumarin, Eugenol, Hexamethylindanopyran, Isoeugenyl Acetate, Juniperus Virginiana Oil, Linalyl Acetate, Tetramethyl Acetyloctahydronaphthalenes</td> 
  </tr> 
 </tbody> 
</table>",Nu ţineţi la îndemâna copiilor. Împotriva testării pe animale. Evitaţi contactul cu ochii. În caz de contact clătiți abundent cu apă. Nu este comestibil.,"Informatii privind identificarea producatorului, inclusiv datele de contact ale acestuia. Denumirea companiei: Scottish Fine Soaps Adresa Sediului: North Main Street, Carronshore, Falkirk, FK28HT Adresa email: sales@scottishfinesoaps.com",Scottish Fine Soaps
"Scottish Fine Soaps, Winterwood Set Cadou","Surprinde pe cineva iubit cu un set cadou iarnă complet pentru un veritabil răsfăț festiv. Gelul, crema, săpunul și spumantul protejează intens corpul cu parfumuri de brazi și vanilie.",7888ab_8cf79489996f4a7bb5f696f7b32f35c3~mv2.png;7888ab_b95c03b103a64e1dbe28e9ba47b5d9f5~mv2.jpg,Seturi Cadou;Winterwood;X-MAS;GIFTS;Seturi;Baie & Corp;Scottish Fine Soaps,5016365101639,155,"Gel de duș: Aplicați o cantitate generoasă pe pielea umedă, apoi clătiți cu apă caldă, pentru a vă lăsa pielea curată și revigorată; Crema de corp: Masați o cantitate mică pe toată pielea până se absoarbe complet pentru a vă lăsa pielea moale, catifelată, parfumată minunat; Crema de mâini: Masați o cantitate mică pe mâinile curate până se absoarbe complet pentru a vă lăsa pielea moale, catifelată, parfumată minunat; Spumant: Adăugați o cantitate generoasă în cadă, în timp ce curge apa caldă pentru a pentru a te bucura de o experiență de baie luxoasă.","<table> 
 <tbody> 
  <tr> 
   <td> <p>Bath Soak: Aqua (Water), Sodium Laureth Sulphate, Acrylates Copolymer, Parfum (Fragrance), Sodium Chloride, Cocamidopropyl Betaine, Disodium EDTA, Mica, Triethoxycaprylylsilane, Titanium Dioxide, Magnesium Nitrate, Methylchloroisothiazolinone, Magnesium Chloride, Methylisothiazolinone, Benzyl Alcohol, Benzyl Salicylate, Coumarin, Eugenol, Hexamethylindanopyran, Tetramethyl Acetyloctahydronaphthalenes;</p> <p>&nbsp;</p> <p>Hand Cream: Aqua (Water), Butyrospermum Parkii (Shea) Butter, Prunus Amygdalus Dulcis (Sweet Almond) Oil, Parfum (Fragrance), Cetearyl Alcohol, Olea Europaea (Olive) Fruit Oil, Phenoxyethanol, Aminomethyl Propanol, Glyceryl Stearate, PEG-20 Stearate, Theobroma Cacao (Cocoa) Seed Butter, Ethylhexylglycerin, Carbomer, Acetyl Cedrene, Benzyl Alcohol, Benzyl Cinnamate, Benzyl Salicylate, Coumarin, Eugenol, Hexamethylindanopyran, Isoeugenyl Acetate, Juniperus Virginiana Oil, Linalyl Acetate, Tetramethyl Acetyloctahydronaphthalenes;</p> <p>&nbsp;</p> <p>Body Wash: Aqua (Water), Sodium Laureth Sulphate, Sodium Chloride, Parfum (Fragrance), Glycol Distearate, Cocamidopropyl Betaine, Cocamide MEA, Tetrasodium Glutamate Diacetate, Laureth-10, Sodium Benzoate, Potassium Sorbate, Benzyl Alcohol, Benzyl Salicylate, Coumarin, Hexamethylindanopyran, Tetramethyl Acetyloctahydronaphthalenes;</p> <p>&nbsp;</p> <p>Body Butter: Aqua (Water), Helianthus Annuus (Sunflower) Seed Oil, Cetearyl Alcohol, Parfum (Fragrance), Glyceryl Stearate, Glycerin, PEG-20 Stearate, Phenoxyethanol, Theobroma Cacao (Cocoa) Seed Butter, Ethylhexylglycerin, Acetyl Cedrene, Benzyl Alcohol, Benzyl Cinnamate, Benzyl Salicylate, Coumarin, Eugenol, Hexamethylindanopyran, Isoeugenyl Acetate, Juniperus Virginiana Oil, Linalyl Acetate, Tetramethyl Acetyloctahydronaphthalenes</p> </td> 
  </tr> 
 </tbody> 
</table>",Nu ţineţi la îndemâna copiilor. Împotriva testării pe animale. Evitaţi contactul cu ochii. În caz de contact clătiți abundent cu apă. Nu este comestibil.,"Informatii privind identificarea producatorului, inclusiv datele de contact ale acestuia. Denumirea companiei: Scottish Fine Soaps Adresa Sediului: North Main Street, Carronshore, Falkirk, FK28HT Adresa email: sales@scottishfinesoaps.com",Scottish Fine Soaps
"Scottish Fine Soaps, Winterwood Set pentru Ingrijirea Mainilor, 2x300ml",Repară daunele frigului cu un set mâini iarnă bazat pe alantoină și pantenol protector. Loțiunea și gelul hidratează cu un cocktail excepțional de uleiuri pentru o piele de invidiat.,7888ab_a3531178cb9141ff94e680dc73ebb17b~mv2.png;7888ab_507aa631aa614a7a9d75c0d7a3c97b8d~mv2.jpg,Winterwood;X-MAS;Cremă de mâini;Baie & Corp;Îngrijire Corp;Scottish Fine Soaps,5016365101622,160,"Loțiune pentru mâini și corp: Masați o cantitate mică pe toată pielea până se absoarbe complet pentru a vă lăsa pielea moale, catifelată, parfumată minunat; Gel pentru mâini și corp: Pompați o cantitate mică pe pielea umedă, spumați, apoi clătiți pentru a vă lăsa pielea curată și reîmprospătată.","<table> 
 <tbody> 
  <tr> 
   <td>Gel pentru mâini și corp: Aqua (Water), Sodium Laureth Sulphate, Sodium Chloride, Parfum (Fragrance), Glycol Distearate, Cocamidopropyl Betaine, Cocamide MEA, Tetrasodium Glutamate Diacetate, Panthenol, Laureth-10, Sodium Benzoate, Potassium Sorbate, Hexamethylindanopyran, Tetramethyl Acetyloctahydronaphthalenes, Benzyl Salicylate, Benzyl Alcohol, Coumarin. Loțiune pentru mâini și corp: Aqua (Water), Helianthus Annuus (Sunflower) Seed Oil, Prunus Amygdalus Dulcis (Sweet Almond) Oil, Parfum (Fragrance), Stearic Acid, Cetearyl Alcohol, Phenoxyethanol, Glyceryl Stearate, Glycerin, PEG-20 Stearate, Aminomethyl Propanol, Disodium EDTA, Allantoin, Ethylhexylglycerin, Carbomer, Acetyl Cedrene, Benzyl Alcohol, Benzyl Cinnamate, Benzyl Salicylate, Coumarin, Eugenol, Hexamethylindanopyran, Isoeugenyl Acetate, Juniperus Virginiana Oil, Linalyl Acetate, Tetramethyl Acetyloctahydronaphthalenes</td> 
  </tr> 
 </tbody> 
</table>",Nu ţineţi la îndemâna copiilor. Împotriva testării pe animale. Evitaţi contactul cu ochii. În caz de contact clătiți abundent cu apă. Nu este comestibil.,"Informatii privind identificarea producatorului, inclusiv datele de contact ale acestuia. Denumirea companiei: Scottish Fine Soaps Adresa Sediului: North Main Street, Carronshore, Falkirk, FK28HT Adresa email: sales@scottishfinesoaps.com",Scottish Fine Soaps
"Scottish Fine Soaps, Winterwood Crema pentru Maini, 75ml","Îmbracă pielea crăpată cu o cremă de mâini protectoare cu ingrediente naturale ultra-hidratante. Mirosul proaspăt de brad nins te calmează, lăsând mâinile hrănite cu unt de cacao și shea.",7888ab_441710501049416db374337e247087bd~mv2.png;7888ab_507aa631aa614a7a9d75c0d7a3c97b8d~mv2.jpg,Winterwood;X-MAS;Spumant;Cremă de mâini;Baie & Corp;Scottish Fine Soaps,5016365101615,64,Masați pe mâinile curate până se absoarbe complet.,"<table> 
 <tbody> 
  <tr> 
   <td>Aqua (Water), Butyrospermum Parkii (Shea) Butter, Prunus Amygdalus Dulcis (Sweet Almond) Oil, Parfum (Fragrance), Cetearyl Alcohol, Olea Europaea (Olive) Fruit Oil, Phenoxyethanol, Aminomethyl Propanol, Glyceryl Stearate, PEG-20 Stearate, Theobroma Cacao (Cocoa) Seed Butter, Ethylhexylglycerin, Carbomer, Acetyl Cedrene, Benzyl Alcohol, Benzyl Cinnamate, Benzyl Salicylate, Coumarin, Eugenol, Hexamethylindanopyran, Isoeugenyl Acetate, Juniperus Virginiana Oil, Linalyl Acetate, Tetramethyl Acetyloctahydronaphthalenes</td> 
  </tr> 
 </tbody> 
</table>",Nu ţineţi la îndemâna copiilor. Împotriva testării pe animale. Evitaţi contactul cu ochii. În caz de contact clătiți abundent cu apă. Nu este comestibil.,"Informatii privind identificarea producatorului, inclusiv datele de contact ale acestuia. Denumirea companiei: Scottish Fine Soaps Adresa Sediului: North Main Street, Carronshore, Falkirk, FK28HT Adresa email: sales@scottishfinesoaps.com",Scottish Fine Soaps
"Scottish Fine Soaps, Winterwood Spumant, 300ml",Îmbunătățește atmosfera serii cu un spumant de baie iarnă infuzat cu particule sclipitoare. O baie spumoasă care curăță pielea cu blândețe și o parfumează cu mosc auriu rafinat.,7888ab_6094fa5065344e938cf8d1b68d23e325~mv2.png;7888ab_507aa631aa614a7a9d75c0d7a3c97b8d~mv2.jpg,Winterwood;Hidratare;X-MAS;Cremă de corp;Baie & Corp;Scottish Fine Soaps,5016365101592,78,"Adăugați o cantitate generoasă în cadă, în timp ce curge apa caldă pentru a pentru a te bucura de o experiență de baie luxoasă.","<table> 
 <tbody> 
  <tr> 
   <td>Aqua (Water), Sodium Laureth Sulphate, Acrylates Copolymer, Parfum (Fragrance), Sodium Chloride, Cocamidopropyl Betaine, Disodium EDTA, Mica, Triethoxycaprylylsilane, Titanium Dioxide, Magnesium Nitrate, Methylchloroisothiazolinone, Magnesium Chloride, Methylisothiazolinone, Benzyl Alcohol, Benzyl Salicylate, Coumarin, Eugenol, Hexamethylindanopyran, Tetramethyl Acetyloctahydronaphthalenes</td> 
  </tr> 
 </tbody> 
</table>",Nu ţineţi la îndemâna copiilor. Împotriva testării pe animale. Evitaţi contactul cu ochii. În caz de contact clătiți abundent cu apă. Nu este comestibil.,"Informatii privind identificarea producatorului, inclusiv datele de contact ale acestuia. Denumirea companiei: Scottish Fine Soaps Adresa Sediului: North Main Street, Carronshore, Falkirk, FK28HT Adresa email: sales@scottishfinesoaps.com",Scottish Fine Soaps
"Scottish Fine Soaps, Winterwood Lotiune pentru Maini si Corp, 300ml","Întărește bariera naturală folosind o loțiune corp protectoare cu extract de ulei de floarea soarelui. Calmează și hidratează, evocând prin parfum eleganța pădurilor acoperite de zăpadă.",7888ab_9c8a521579a645eba1f338ba730c6d67~mv2.png;7888ab_d20b52fdfd1d40c48d5b0f542fb88238~mv2.jpg,Winterwood;Săpun de mâini;X-MAS;Cremă de mâini;Baie & Corp;Îngrijire Corp;Scottish Fine Soaps,5016365101585,78,"Masați o cantitate mică pe toată pielea până se absoarbe complet pentru a vă lăsa pielea moale, catifelată, parfumată minunat.","<table> 
 <tbody> 
  <tr> 
   <td>Aqua (Water), Helianthus Annuus (Sunflower) Seed Oil, Prunus Amygdalus Dulcis (Sweet Almond) Oil, Parfum (Fragrance), Stearic Acid, Cetearyl Alcohol, Phenoxyethanol, Glyceryl Stearate, Glycerin, PEG-20 Stearate, Aminomethyl Propanol, Disodium EDTA, Allantoin, Ethylhexylglycerin, Carbomer, Acetyl Cedrene, Benzyl Alcohol, Benzyl Cinnamate, Benzyl Salicylate, Coumarin, Eugenol, Hexamethylindanopyran, Isoeugenyl Acetate, Juniperus Virginiana Oil, Linalyl Acetate, Tetramethyl Acetyloctahydronaphthalenes</td> 
  </tr> 
 </tbody> 
</table>",Nu ţineţi la îndemâna copiilor. Împotriva testării pe animale. Evitaţi contactul cu ochii. În caz de contact clătiți abundent cu apă. Nu este comestibil.,"Informatii privind identificarea producatorului, inclusiv datele de contact ale acestuia. Denumirea companiei: Scottish Fine Soaps Adresa Sediului: North Main Street, Carronshore, Falkirk, FK28HT Adresa email: sales@scottishfinesoaps.com",Scottish Fine Soaps
"Scottish Fine Soaps, Winterwood Sapun pentru Maini si Corp, 300ml",Obține o curățare sigură cu un săpun lichid iarnă cu gel catifelant pentru pielea aspră. Mirosul de brad proaspăt și notele de vanilie zaharisită asigură o îngrijire relaxantă a epidermei.,7888ab_1de48dd123384a05baa7a6172a6bd592~mv2.png;7888ab_507aa631aa614a7a9d75c0d7a3c97b8d~mv2.jpg,Seturi Cadou;X-MAS;Winter Wishes;GIFTS;Seturi;Baie & Corp;Scottish Fine Soaps,5016365101578,78,"Pompați o cantitate mică pe pielea umedă, spumați, apoi clătiți pentru a vă lăsa pielea curată și reîmprospătată.","<table> 
 <tbody> 
  <tr> 
   <td>Aqua (Water), Sodium Laureth Sulphate, Sodium Chloride, Parfum (Fragrance), Glycol Distearate, Cocamidopropyl Betaine, Cocamide MEA, Tetrasodium Glutamate Diacetate, Panthenol, Laureth-10, Sodium Benzoate, Potassium Sorbate, Hexamethylindanopyran, Tetramethyl Acetyloctahydronaphthalenes, Benzyl Salicylate, Benzyl Alcohol, Coumarin.</td> 
  </tr> 
 </tbody> 
</table>",Nu ţineţi la îndemâna copiilor. Împotriva testării pe animale. Evitaţi contactul cu ochii. În caz de contact clătiți abundent cu apă. Nu este comestibil.,"Informatii privind identificarea producatorului, inclusiv datele de contact ale acestuia. Denumirea companiei: Scottish Fine Soaps Adresa Sediului: North Main Street, Carronshore, Falkirk, FK28HT Adresa email: sales@scottishfinesoaps.com",Scottish Fine Soaps
"Scottish Fine Soaps, Winter Wishes Set Duo, 1x75ml + 1x30ml","Combate efectele gerului cu un set cadou duo iarnă ce livrează îngrijire pură pentru piele. Cele două unturi pe bază de cacao cremos hrănesc, previn deshidratarea și protejează corpul.",bb49d0_c04709b6f09b4669960118ec03e99697~mv2.png,Seturi Cadou;X-MAS;Winter Wishes;GIFTS;Seturi;Baie & Corp;Scottish Fine Soaps,5016365005876,75,"Unt de corp: Masați o cantitate mică de acest unt de corp cremos pe toată pielea până când este complet absorbit, lăsând-o moale, netedă și mirosind minunat. Cremă de mâini: Neteziți pe mâini până când este complet absorbit.","<p>Cremă de mâini: Aqua (Water / Apă), Dimethicone, Cetearyl Alcohol (Alcool cetearyl), Theobroma Cacao (Cocoa) Seed Butter (Unt de semințe de cacao), Phenoxyethanol, Parfum (Fragrance / Parfum), Glyceryl Stearate, PEG-20 Stearate, Carbomer, Aminomethyl Propanol, Ethylhexylglycerin, Benzyl Benzoate, Coumarin (Cumarina), Eugenol, Hexyl Cinnamal, Linalool, Cinnamal, Limonene, Citral.</p> 
<p>Unt de corp:Aqua (Water / Apă), Paraffinum Liquidum (Ulei mineral), Glycerin (Glicerină), Cetearyl Alcohol (Alcool cetearyl), Glyceryl Stearate, PEG-20 Stearate, Phenoxyethanol, Parfum (Fragrance / Parfum), Theobroma Cacao (Cocoa) Seed Butter (Unt de semințe de cacao), Ethylhexylglycerin, Benzyl Benzoate, Coumarin (Cumarina), Eugenol, Hexyl Cinnamal, Linalool, Limonene, Cinnamal, Citral.</p>",Nu ţineţi la îndemâna copiilor. Împotriva testării pe animale. Evitaţi contactul cu ochii. În caz de contact clătiți abundent cu apă. Nu este comestibil.,"Informatii privind identificarea producatorului, inclusiv datele de contact ale acestuia. Denumirea companiei: Scottish Fine Soaps Adresa Sediului: North Main Street, Carronshore, Falkirk, FK28HT Adresa email: sales@scottishfinesoaps.com",Scottish Fine Soaps
"Scottish Fine Soaps, Winter Wishes Set Cadou","Oferă magie sezonieră cu un set cadou sărbători cu parfum condimentat și note de fructe. Fiecare produs inclus aduce un beneficiu de hidratare intensă pentru corp, mâini și unghii.",bb49d0_67183794b94142deb49ea78b47d700db~mv2.png,X-MAS;Winter Wishes;Cremă de mâini;Baie & Corp;Îngrijire Corp;Scottish Fine Soaps,5016365005869,120,"Gel de duș: Spumați generos pe pielea umedă, apoi clătiți cu apă caldă, pentru a lăsa pielea curată și revigorată. Unt de corp: Masați o cantitate mică de acest unt de corp cremos pe toată pielea până când este complet absorbit, lăsând-o moale, netedă și mirosind minunat. Cremă de mâini: Neteziți pe mâini până când este complet absorbit. Săpun: Spumați cu apă caldă pe pielea umedă, apoi clătiți. Acest săpun de lux este ideal pentru utilizare frecventă, pentru mâini și corp.","<p>Cremă de mâini Aqua (Water / Apă), Dimethicone, Cetearyl Alcohol (Alcool cetearyl), Theobroma Cacao (Cocoa) Seed Butter (Unt de semințe de cacao), Phenoxyethanol, Parfum (Fragrance / Parfum), Glyceryl Stearate, PEG-20 Stearate, Carbomer, Aminomethyl Propanol, Ethylhexylglycerin, Benzyl Benzoate, Coumarin (Cumarina), Eugenol, Hexyl Cinnamal, Linalool, Cinnamal, Limonene, Citral.</p> 
<p><br> Unt de corp:Aqua (Water / Apă), Paraffinum Liquidum (Ulei mineral), Glycerin (Glicerină), Cetearyl Alcohol (Alcool cetearyl), Glyceryl Stearate, PEG-20 Stearate, Phenoxyethanol, Parfum (Fragrance / Parfum), Theobroma Cacao (Cocoa) Seed Butter (Unt de semințe de cacao), Ethylhexylglycerin, Benzyl Benzoate, Coumarin (Cumarina), Eugenol, Hexyl Cinnamal, Linalool, Limonene, Cinnamal, Citral.</p> 
<p><br> Gel de duș:Aqua (Water / Apă), Sodium Laureth Sulfate, Sodium Chloride (Clorură de sodiu), Parfum (Fragrance / Parfum), Glycol Ceterate, Cocamidopropyl Betaine, Citric Acid (Acid citric), Disodium EDTA, Propylene Glycol, PEG-120 Methyl Glucose Trioleate, Magnesium Nitrate (Nitrat de magneziu), Methylchloroisothiazolinone, Magnesium Chloride (Clorură de magneziu), Methylisothiazolinone, Benzyl Benzoate, Coumarin (Cumarina), Eugenol, Hexyl Cinnamal, Linalool.</p> 
<p><br> Săpun:&nbsp;Sodium Palmate, Sodium Palm Kernelate, Aqua (Water / Apă), Glycerin (Glicerină), Parfum (Fragrance / Parfum), Titanium Dioxide (Dioxid de titan), Sodium Chloride (Clorură de sodiu), Tetrasodium EDTA, Sodium Gluconate (Gluconat de sodiu), Tetrasodium Etidronate, Benzyl Benzoate, Coumarin (Cumarina), Eugenol, Hexyl Cinnamal, Linalool.</p>",Nu ţineţi la îndemâna copiilor. Împotriva testării pe animale. Evitaţi contactul cu ochii. În caz de contact clătiți abundent cu apă. Nu este comestibil.,"Informatii privind identificarea producatorului, inclusiv datele de contact ale acestuia. Denumirea companiei: Scottish Fine Soaps Adresa Sediului: North Main Street, Carronshore, Falkirk, FK28HT Adresa email: sales@scottishfinesoaps.com",Scottish Fine Soaps
"Scottish Fine Soaps, Winter Wishes Crema de Maini, 300ml","Hrănește-ți mâinile uscate cu o cremă de mâini iarnă bogată în ingrediente liniștitoare. Formula restabilește hidratarea naturală a pielii tale și oferă o senzație sezonieră, caldă și plăcută.",bb49d0_bf20c82a874247f98bfeeefbd15b33c6~mv2.png,Săpun de mâini;X-MAS;Winter Wishes;Cremă de mâini;Baie & Corp;Îngrijire Corp;Scottish Fine Soaps,5016365005838,65,"Masați o cantitate mică de acest hidratant bogat în piele până când este complet absorbit, pentru a lăsa mâinile să se simtă reînnoite și hrănite.","<p>Aqua (Water / Apă), Prunus Amygdalus Dulcis Oil (Ulei de migdale dulci), Glycerin (Glicerină), Paraffinum Liquidum (Mineral Oil / Ulei mineral), Cetearyl Alcohol (Alcool cetearyl), Stearic Acid (Acid stearic), Phenoxyethanol, Parfum (Fragrance / Parfum), Glyceryl Stearate, PEG-20 Stearate, Aminomethyl Propanol, Disodium EDTA, Ethylhexylglycerin, Carbomer, Benzyl Benzoate, Eugenol, Hexyl Cinnamal, Coumarin (Cumarina), Linalool, Limonene, Cinnamal, Citral.</p>",Nu ţineţi la îndemâna copiilor. Împotriva testării pe animale. Evitaţi contactul cu ochii. În caz de contact clătiți abundent cu apă. Nu este comestibil.,"Informatii privind identificarea producatorului, inclusiv datele de contact ale acestuia. Denumirea companiei: Scottish Fine Soaps Adresa Sediului: North Main Street, Carronshore, Falkirk, FK28HT Adresa email: sales@scottishfinesoaps.com",Scottish Fine Soaps
"Scottish Fine Soaps, Winter Wishes Sapun Lichid, 300ml","Curăță-ți mâinile eficient cu un săpun lichid sărbători cu un parfum incredibil de festiv. Spală delicat pielea, lăsând-o calmată, extrem de hidratată și frumos parfumată tot anul.",bb49d0_bf20c82a874247f98bfeeefbd15b33c6~mv2.png,Spiced Apple;Seturi Cadou;X-MAS;GIFTS;Seturi;Baie & Corp;Scottish Fine Soaps,5016365005821,65,"Pompați o cantitate mică pe mâinile umede. Faceți spumă, apoi clătiți pentru a lăsa mâinile curate și reîmprospătate.","<p>Aqua (Water / Apă), Sodium Laureth Sulfate, Sodium Chloride (Clorură de sodiu), Parfum (Fragrance / Parfum), Glycol Ceterate, Cocamidopropyl Betaine, Citric Acid (Acid citric), Disodium EDTA, Propylene Glycol, PEG-120 Methyl Glucose Trioleate, Magnesium Nitrate (Nitrat de magneziu), Methylchloroisothiazolinone, Magnesium Chloride (Clorură de magneziu), Methylisothiazolinone, Benzyl Benzoate, Coumarin (Cumarina), Eugenol, Hexyl Cinnamal, Linalool.</p>",Nu ţineţi la îndemâna copiilor. Împotriva testării pe animale. Evitaţi contactul cu ochii. În caz de contact clătiți abundent cu apă. Nu este comestibil.,"Informatii privind identificarea producatorului, inclusiv datele de contact ale acestuia. Denumirea companiei: Scottish Fine Soaps Adresa Sediului: North Main Street, Carronshore, Falkirk, FK28HT Adresa email: sales@scottishfinesoaps.com",Scottish Fine Soaps
"Scottish Fine Soaps, Spiced Apple Set Duo, 1x75ml + 1x30ml","Protejează epiderma delicată a mâinilor cu un set cadou măr condimentat intens hidratant. Îmbogățite cu unt de cacao cremos, loțiunile regenerează pielea uscată în lunile foarte reci.",bb49d0_7dcf725aeb0b466f9808b8346fffbf97~mv2.png,Spiced Apple;Seturi Cadou;X-MAS;GIFTS;Seturi;Baie & Corp;Scottish Fine Soaps,5016365005791,75,"Unt de corp: Masați o cantitate mică de acest unt de corp cremos pe toată pielea până când este complet absorbit, lăsând-o moale, netedă și mirosind minunat. Cremă de mâini: Neteziți pe mâini până când este complet absorbit.","<p>Cremă de mâini: Aqua (Water / Apă), Dimethicone, Cetearyl Alcohol (Alcool cetearyl), Phenoxyethanol, Theobroma Cacoa (Cocoa) Seed Butter (Unt de semințe de cacao), Glyceryl Stearate, Parfum (Fragrance / Parfum), PEG-20 Stearate, Aminomethyl Propanol, Carbomer, Ethylhexylglycerin, Cinnamal, Cinnamyl Alcohol (Alcool cinamilic), Coumarin (Cumarina)</p> 
<p>Unt de corp:Aqua (Water / Apă), Paraffinum Liquidum (Ulei mineral), Glycerin (Glicerină), Cetearyl Alcohol (Alcool cetearyl), Glyceryl Stearate, PEG-20 Stearate, Phenoxyethanol, Parfum (Fragrance / Parfum), Theobroma Cacao (Cocoa) Seed Butter (Unt de semințe de cacao), Ethylhexylglycerin, Cinnamal, Cinnamyl Alcohol (Alcool cinamilic), Coumarin (Cumarina)</p>",Nu ţineţi la îndemâna copiilor. Împotriva testării pe animale. Evitaţi contactul cu ochii. În caz de contact clătiți abundent cu apă. Nu este comestibil.,"Informatii privind identificarea producatorului, inclusiv datele de contact ale acestuia. Denumirea companiei: Scottish Fine Soaps Adresa Sediului: North Main Street, Carronshore, Falkirk, FK28HT Adresa email: sales@scottishfinesoaps.com",Scottish Fine Soaps
"Dirty Works, Mistletoe Mischief Set Cadou","Transformă relaxarea din cadă cu un set cadou amuzant baie cu sare hidratantă clasică. Oferă momente strălucitoare de aromaterapie acasă, incluzând un balsam hrănitor de buze cu cocos.",bb49d0_26fe0fc7998b4d12861ff763de7a8714~mv2.jpg;bb49d0_3d9b694ba9f04aaf849a5aa441d90ff5~mv2.jpg,Seturi Cadou;Seturi Baie&Corp;GIFTS;Seturi WOMEN;Seturi;Baie & Corp;Dirty Works,5060929656004,56,Pune o Bilă de Baie Efervescentă într-o baie caldă. Toarnă un pumn de Săruri de Baie în apa care curge. Amestecă până se dizolvă. Aplică un strat subțire de Balsam de Buze pentru a proteja și hidrata buzele.,"<p><br> COPA-CA BALM-A BALSAM DE BUZE CU COCOS: Petrolatum, Ulei Mineral (Paraffinum Liquidum, Huile Minérale), Poliizobuten, Etilhexanoat de Cetearil, Unt de Butyrospermum Parkii (Shea), Ceară de Albine (Cera Alba, Cire d’Abeille), Ceară de Albine Sintetică, Acetat de Tocoferil, Mica, Alcool Benzilic, Parfum (Fragrance), Tocoferol, Benzoat de Benzil, Dioxid de Titan (CI 77891). SIGNATURE BATH FIZZER: Bicarbonat de Sodiu, Acid Citric, Tripolifosfat de Pentasodiu, Sulfat de Sodiu, Parfum (Fragrance), Gumă de Celuloză, Talc, PEG-400, Palmitat de Izopropil, Salicilat de Benzil, Limonen, Red 28 Lake (CI 45410), Yellow 5 (CI 19140). SARE DE BAIE CLASICĂ HIDRATANTĂ: Clorură de Sodiu, Parfum (Fragrance), Apă (Aqua, Eau), Glicerină, Salicilat de Benzil, Limonen.</p>",Nu ţineţi la îndemâna copiilor. Împotriva testării pe animale. Evitaţi contactul cu ochii. În caz de contact clătiți abundent cu apă. Nu este comestibil.,"Informatii privind identificarea producatorului, inclusiv datele de contact ale acestuia. Denumirea companiei: Brand Architekts Adresa Sediului: N8 Waldegrave Road, Teddington, London, TW11 8GT, UK Adresa email: info@brandarchitekts.com",Dirty Works
"Dirty Works, Tin-tillating Treasures Set Ingrijire Corp","Curăță, exfoliază și hidratează pielea obosită cu un set îngrijire corp complet. Produsele spumante și scrub-ul asigură o revigorare perfectă a epidermei într-o singură colecție bogată.",bb49d0_9f5899204cb9464b8463c34959996028~mv2.png;bb49d0_b884a9655934471184701f89d9bb0956~mv2.png,Seturi Cadou;Seturi Baie&Corp;Gel de duș;GIFTS;Seturi WOMEN;Seturi;Baie & Corp;Dirty Works,5060929656264,108,"Toarnă Spumantul de Baie în apa caldă care curge, intră și relaxează-te! Masează Gelul de Duș cremos pe piele. Pentru zonele uscate, aplică Scrubul de Corp, apoi clătește. Usucă pielea prin tamponare înainte de a aplica Untul de Corp din cap până-n picioare.","<p>CRÈME DE LA CRÈME GEL DE DUȘ: Apă (Aqua, Eau), Lauril Eter Sulfat de Sodiu, Cocamidopropil Betaină, Clorură de Sodiu, Parfum (Fragrance), Fenoxietanol, Glicerină, Copolimer de Stiren/Acrilați, Ulei din Semințe de Macadamia Ternifolia, Disodium EDTA, PEG-150 Distearat, Salicilat de Benzil, Extract de Semințe de Coffea Arabica (Cafea), Benzofenonă-4, Acid Citric, Limonen, Extract de Cymbopogon Schoenanthus, Extract de Frunză de Aloe Barbadensis, Ulei de Sâmbure de Argania Spinosa. THE BIG SOFTIE UNT DE CORP: Apă (Aqua, Eau), Miristat de Izopropil, Stearat de Gliceril, Alcool Cetearilic, Glicerină, Ulei de Fruct de Olea Europaea (Măsline), Unt de Butyrospermum Parkii (Shea), Parfum (Fragrance), Unt din Semințe de Theobroma Cacao (Cacao), Fenoxietanol, Poliacrilat de Sodiu, Ulei de Prunus Amygdalus Dulcis (Migdale Dulci), Ulei de Cocos Nucifera (Cocos), Gumă Xantan, Pentenilen Glicol, Ulei de Sâmbure de Argania Spinosa, Disodium EDTA, Caprilil Glicol, Decilen Glicol, Acetat de Tocoferil, Salicilat de Benzil, Alcool Cinnamic, Geraniol, Cinnamal Hexilic, Hidroxicitronelal, Limonen, Linalool, Ionon Alfa-Izometilic. BUBBLE TROUBLE SPUMANT DE BAIE: Apă (Aqua, Eau), Lauril Eter Sulfat de Sodiu, Clorură de Sodiu, Cocamidopropil Betaină, Parfum (Fragrance), Fenoxietanol, Glicerină, Copolimer de Stiren/Acrilați, Disodium EDTA, PEG-150 Distearat, Salicilat de Benzil, Extract de Semințe de Coffea Arabica (Cafea), Benzofenonă-4, Acid Citric, Limonen, Extract de Cymbopogon Schoenanthus, Extract de Chrysanthellum Indicum, Unt de Butyrospermum Parkii (Shea), Ulei de Lavandula Angustifolia (Lavandă), Ulei de Frunze de Rosmarinus Officinalis (Rozmarin). LOVELY SCRUBBLY EXFOLIANT DE CORP: Apă (Aqua, Eau), Lauril Eter Sulfat de Sodiu, Pulbere din Coajă de Carya Illinoinensis (Nuc Pecan), Cocamidopropil Betaină, Clorură de Sodiu, Parfum (Fragrance), Acrilați/C10-30 Alchil Acrilat Crosspolymer, Fenoxietanol, Ulei de Prunus Amygdalus Dulcis (Migdale Dulci), Glicerină, Trietanolamină, Copolimer de Stiren/Acrilați, Disodium EDTA, Unt de Butyrospermum Parkii (Shea), Extract de Semințe de Coffea Arabica (Cafea), Benzofenonă-4, Acetat de Tocoferil, Extract de Cymbopogon Schoenanthus, Salicilat de Benzil, Limonen, Citral.</p>",Nu ţineţi la îndemâna copiilor. Împotriva testării pe animale. Evitaţi contactul cu ochii. În caz de contact clătiți abundent cu apă. Nu este comestibil.,"Informatii privind identificarea producatorului, inclusiv datele de contact ale acestuia. Denumirea companiei: Brand Architekts Adresa Sediului: N8 Waldegrave Road, Teddington, London, TW11 8GT, UK Adresa email: info@brandarchitekts.com",Dirty Works
"Dirty Works, A Girl's Best Friend Set Trio",Adaugă strălucire apei de baie cu un set cadou trio cosmetice infuzat cu parfum de coral. Bilele de baie parfumate vor reîmprospăta pielea și vor asigura o experiență de relaxare superioară.,bb49d0_7344fbed0ca449c78bb722ac17e73498~mv2.jpg;bb49d0_956c7b51e7a3460ea18230f81dd4175f~mv2.jpg,Seturi Cadou;Seturi Baie&Corp;GIFTS;Seturi WOMEN;Seturi;Baie & Corp;Dirty Works,5060929656301,63,"Toarnă Spumantul de Baie în apa caldă care curge, intră și relaxează-te! Masează Gelul de Duș cremos pe piele. Pentru zonele uscate, aplică Scrubul de Corp, apoi clătește. Usucă pielea prin tamponare înainte de a aplica Untul de Corp din cap până-n picioare.","<p>SIGNATURE CORAL FIZZER: Bicarbonat de Sodiu, Acid Citric, Tripolifosfat de Pentasodiu, Sulfat de Sodiu, Parfum (Fragrance), Gumă de Celuloză, Talc, PEG-400, Palmitat de Izopropil, Salicilat de Benzil, Limonen, Red 28 Lake (CI 45410), Yellow 5 (CI 19140). SIGNATURE TEAL FIZZER: Bicarbonat de Sodiu, Acid Citric, Tripolifosfat de Pentasodiu, Sulfat de Sodiu, Parfum (Fragrance), Gumă de Celuloză, Talc, PEG-400, Palmitat de Izopropil, Salicilat de Benzil, Limonen, Blue 1 (CI 42090), Yellow 5 (CI 19140). SIGNATURE CORAL SHIMMER FIZZER: Bicarbonat de Sodiu, Acid Citric, Tripolifosfat de Pentasodiu, Sulfat de Sodiu, Parfum (Fragrance), Gumă de Celuloză, Talc, PEG-400, Palmitat de Izopropil, Mica, Salicilat de Benzil, Limonen, CI 19140 (Yellow 5), CI 77891 (Dioxid de Titan), CI 14700.</p>",Nu ţineţi la îndemâna copiilor. Împotriva testării pe animale. Evitaţi contactul cu ochii. În caz de contact clătiți abundent cu apă. Nu este comestibil.,"Informatii privind identificarea producatorului, inclusiv datele de contact ale acestuia. Denumirea companiei: Brand Architekts Adresa Sediului: N8 Waldegrave Road, Teddington, London, TW11 8GT, UK Adresa email: info@brandarchitekts.com",Dirty Works
Dirty Works Prepare to Shine Set Cadou Ingrijire Corp,"Scoate în evidență strălucirea ta cu un set pregătire piele conceput pentru hidratare. Gelul de duș, untul de corp și exfoliantul regenerează stratul exterior al tenului pentru o finețe reală.",bb49d0_de38965678b44e83b40e1af4415cde50~mv2.jpg;bb49d0_4ed10ac0f3b0404b8c0d7c41861ef880~mv2.jpg,Seturi Cadou;Seturi Baie&Corp;Gel de duș;GIFTS;Seturi WOMEN;Seturi;Baie & Corp;Dirty Works,5060929656189,83,"Masează Gelul de Duș cremos pe piele. Pentru zonele uscate, aplică Scrubul de Corp, apoi clătește. Usucă pielea prin tamponare înainte de a aplica Untul de Corp din cap până-n picioare.","<p>CRÈME DE LA CRÈME GEL DE DUȘ: Apă (Aqua, Eau), Lauril Eter Sulfat de Sodiu, Cocamidopropil Betaină, Clorură de Sodiu, Parfum (Fragrance), Fenoxietanol, Glicerină, Copolimer de Stiren/Acrilați, Ulei din Semințe de Macadamia Ternifolia, Disodium EDTA, PEG-150 Distearat, Salicilat de Benzil, Extract de Semințe de Coffea Arabica (Cafea), Benzofenonă-4, Acid Citric, Limonen, Extract de Cymbopogon Schoenanthus, Extract de Frunză de Aloe Barbadensis, Ulei de Sâmbure de Argania Spinosa. LOVELY SCRUBBLY EXFOLIANT DE CORP: Apă (Aqua, Eau), Lauril Eter Sulfat de Sodiu, Pulbere din Coajă de Carya Illinoinensis (Nuc Pecan), Cocamidopropil Betaină, Clorură de Sodiu, Parfum (Fragrance), Acrilați/C10-30 Alchil Acrilat Crosspolymer, Fenoxietanol, Ulei de Prunus Amygdalus Dulcis (Migdale Dulci), Glicerină, Trietanolamină, Copolimer de Stiren/Acrilați, Disodium EDTA, Unt de Butyrospermum Parkii (Shea), Extract de Semințe de Coffea Arabica (Cafea), Benzofenonă-4, Acetat de Tocoferil, Extract de Cymbopogon Schoenanthus, Salicilat de Benzil, Limonen, Citral. THE BIG SOFTIE UNT DE CORP: Apă (Aqua, Eau), Miristat de Izopropil, Stearat de Gliceril, Alcool Cetearilic, Glicerină, Ulei de Fruct de Olea Europaea (Măsline), Unt de Butyrospermum Parkii (Shea), Parfum (Fragrance), Unt din Semințe de Theobroma Cacao (Cacao), Fenoxietanol, Poliacrilat de Sodiu, Ulei de Prunus Amygdalus Dulcis (Migdale Dulci), Ulei de Cocos Nucifera (Cocos), Gumă Xantan, Pentenilen Glicol, Ulei de Sâmbure de Argania Spinosa, Disodium EDTA, Caprilil Glicol, Decilen Glicol, Acetat de Tocoferil, Salicilat de Benzil, Alcool Cinnamic, Geraniol, Cinnamal Hexilic, Hidroxicitronelal, Limonen, Linalool, Ionon Alfa-Izometilic.</p>",Nu ţineţi la îndemâna copiilor. Împotriva testării pe animale. Evitaţi contactul cu ochii. În caz de contact clătiți abundent cu apă. Nu este comestibil.,"Informatii privind identificarea producatorului, inclusiv datele de contact ale acestuia. Denumirea companiei: Brand Architekts Adresa Sediului: N8 Waldegrave Road, Teddington, London, TW11 8GT, UK Adresa email: info@brandarchitekts.com",Dirty Works
Dirty Works Body Buffet Set Cadou,"Organizează propria experiență de spa cu un set cadou baie complet perfect pentru auto-îngrijire. Curăță profund, exfoliază impuritățile și hidratează toată pielea pentru o stare de bine maximă.",bb49d0_2b0e8565e7c14731bf450b11631ee5ec~mv2.jpg;bb49d0_12719a87760d40eb95c1d3e86e140638~mv2.jpg,Seturi Cadou;Seturi Baie&Corp;GIFTS;Seturi WOMEN;Seturi;Baie & Corp;Dirty Works,5060929656042,94,"Toarnă Spumantul de Baie în apa caldă care curge, intră și relaxează-te! Masează Gelul de Duș cremos pe piele. Pentru zonele uscate, aplică Scrubul de Corp, apoi clătește. Usucă pielea prin tamponare înainte de a aplica Untul de Corp din cap până-n picioare. Masează o cantitate mică de Cremă de Mâini după nevoie.","<p>BUBBLE TROUBLE SPUMANT DE BAIE: Apă (Aqua, Eau), Lauril Eter Sulfat de Sodiu, Clorură de Sodiu, Cocamidopropil Betaină, Parfum (Fragrance), Fenoxietanol, Glicerină, Copolimer de Stiren/Acrilați, Disodium EDTA, PEG-150 Distearat, Salicilat de Benzil, Extract de Semințe de Coffea Arabica (Cafea), Benzofenonă-4, Acid Citric, Limonen, Extract de Cymbopogon Schoenanthus, Extract de Chrysanthellum Indicum, Unt de Butyrospermum Parkii (Shea), Ulei de Lavandula Angustifolia (Lavandă), Ulei de Frunze de Rosmarinus Officinalis (Rozmarin). CRÈME DE LA CRÈME GEL DE DUȘ: Apă (Aqua, Eau), Lauril Eter Sulfat de Sodiu, Cocamidopropil Betaină, Clorură de Sodiu, Parfum (Fragrance), Fenoxietanol, Glicerină, Copolimer de Stiren/Acrilați, Ulei din Semințe de Macadamia Ternifolia, Disodium EDTA, PEG-150 Distearat, Salicilat de Benzil, Extract de Semințe de Coffea Arabica (Cafea), Benzofenonă-4, Acid Citric, Limonen, Extract de Cymbopogon Schoenanthus, Extract de Frunză de Aloe Barbadensis, Ulei de Sâmbure de Argania Spinosa. LOVELY SCRUBBLY EXFOLIANT DE CORP: Apă (Aqua, Eau), Lauril Eter Sulfat de Sodiu, Pulbere din Coajă de Carya Illinoinensis (Nuc Pecan), Cocamidopropil Betaină, Clorură de Sodiu, Parfum (Fragrance), Acrilați/C10-30 Alchil Acrilat Crosspolymer, Fenoxietanol, Ulei de Prunus Amygdalus Dulcis (Migdale Dulci), Glicerină, Trietanolamină, Copolimer de Stiren/Acrilați, Disodium EDTA, Unt de Butyrospermum Parkii (Shea), Extract de Semințe de Coffea Arabica (Cafea), Benzofenonă-4, Acetat de Tocoferil, Extract de Cymbopogon Schoenanthus, Salicilat de Benzil, Limonen, Citral. THE BIG SOFTIE UNT DE CORP: Apă (Aqua, Eau), Miristat de Izopropil, Stearat de Gliceril, Alcool Cetearilic, Glicerină, Ulei de Fruct de Olea Europaea (Măsline), Unt de Butyrospermum Parkii (Shea), Parfum (Fragrance), Unt din Semințe de Theobroma Cacao (Cacao), Fenoxietanol, Poliacrilat de Sodiu, Ulei de Prunus Amygdalus Dulcis (Migdale Dulci), Ulei de Cocos Nucifera (Cocos), Gumă Xantan, Pentenilen Glicol, Ulei de Sâmbure de Argania Spinosa, Disodium EDTA, Caprilil Glicol, Decilen Glicol, Acetat de Tocoferil, Salicilat de Benzil, Alcool Cinnamic, Geraniol, Cinnamal Hexilic, Hidroxicitronelal, Limonen, Linalool, Ionon Alfa-Izometilic. IN GOOD HANDS CREMĂ DE MÂINI: Apă (Aqua, Eau), Ulei de Cocos Nucifera (Cocos), Stearat de Gliceril, Alcool Cetearilic, Miristat de Izopropil, Parfum (Fragrance), Glicerină, Ulei din Semințe de Simmondsia Chinensis (Jojoba), Fenoxietanol, Poliacrilamidă, Laureth-7, Unt de Butyrospermum Parkii (Shea), Unt din Semințe de Theobroma Cacao (Cacao), Gumă Xantan, Disodium EDTA, Ulei de Sâmbure de Argania Spinosa, Allantoină, Alcool Cinnamic, Hidroxicitronelal, Salicilat de Benzil, Geraniol, Linalool, Cinnamal Hexilic, Limonen, Ionon Alfa-Izometilic.</p>",Nu ţineţi la îndemâna copiilor. Împotriva testării pe animale. Evitaţi contactul cu ochii. În caz de contact clătiți abundent cu apă. Nu este comestibil.,"Informatii privind identificarea producatorului, inclusiv datele de contact ale acestuia. Denumirea companiei: Brand Architekts Adresa Sediului: N8 Waldegrave Road, Teddington, London, TW11 8GT, UK Adresa email: info@brandarchitekts.com",Dirty Works
"Dirty Works, Talk to the Hand Set Duo Maini & Corp, 2x50ml","Păstrează pielea netedă folosind un set cremă mâini corp de format compact. Exfoliantul pe bază de sare și unt de corp elimină pielea aspră, oferind protecție imediată prin hidratare.",bb49d0_9b2d222d3cb24653a30e5b5d560835f6~mv2.jpg;bb49d0_1a9511a1c6e1417b9df4bd13c94263fc~mv2.jpg,Seturi Cadou;Seturi Baie&Corp;GIFTS;Seturi WOMEN;Seturi;Baie & Corp;Dirty Works,5060929655922,55,Aplică o mână de scrub pe pielea umedă și masează în mișcări circulare. Clătește și usucă pielea prin tamponare. Masează o cantitate mică de Cremă de Mâini după nevoie.,"<p>IN GOOD HANDS CREMĂ DE MÂINI: Apă (Aqua, Eau), Ulei de Cocos Nucifera (Cocos), Stearat de Gliceril, Alcool Cetearilic, Miristat de Izopropil, Parfum (Fragrance), Glicerină, Ulei din Semințe de Simmondsia Chinensis (Jojoba), Fenoxietanol, Poliacrilamidă, Laureth-7, Unt de Butyrospermum Parkii (Shea), Unt din Semințe de Theobroma Cacao (Cacao), Gumă Xantan, Disodium EDTA, Ulei de Sâmbure de Argania Spinosa, Allantoină, Alcool Cinnamic, Hidroxicitronelal, Salicilat de Benzil, Geraniol, Linalool, Cinnamal Hexilic, Limonen, Ionon Alfa-Izometilic. SMOOTH ON UP SCRUB DE SARE CREMOS: Apă (Aqua, Eau), Pulbere din Coajă de Prunus Amygdalus Dulcis (Migdale Dulci), Pulbere din Coajă de Carya Illinoinensis (Nuc Pecan), Stearat de Gliceril, Alcool Cetearilic, Miristat de Izopropil, Ulei de Fruct de Olea Europaea (Măsline), Dimeticonă, Parfum (Fragrance), Glicerină, Fenoxietanol, Unt de Butyrospermum Parkii (Shea), Ulei de Prunus Amygdalus Dulcis (Migdale Dulci), Clorfenesin, Poliacrilat de Sodiu, Gumă Xantan, Disodium EDTA, Extract de Semințe de Coffea Arabica (Cafea), Acetat de Tocoferil, Extract de Cymbopogon Schoenanthus, Sare de Mare (Maris Sal, Sel Marin), Salicilat de Benzil, Limonen.</p>",Nu ţineţi la îndemâna copiilor. Împotriva testării pe animale. Evitaţi contactul cu ochii. În caz de contact clătiți abundent cu apă. Nu este comestibil.,"Informatii privind identificarea producatorului, inclusiv datele de contact ale acestuia. Denumirea companiei: Brand Architekts Adresa Sediului: N8 Waldegrave Road, Teddington, London, TW11 8GT, UK Adresa email: info@brandarchitekts.com",Dirty Works
"Dirty Works, Keep Calm and Wash On Set Cadou","Detensionează-te complet cu un set gel de duș relaxant pentru hidratare și exfoliere intensivă. Curăță pielea corpulului și a mâinilor, calmând textura aspră și readucând catifelarea pielii.",bb49d0_0669f41ac5ff468b98b805632ef36a20~mv2.jpg;bb49d0_3ab6a0352d05418d9d4c96e76f75a9ea~mv2.jpg,Seturi Cadou;X-MAS;GIFTS;Seturi WOMEN;Baie & Corp;Dirty Works,5060929656240,138,"Masează Gelul de Duș cremos pe piele. Pentru zonele uscate, aplică Scrubul de Corp, apoi clătește. Usucă pielea prin tamponare înainte de a aplica Untul de Corp din cap până-n picioare. Masează o cantitate mică de Cremă de Mâini după nevoie.","<p>CRÈME DE LA CRÈME GEL DE DUȘ: Apă (Aqua, Eau), Lauril Eter Sulfat de Sodiu, Cocamidopropil Betaină, Clorură de Sodiu, Parfum (Fragrance), Fenoxietanol, Glicerină, Copolimer de Stiren/Acrilați, Ulei din Semințe de Macadamia Ternifolia, Disodium EDTA, PEG-150 Distearat, Salicilat de Benzil, Extract de Semințe de Coffea Arabica (Cafea), Benzofenonă-4, Acid Citric, Limonen, Extract de Cymbopogon Schoenanthus, Extract de Frunză de Aloe Barbadensis, Ulei de Sâmbure de Argania Spinosa. SMOOTH ON UP SCRUB DE SARE CREMOS: Apă (Aqua, Eau), Pulbere din Coajă de Prunus Amygdalus Dulcis (Migdale Dulci), Pulbere din Coajă de Carya Illinoinensis (Nuc Pecan), Stearat de Gliceril, Alcool Cetearilic, Miristat de Izopropil, Ulei de Fruct de Olea Europaea (Măsline), Dimeticonă, Parfum (Fragrance), Glicerină, Fenoxietanol, Unt de Butyrospermum Parkii (Shea), Ulei de Prunus Amygdalus Dulcis (Migdale Dulci), Clorfenesin, Poliacrilat de Sodiu, Gumă Xantan, Disodium EDTA, Extract de Semințe de Coffea Arabica (Cafea), Acetat de Tocoferil, Extract de Cymbopogon Schoenanthus, Sare de Mare (Maris Sal, Sel Marin), Salicilat de Benzil, Limonen. THE BIG SOFTIE UNT DE CORP: Apă (Aqua, Eau), Miristat de Izopropil, Stearat de Gliceril, Alcool Cetearilic, Glicerină, Ulei de Fruct de Olea Europaea (Măsline), Unt de Butyrospermum Parkii (Shea), Parfum (Fragrance), Unt din Semințe de Theobroma Cacao (Cacao), Fenoxietanol, Poliacrilat de Sodiu, Ulei de Prunus Amygdalus Dulcis (Migdale Dulci), Ulei de Cocos Nucifera (Cocos), Gumă Xantan, Pentenilen Glicol, Ulei de Sâmbure de Argania Spinosa, Disodium EDTA, Caprilil Glicol, Decilen Glicol, Acetat de Tocoferil, Salicilat de Benzil, Alcool Cinnamic, Geraniol, Cinnamal Hexilic, Hidroxicitronelal, Limonen, Linalool, Ionon Alfa-Izometilic. IN GOOD HANDS CREMĂ DE MÂINI: Apă (Aqua, Eau), Ulei de Cocos Nucifera (Cocos), Stearat de Gliceril, Alcool Cetearilic, Miristat de Izopropil, Parfum (Fragrance), Glicerină, Ulei din Semințe de Simmondsia Chinensis (Jojoba), Fenoxietanol, Poliacrilamidă, Laureth-7, Unt de Butyrospermum Parkii (Shea), Unt din Semințe de Theobroma Cacao (Cacao), Gumă Xantan, Disodium EDTA, Ulei de Sâmbure de Argania Spinosa, Allantoină, Alcool Cinnamic, Hidroxicitronelal, Salicilat de Benzil, Geraniol, Linalool, Cinnamal Hexilic, Limonen, Ionon Alfa-Izometilic.</p>",Nu ţineţi la îndemâna copiilor. Împotriva testării pe animale. Evitaţi contactul cu ochii. În caz de contact clătiți abundent cu apă. Nu este comestibil.,"Informatii privind identificarea producatorului, inclusiv datele de contact ale acestuia. Denumirea companiei: Brand Architekts Adresa Sediului: N8 Waldegrave Road, Teddington, London, TW11 8GT, UK Adresa email: info@brandarchitekts.com",Dirty Works
